 0.00000000e+00  0.00000000e+00  0.00000000e+00  0.00000000e+00  0.00000000e+00  0.00000000e+00  0.00000000e+00  6.93214321e-08  0.00000000e+00  5.98744930e-08 
 1.00000000e-09  0.00000000e+00  1.00000000e-09  0.00000000e+00  1.00000000e-09  0.00000000e+00  1.00000000e-09  6.93258779e-08  1.00000000e-09  5.98744254e-08 
 2.00000000e-09  0.00000000e+00  2.00000000e-09  0.00000000e+00  2.00000000e-09  0.00000000e+00  2.00000000e-09  6.93259108e-08  2.00000000e-09  5.98744919e-08 
 4.00000000e-09  0.00000000e+00  4.00000000e-09  0.00000000e+00  4.00000000e-09  0.00000000e+00  4.00000000e-09  6.93259076e-08  4.00000000e-09  5.98744947e-08 
 8.00000000e-09  0.00000000e+00  8.00000000e-09  0.00000000e+00  8.00000000e-09  0.00000000e+00  8.00000000e-09  6.93258980e-08  8.00000000e-09  5.98744913e-08 
 1.60000000e-08  0.00000000e+00  1.60000000e-08  0.00000000e+00  1.60000000e-08  0.00000000e+00  1.60000000e-08  6.93258832e-08  1.60000000e-08  5.98744948e-08 
 3.20000000e-08  0.00000000e+00  3.20000000e-08  0.00000000e+00  3.20000000e-08  0.00000000e+00  3.20000000e-08  6.93258490e-08  3.20000000e-08  5.98744916e-08 
 6.40000000e-08  0.00000000e+00  6.40000000e-08  0.00000000e+00  6.40000000e-08  0.00000000e+00  6.40000000e-08  6.93257859e-08  6.40000000e-08  5.98744950e-08 
 1.28000000e-07  0.00000000e+00  1.28000000e-07  0.00000000e+00  1.28000000e-07  0.00000000e+00  1.28000000e-07  6.93256579e-08  1.28000000e-07  5.98744916e-08 
 2.56000000e-07  0.00000000e+00  2.56000000e-07  0.00000000e+00  2.56000000e-07  0.00000000e+00  2.56000000e-07  6.93254176e-08  2.56000000e-07  5.98744948e-08 
 5.12000000e-07  0.00000000e+00  5.12000000e-07  0.00000000e+00  5.12000000e-07  0.00000000e+00  5.12000000e-07  6.93249739e-08  5.12000000e-07  5.98744913e-08 
 1.02400000e-06  0.00000000e+00  1.02400000e-06  0.00000000e+00  1.02400000e-06  0.00000000e+00  1.02400000e-06  6.93242329e-08  1.02400000e-06  5.98744947e-08 
 2.02400000e-06  0.00000000e+00  2.02400000e-06  0.00000000e+00  2.02400000e-06  0.00000000e+00  2.02400000e-06  6.93231975e-08  2.02400000e-06  5.98744912e-08 
 3.02400000e-06  0.00000000e+00  3.02400000e-06  0.00000000e+00  3.02400000e-06  0.00000000e+00  3.02400000e-06  6.93225567e-08  3.02400000e-06  5.98744946e-08 
 4.02400000e-06  0.00000000e+00  4.02400000e-06  0.00000000e+00  4.02400000e-06  0.00000000e+00  4.02400000e-06  6.93221561e-08  4.02400000e-06  5.98744913e-08 
 5.02400000e-06  0.00000000e+00  5.02400000e-06  0.00000000e+00  5.02400000e-06  0.00000000e+00  5.02400000e-06  6.93219088e-08  5.02400000e-06  5.98744946e-08 
 6.02400000e-06  0.00000000e+00  6.02400000e-06  0.00000000e+00  6.02400000e-06  0.00000000e+00  6.02400000e-06  6.93217521e-08  6.02400000e-06  5.98744914e-08 
 7.02400000e-06  0.00000000e+00  7.02400000e-06  0.00000000e+00  7.02400000e-06  0.00000000e+00  7.02400000e-06  6.93216565e-08  7.02400000e-06  5.98744947e-08 
 8.02400000e-06  0.00000000e+00  8.02400000e-06  0.00000000e+00  8.02400000e-06  0.00000000e+00  8.02400000e-06  6.93215941e-08  8.02400000e-06  5.98744912e-08 
 9.02400000e-06  0.00000000e+00  9.02400000e-06  0.00000000e+00  9.02400000e-06  0.00000000e+00  9.02400000e-06  6.93215571e-08  9.02400000e-06  5.98744947e-08 
 1.00240000e-05  0.00000000e+00  1.00240000e-05  0.00000000e+00  1.00240000e-05  0.00000000e+00  1.00240000e-05  6.93215311e-08  1.00240000e-05  5.98744915e-08 
 1.10240000e-05  0.00000000e+00  1.10240000e-05  0.00000000e+00  1.10240000e-05  0.00000000e+00  1.10240000e-05  6.93215166e-08  1.10240000e-05  5.98744948e-08 
 1.20240000e-05  0.00000000e+00  1.20240000e-05  0.00000000e+00  1.20240000e-05  0.00000000e+00  1.20240000e-05  6.93215049e-08  1.20240000e-05  5.98744912e-08 
 1.30240000e-05  0.00000000e+00  1.30240000e-05  0.00000000e+00  1.30240000e-05  0.00000000e+00  1.30240000e-05  6.93214996e-08  1.30240000e-05  5.98744948e-08 
 1.40240000e-05  0.00000000e+00  1.40240000e-05  0.00000000e+00  1.40240000e-05  0.00000000e+00  1.40240000e-05  6.93214933e-08  1.40240000e-05  5.98744913e-08 
 1.50240000e-05  0.00000000e+00  1.50240000e-05  0.00000000e+00  1.50240000e-05  0.00000000e+00  1.50240000e-05  6.93214918e-08  1.50240000e-05  5.98744946e-08 
 1.60240000e-05  0.00000000e+00  1.60240000e-05  0.00000000e+00  1.60240000e-05  0.00000000e+00  1.60240000e-05  6.93214879e-08  1.60240000e-05  5.98744913e-08 
 1.70240000e-05  0.00000000e+00  1.70240000e-05  0.00000000e+00  1.70240000e-05  0.00000000e+00  1.70240000e-05  6.93214874e-08  1.70240000e-05  5.98744946e-08 
 1.80240000e-05  0.00000000e+00  1.80240000e-05  0.00000000e+00  1.80240000e-05  0.00000000e+00  1.80240000e-05  6.93214845e-08  1.80240000e-05  5.98744913e-08 
 1.90240000e-05  0.00000000e+00  1.90240000e-05  0.00000000e+00  1.90240000e-05  0.00000000e+00  1.90240000e-05  6.93214849e-08  1.90240000e-05  5.98744946e-08 
 2.00000000e-05  0.00000000e+00  2.00000000e-05  0.00000000e+00  2.00000000e-05  0.00000000e+00  2.00000000e-05  6.93214827e-08  2.00000000e-05  5.98744914e-08 
 2.00010000e-05  0.00000000e+00  2.00010000e-05  0.00000000e+00  2.00010000e-05  1.20000000e-01  2.00010000e-05  4.44394484e-06  2.00010000e-05  5.98812520e-08 
 2.00030000e-05  0.00000000e+00  2.00030000e-05  0.00000000e+00  2.00030000e-05  3.60000000e-01  2.00030000e-05 -9.13466861e-07  2.00030000e-05  5.98459403e-08 
 2.00065000e-05  0.00000000e+00  2.00065000e-05  0.00000000e+00  2.00065000e-05  7.80000000e-01  2.00065000e-05 -6.49499183e-06  2.00065000e-05  5.99174019e-08 
 2.00100000e-05  0.00000000e+00  2.00100000e-05  0.00000000e+00  2.00100000e-05  1.20000000e+00  2.00100000e-05  6.55739940e-06  2.00100000e-05  5.98266681e-08 
 2.00107000e-05  0.00000000e+00  2.00107000e-05  0.00000000e+00  2.00107000e-05  1.20000000e+00  2.00107000e-05  4.27418702e-08  2.00107000e-05  5.98517697e-08 
 2.00121000e-05  0.00000000e+00  2.00121000e-05  0.00000000e+00  2.00121000e-05  1.20000000e+00  2.00121000e-05  9.06988503e-08  2.00121000e-05  5.99384562e-08 
 2.00149000e-05  0.00000000e+00  2.00149000e-05  0.00000000e+00  2.00149000e-05  1.20000000e+00  2.00149000e-05  5.02771197e-08  2.00149000e-05  5.97899074e-08 
 2.00205000e-05  0.00000000e+00  2.00205000e-05  0.00000000e+00  2.00205000e-05  1.20000000e+00  2.00205000e-05  8.72563476e-08  2.00205000e-05  5.99693749e-08 
 2.00317000e-05  0.00000000e+00  2.00317000e-05  0.00000000e+00  2.00317000e-05  1.20000000e+00  2.00317000e-05  5.19273065e-08  2.00317000e-05  5.97744682e-08 
 2.00541000e-05  0.00000000e+00  2.00541000e-05  0.00000000e+00  2.00541000e-05  1.20000000e+00  2.00541000e-05  8.64483752e-08  2.00541000e-05  5.99770877e-08 
 2.00989000e-05  0.00000000e+00  2.00989000e-05  0.00000000e+00  2.00989000e-05  1.20000000e+00  2.00989000e-05  5.23270916e-08  2.00989000e-05  5.97706138e-08 
 2.01885000e-05  0.00000000e+00  2.01885000e-05  0.00000000e+00  2.01885000e-05  1.20000000e+00  2.01885000e-05  8.62495235e-08  2.01885000e-05  5.99790145e-08 
 2.03677000e-05  0.00000000e+00  2.03677000e-05  0.00000000e+00  2.03677000e-05  1.20000000e+00  2.03677000e-05  5.24262583e-08  2.03677000e-05  5.97696506e-08 
 2.07261000e-05  0.00000000e+00  2.07261000e-05  0.00000000e+00  2.07261000e-05  1.20000000e+00  2.07261000e-05  8.62000049e-08  2.07261000e-05  5.99794961e-08 
 2.14429000e-05  0.00000000e+00  2.14429000e-05  0.00000000e+00  2.14429000e-05  1.20000000e+00  2.14429000e-05  5.24510015e-08  2.14429000e-05  5.97694097e-08 
 2.24429000e-05  0.00000000e+00  2.24429000e-05  0.00000000e+00  2.24429000e-05  1.20000000e+00  2.24429000e-05  8.61858501e-08  2.24429000e-05  5.99796339e-08 
 2.34429000e-05  0.00000000e+00  2.34429000e-05  0.00000000e+00  2.34429000e-05  1.20000000e+00  2.34429000e-05  5.24628188e-08  2.34429000e-05  5.97692947e-08 
 2.44429000e-05  0.00000000e+00  2.44429000e-05  0.00000000e+00  2.44429000e-05  1.20000000e+00  2.44429000e-05  8.61740348e-08  2.44429000e-05  5.99797490e-08 
 2.54429000e-05  0.00000000e+00  2.54429000e-05  0.00000000e+00  2.54429000e-05  1.20000000e+00  2.54429000e-05  5.24746314e-08  2.54429000e-05  5.97691796e-08 
 2.64429000e-05  0.00000000e+00  2.64429000e-05  0.00000000e+00  2.64429000e-05  1.20000000e+00  2.64429000e-05  8.61622244e-08  2.64429000e-05  5.99798639e-08 
 2.74429000e-05  0.00000000e+00  2.74429000e-05  0.00000000e+00  2.74429000e-05  1.20000000e+00  2.74429000e-05  5.24864398e-08  2.74429000e-05  5.97690646e-08 
 2.84429000e-05  0.00000000e+00  2.84429000e-05  0.00000000e+00  2.84429000e-05  1.20000000e+00  2.84429000e-05  8.61504182e-08  2.84429000e-05  5.99799788e-08 
 2.94429000e-05  0.00000000e+00  2.94429000e-05  0.00000000e+00  2.94429000e-05  1.20000000e+00  2.94429000e-05  5.24982438e-08  2.94429000e-05  5.97689495e-08 
 3.04429000e-05  0.00000000e+00  3.04429000e-05  0.00000000e+00  3.04429000e-05  1.20000000e+00  3.04429000e-05  8.61386166e-08  3.04429000e-05  5.99800939e-08 
 3.14429000e-05  0.00000000e+00  3.14429000e-05  0.00000000e+00  3.14429000e-05  1.20000000e+00  3.14429000e-05  5.25100431e-08  3.14429000e-05  5.97688345e-08 
 3.24429000e-05  0.00000000e+00  3.24429000e-05  0.00000000e+00  3.24429000e-05  1.20000000e+00  3.24429000e-05  8.61268192e-08  3.24429000e-05  5.99802090e-08 
 3.34429000e-05  0.00000000e+00  3.34429000e-05  0.00000000e+00  3.34429000e-05  1.20000000e+00  3.34429000e-05  5.25218382e-08  3.34429000e-05  5.97687195e-08 
 3.44429000e-05  0.00000000e+00  3.44429000e-05  0.00000000e+00  3.44429000e-05  1.20000000e+00  3.44429000e-05  8.61150264e-08  3.44429000e-05  5.99803242e-08 
 3.54429000e-05  0.00000000e+00  3.54429000e-05  0.00000000e+00  3.54429000e-05  1.20000000e+00  3.54429000e-05  5.25336289e-08  3.54429000e-05  5.97686042e-08 
 3.64429000e-05  0.00000000e+00  3.64429000e-05  0.00000000e+00  3.64429000e-05  1.20000000e+00  3.64429000e-05  8.61032378e-08  3.64429000e-05  5.99804390e-08 
 3.74429000e-05  0.00000000e+00  3.74429000e-05  0.00000000e+00  3.74429000e-05  1.20000000e+00  3.74429000e-05  5.25454151e-08  3.74429000e-05  5.97684894e-08 
 3.84429000e-05  0.00000000e+00  3.84429000e-05  0.00000000e+00  3.84429000e-05  1.20000000e+00  3.84429000e-05  8.60914536e-08  3.84429000e-05  5.99805542e-08 
 3.94429000e-05  0.00000000e+00  3.94429000e-05  0.00000000e+00  3.94429000e-05  1.20000000e+00  3.94429000e-05  5.25571972e-08  3.94429000e-05  5.97683743e-08 
 4.04429000e-05  0.00000000e+00  4.04429000e-05  0.00000000e+00  4.04429000e-05  1.20000000e+00  4.04429000e-05  8.60796740e-08  4.04429000e-05  5.99806691e-08 
 4.14429000e-05  0.00000000e+00  4.14429000e-05  0.00000000e+00  4.14429000e-05  1.20000000e+00  4.14429000e-05  5.25689743e-08  4.14429000e-05  5.97682593e-08 
 4.24429000e-05  0.00000000e+00  4.24429000e-05  0.00000000e+00  4.24429000e-05  1.20000000e+00  4.24429000e-05  8.60678989e-08  4.24429000e-05  5.99807842e-08 
 4.34429000e-05  0.00000000e+00  4.34429000e-05  0.00000000e+00  4.34429000e-05  1.20000000e+00  4.34429000e-05  5.25807475e-08  4.34429000e-05  5.97681443e-08 
 4.44429000e-05  0.00000000e+00  4.44429000e-05  0.00000000e+00  4.44429000e-05  1.20000000e+00  4.44429000e-05  8.60561279e-08  4.44429000e-05  5.99808993e-08 
 4.54429000e-05  0.00000000e+00  4.54429000e-05  0.00000000e+00  4.54429000e-05  1.20000000e+00  4.54429000e-05  5.25925161e-08  4.54429000e-05  5.97680292e-08 
 4.64429000e-05  0.00000000e+00  4.64429000e-05  0.00000000e+00  4.64429000e-05  1.20000000e+00  4.64429000e-05  8.60443615e-08  4.64429000e-05  5.99810144e-08 
 4.74429000e-05  0.00000000e+00  4.74429000e-05  0.00000000e+00  4.74429000e-05  1.20000000e+00  4.74429000e-05  5.26042804e-08  4.74429000e-05  5.97679142e-08 
 4.84429000e-05  0.00000000e+00  4.84429000e-05  0.00000000e+00  4.84429000e-05  1.20000000e+00  4.84429000e-05  8.60325993e-08  4.84429000e-05  5.99811293e-08 
 4.92214500e-05  0.00000000e+00  4.92214500e-05  0.00000000e+00  4.92214500e-05  1.20000000e+00  4.92214500e-05  5.26177125e-08  4.92214500e-05  5.97677828e-08 
 5.00000000e-05  0.00000000e+00  5.00000000e-05  0.00000000e+00  5.00000000e-05  1.20000000e+00  5.00000000e-05  8.60174983e-08  5.00000000e-05  5.99812770e-08 
 5.00001000e-05  1.20000000e-01  5.00001000e-05  0.00000000e+00  5.00001000e-05  1.20000000e+00  5.00001000e-05  2.52366885e-07  5.00001000e-05  5.99687635e-08 
 5.00003000e-05  3.60000000e-01  5.00003000e-05  0.00000000e+00  5.00003000e-05  1.20000000e+00  5.00003000e-05 -2.98497556e-07  5.00003000e-05  5.87039737e-08 
 5.00006500e-05  7.80000000e-01  5.00006500e-05  0.00000000e+00  5.00006500e-05  1.20000000e+00  5.00006500e-05  4.23126214e-06  5.00006500e-05  6.44185967e-08 
 5.00010000e-05  1.20000000e+00  5.00010000e-05  0.00000000e+00  5.00010000e-05  1.20000000e+00  5.00010000e-05 -1.33326777e-05  5.00010000e-05  4.09661743e-08 
 5.00010404e-05  1.20000000e+00  5.00010404e-05  0.00000000e+00  5.00010404e-05  1.20000000e+00  5.00010404e-05  1.89535566e-05  5.00010404e-05  2.46656284e-07 
 5.00011211e-05  1.20000000e+00  5.00011211e-05  0.00000000e+00  5.00011211e-05  1.20000000e+00  5.00011211e-05 -8.89585838e-06  5.00011211e-05 -3.32234394e-07 
 5.00012826e-05  1.20000000e+00  5.00012826e-05  0.00000000e+00  5.00012826e-05  1.20000000e+00  5.00012826e-05  4.33788667e-06  5.00012826e-05  4.82480292e-07 
 5.00016057e-05  1.20000000e+00  5.00016057e-05  0.00000000e+00  5.00016057e-05  1.20000000e+00  5.00016057e-05 -2.21676986e-06  5.00016057e-05 -3.52048908e-07 
 5.00022517e-05  1.20000000e+00  5.00022517e-05  0.00000000e+00  5.00022517e-05  1.20000000e+00  5.00022517e-05  1.46271760e-06  5.00022517e-05  4.61473005e-07 
 5.00035438e-05  1.20000000e+00  5.00035438e-05  0.00000000e+00  5.00035438e-05  1.20000000e+00  5.00035438e-05 -9.01636427e-07  5.00035438e-05 -3.35501617e-07 
 5.00061279e-05  1.20000000e+00  5.00061279e-05  0.00000000e+00  5.00061279e-05  1.20000000e+00  5.00061279e-05  8.35304192e-07  5.00061279e-05  4.51900373e-07 
 5.00112962e-05  1.20000000e+00  5.00112962e-05  0.00000000e+00  5.00112962e-05  1.20000000e+00  5.00112962e-05 -5.95476781e-07  5.00112962e-05 -3.30415605e-07 
 5.00216328e-05  1.20000000e+00  5.00216328e-05  0.00000000e+00  5.00216328e-05  1.20000000e+00  5.00216328e-05  6.84059714e-07  5.00216328e-05  4.49285603e-07 
 5.00423059e-05  1.20000000e+00  5.00423059e-05  0.00000000e+00  5.00423059e-05  1.20000000e+00  5.00423059e-05 -5.20331181e-07  5.00423059e-05 -3.29090612e-07 
 5.00836522e-05  1.20000000e+00  5.00836522e-05  0.00000000e+00  5.00836522e-05  1.20000000e+00  5.00836522e-05  6.46596359e-07  5.00836522e-05  4.48618773e-07 
 5.01663447e-05  1.20000000e+00  5.01663447e-05  0.00000000e+00  5.01663447e-05  1.20000000e+00  5.01663447e-05 -5.01631557e-07  5.01663447e-05 -3.28756109e-07 
 5.03317298e-05  1.20000000e+00  5.03317298e-05  0.00000000e+00  5.03317298e-05  1.20000000e+00  5.03317298e-05  6.37252207e-07  5.03317298e-05  4.48451256e-07 
 5.06624999e-05  1.20000000e+00  5.06624999e-05  0.00000000e+00  5.06624999e-05  1.20000000e+00  5.06624999e-05 -4.96962069e-07  5.06624999e-05 -3.28672281e-07 
 5.13240403e-05  1.20000000e+00  5.13240403e-05  0.00000000e+00  5.13240403e-05  1.20000000e+00  5.13240403e-05  6.34917523e-07  5.13240403e-05  4.48409326e-07 
 5.23240403e-05  1.20000000e+00  5.23240403e-05  0.00000000e+00  5.23240403e-05  1.20000000e+00  5.23240403e-05 -4.95669362e-07  5.23240403e-05 -3.28649053e-07 
 5.33240403e-05  1.20000000e+00  5.33240403e-05  0.00000000e+00  5.33240403e-05  1.20000000e+00  5.33240403e-05  6.33888037e-07  5.33240403e-05  4.48390827e-07 
 5.43240403e-05  1.20000000e+00  5.43240403e-05  0.00000000e+00  5.43240403e-05  1.20000000e+00  5.43240403e-05 -4.94640101e-07  5.43240403e-05 -3.28630551e-07 
 5.53240403e-05  1.20000000e+00  5.53240403e-05  0.00000000e+00  5.53240403e-05  1.20000000e+00  5.53240403e-05  6.32858657e-07  5.53240403e-05  4.48372324e-07 
 5.63240403e-05  1.20000000e+00  5.63240403e-05  0.00000000e+00  5.63240403e-05  1.20000000e+00  5.63240403e-05 -4.93610945e-07  5.63240403e-05 -3.28612047e-07 
 5.73240403e-05  1.20000000e+00  5.73240403e-05  0.00000000e+00  5.73240403e-05  1.20000000e+00  5.73240403e-05  6.31829381e-07  5.73240403e-05  4.48353818e-07 
 5.83240403e-05  1.20000000e+00  5.83240403e-05  0.00000000e+00  5.83240403e-05  1.20000000e+00  5.83240403e-05 -4.92581895e-07  5.83240403e-05 -3.28593538e-07 
 5.93240403e-05  1.20000000e+00  5.93240403e-05  0.00000000e+00  5.93240403e-05  1.20000000e+00  5.93240403e-05  6.30800211e-07  5.93240403e-05  4.48335308e-07 
 6.03240403e-05  1.20000000e+00  6.03240403e-05  0.00000000e+00  6.03240403e-05  1.20000000e+00  6.03240403e-05 -4.91552950e-07  6.03240403e-05 -3.28575025e-07 
 6.13240403e-05  1.20000000e+00  6.13240403e-05  0.00000000e+00  6.13240403e-05  1.20000000e+00  6.13240403e-05  6.29771147e-07  6.13240403e-05  4.48316793e-07 
 6.23240403e-05  1.20000000e+00  6.23240403e-05  0.00000000e+00  6.23240403e-05  1.20000000e+00  6.23240403e-05 -4.90524110e-07  6.23240403e-05 -3.28556508e-07 
 6.33240403e-05  1.20000000e+00  6.33240403e-05  0.00000000e+00  6.33240403e-05  1.20000000e+00  6.33240403e-05  6.28742188e-07  6.33240403e-05  4.48298275e-07 
 6.43240403e-05  1.20000000e+00  6.43240403e-05  0.00000000e+00  6.43240403e-05  1.20000000e+00  6.43240403e-05 -4.89495375e-07  6.43240403e-05 -3.28537988e-07 
 6.53240403e-05  1.20000000e+00  6.53240403e-05  0.00000000e+00  6.53240403e-05  1.20000000e+00  6.53240403e-05  6.27713334e-07  6.53240403e-05  4.48279753e-07 
 6.63240403e-05  1.20000000e+00  6.63240403e-05  0.00000000e+00  6.63240403e-05  1.20000000e+00  6.63240403e-05 -4.88466746e-07  6.63240403e-05 -3.28519463e-07 
 6.73240403e-05  1.20000000e+00  6.73240403e-05  0.00000000e+00  6.73240403e-05  1.20000000e+00  6.73240403e-05  6.26684586e-07  6.73240403e-05  4.48261227e-07 
 6.83240403e-05  1.20000000e+00  6.83240403e-05  0.00000000e+00  6.83240403e-05  1.20000000e+00  6.83240403e-05 -4.87438222e-07  6.83240403e-05 -3.28500935e-07 
 6.93240403e-05  1.20000000e+00  6.93240403e-05  0.00000000e+00  6.93240403e-05  1.20000000e+00  6.93240403e-05  6.25655943e-07  6.93240403e-05  4.48242697e-07 
 7.03240403e-05  1.20000000e+00  7.03240403e-05  0.00000000e+00  7.03240403e-05  1.20000000e+00  7.03240403e-05 -4.86409804e-07  7.03240403e-05 -3.28482403e-07 
 7.13240403e-05  1.20000000e+00  7.13240403e-05  0.00000000e+00  7.13240403e-05  1.20000000e+00  7.13240403e-05  6.24627405e-07  7.13240403e-05  4.48224163e-07 
 7.23240403e-05  1.20000000e+00  7.23240403e-05  0.00000000e+00  7.23240403e-05  1.20000000e+00  7.23240403e-05 -4.85381490e-07  7.23240403e-05 -3.28463867e-07 
 7.33240403e-05  1.20000000e+00  7.33240403e-05  0.00000000e+00  7.33240403e-05  1.20000000e+00  7.33240403e-05  6.23598973e-07  7.33240403e-05  4.48205625e-07 
 7.43240403e-05  1.20000000e+00  7.43240403e-05  0.00000000e+00  7.43240403e-05  1.20000000e+00  7.43240403e-05 -4.84353282e-07  7.43240403e-05 -3.28445326e-07 
 7.53240403e-05  1.20000000e+00  7.53240403e-05  0.00000000e+00  7.53240403e-05  1.20000000e+00  7.53240403e-05  6.22570646e-07  7.53240403e-05  4.48187084e-07 
 7.63240403e-05  1.20000000e+00  7.63240403e-05  0.00000000e+00  7.63240403e-05  1.20000000e+00  7.63240403e-05 -4.83325180e-07  7.63240403e-05 -3.28426782e-07 
 7.73240403e-05  1.20000000e+00  7.73240403e-05  0.00000000e+00  7.73240403e-05  1.20000000e+00  7.73240403e-05  6.21542424e-07  7.73240403e-05  4.48168538e-07 
 7.83240403e-05  1.20000000e+00  7.83240403e-05  0.00000000e+00  7.83240403e-05  1.20000000e+00  7.83240403e-05 -4.82297182e-07  7.83240403e-05 -3.28408234e-07 
 7.93240403e-05  1.20000000e+00  7.93240403e-05  0.00000000e+00  7.93240403e-05  1.20000000e+00  7.93240403e-05  6.20514308e-07  7.93240403e-05  4.48149988e-07 
 8.03240403e-05  1.20000000e+00  8.03240403e-05  0.00000000e+00  8.03240403e-05  1.20000000e+00  8.03240403e-05 -4.81269290e-07  8.03240403e-05 -3.28389682e-07 
 8.13240403e-05  1.20000000e+00  8.13240403e-05  0.00000000e+00  8.13240403e-05  1.20000000e+00  8.13240403e-05  6.19486297e-07  8.13240403e-05  4.48131435e-07 
 8.23240403e-05  1.20000000e+00  8.23240403e-05  0.00000000e+00  8.23240403e-05  1.20000000e+00  8.23240403e-05 -4.80241503e-07  8.23240403e-05 -3.28371127e-07 
 8.33240403e-05  1.20000000e+00  8.33240403e-05  0.00000000e+00  8.33240403e-05  1.20000000e+00  8.33240403e-05  6.18458391e-07  8.33240403e-05  4.48112877e-07 
 8.43240403e-05  1.20000000e+00  8.43240403e-05  0.00000000e+00  8.43240403e-05  1.20000000e+00  8.43240403e-05 -4.79213822e-07  8.43240403e-05 -3.28352567e-07 
 8.53240403e-05  1.20000000e+00  8.53240403e-05  0.00000000e+00  8.53240403e-05  1.20000000e+00  8.53240403e-05  6.17430591e-07  8.53240403e-05  4.48094316e-07 
 8.63240403e-05  1.20000000e+00  8.63240403e-05  0.00000000e+00  8.63240403e-05  1.20000000e+00  8.63240403e-05 -4.78186246e-07  8.63240403e-05 -3.28334003e-07 
 8.73240403e-05  1.20000000e+00  8.73240403e-05  0.00000000e+00  8.73240403e-05  1.20000000e+00  8.73240403e-05  6.16402896e-07  8.73240403e-05  4.48075751e-07 
 8.83240403e-05  1.20000000e+00  8.83240403e-05  0.00000000e+00  8.83240403e-05  1.20000000e+00  8.83240403e-05 -4.77158775e-07  8.83240403e-05 -3.28315436e-07 
 8.93240403e-05  1.20000000e+00  8.93240403e-05  0.00000000e+00  8.93240403e-05  1.20000000e+00  8.93240403e-05  6.15375306e-07  8.93240403e-05  4.48057182e-07 
 9.03240403e-05  1.20000000e+00  9.03240403e-05  0.00000000e+00  9.03240403e-05  1.20000000e+00  9.03240403e-05 -4.76131409e-07  9.03240403e-05 -3.28296864e-07 
 9.13240403e-05  1.20000000e+00  9.13240403e-05  0.00000000e+00  9.13240403e-05  1.20000000e+00  9.13240403e-05  6.14347822e-07  9.13240403e-05  4.48038609e-07 
 9.23240403e-05  1.20000000e+00  9.23240403e-05  0.00000000e+00  9.23240403e-05  1.20000000e+00  9.23240403e-05 -4.75104148e-07  9.23240403e-05 -3.28278289e-07 
 9.33240403e-05  1.20000000e+00  9.33240403e-05  0.00000000e+00  9.33240403e-05  1.20000000e+00  9.33240403e-05  6.13320443e-07  9.33240403e-05  4.48020032e-07 
 9.43240403e-05  1.20000000e+00  9.43240403e-05  0.00000000e+00  9.43240403e-05  1.20000000e+00  9.43240403e-05 -4.74076993e-07  9.43240403e-05 -3.28259710e-07 
 9.53240403e-05  1.20000000e+00  9.53240403e-05  0.00000000e+00  9.53240403e-05  1.20000000e+00  9.53240403e-05  6.12293168e-07  9.53240403e-05  4.48001451e-07 
 9.63240403e-05  1.20000000e+00  9.63240403e-05  0.00000000e+00  9.63240403e-05  1.20000000e+00  9.63240403e-05 -4.73049943e-07  9.63240403e-05 -3.28241127e-07 
 9.73240403e-05  1.20000000e+00  9.73240403e-05  0.00000000e+00  9.73240403e-05  1.20000000e+00  9.73240403e-05  6.11266000e-07  9.73240403e-05  4.47982867e-07 
 9.83240403e-05  1.20000000e+00  9.83240403e-05  0.00000000e+00  9.83240403e-05  1.20000000e+00  9.83240403e-05 -4.72022999e-07  9.83240403e-05 -3.28222540e-07 
 9.91625201e-05  1.20000000e+00  9.91625201e-05  0.00000000e+00  9.91625201e-05  1.20000000e+00  9.91625201e-05  6.10140019e-07  9.91625201e-05  4.47962487e-07 
 1.00001000e-04  1.20000000e+00  1.00001000e-04  0.00000000e+00  1.00001000e-04  1.20000000e+00  1.00001000e-04 -4.70798367e-07  1.00001000e-04 -3.28200367e-07 
 1.00001100e-04  1.08000000e+00  1.00001100e-04  0.00000000e+00  1.00001100e-04  1.20000000e+00  1.00001100e-04 -1.09767691e-06  1.00001100e-04  3.18135719e-08 
 1.00001300e-04  8.40000000e-01  1.00001300e-04  0.00000000e+00  1.00001300e-04  1.20000000e+00  1.00001300e-04  1.00687308e-06  1.00001300e-04  9.54057868e-08 
 1.00001650e-04  4.20000000e-01  1.00001650e-04  0.00000000e+00  1.00001650e-04  1.20000000e+00  1.00001650e-04 -7.70530976e-06  1.00001650e-04  2.11798890e-08 
 1.00002000e-04  0.00000000e+00  1.00002000e-04  0.00000000e+00  1.00002000e-04  1.20000000e+00  1.00002000e-04  2.53600721e-05  1.00002000e-04  1.08127976e-07 
 1.00002039e-04  0.00000000e+00  1.00002039e-04  0.00000000e+00  1.00002039e-04  1.20000000e+00  1.00002039e-04 -3.12702773e-05  1.00002039e-04 -2.40141524e-07 
 1.00002116e-04  0.00000000e+00  1.00002116e-04  0.00000000e+00  1.00002116e-04  1.20000000e+00  1.00002116e-04  1.16350745e-05  1.00002116e-04  9.07321131e-07 
 1.00002271e-04  0.00000000e+00  1.00002271e-04  0.00000000e+00  1.00002271e-04  1.20000000e+00  1.00002271e-04 -7.93258413e-06  1.00002271e-04 -1.01316124e-06 
 1.00002580e-04  0.00000000e+00  1.00002580e-04  0.00000000e+00  1.00002580e-04  1.20000000e+00  1.00002580e-04  6.02148509e-06  1.00002580e-04  1.20435605e-06 
 1.00003199e-04  0.00000000e+00  1.00003199e-04  0.00000000e+00  1.00003199e-04  1.20000000e+00  1.00003199e-04 -4.85748340e-06  1.00003199e-04 -1.11123430e-06 
 1.00004436e-04  0.00000000e+00  1.00004436e-04  0.00000000e+00  1.00004436e-04  1.20000000e+00  1.00004436e-04  4.48985932e-06  1.00004436e-04  1.24215155e-06 
 1.00006910e-04  0.00000000e+00  1.00006910e-04  0.00000000e+00  1.00006910e-04  1.20000000e+00  1.00006910e-04 -4.09835752e-06  1.00006910e-04 -1.12749187e-06 
 1.00011859e-04  0.00000000e+00  1.00011859e-04  0.00000000e+00  1.00011859e-04  1.20000000e+00  1.00011859e-04  4.11234834e-06  1.00011859e-04  1.24964310e-06 
 1.00021757e-04  0.00000000e+00  1.00021757e-04  0.00000000e+00  1.00021757e-04  1.20000000e+00  1.00021757e-04 -3.91022409e-06  1.00021757e-04 -1.13108039e-06 
 1.00041554e-04  0.00000000e+00  1.00041554e-04  0.00000000e+00  1.00041554e-04  1.20000000e+00  1.00041554e-04  4.01841650e-06  1.00041554e-04  1.25139869e-06 
 1.00081146e-04  0.00000000e+00  1.00081146e-04  0.00000000e+00  1.00081146e-04  1.20000000e+00  1.00081146e-04 -3.86330605e-06  1.00081146e-04 -1.13194840e-06 
 1.00160330e-04  0.00000000e+00  1.00160330e-04  0.00000000e+00  1.00160330e-04  1.20000000e+00  1.00160330e-04  3.99496290e-06  1.00160330e-04  1.25183033e-06 
 1.00318699e-04  0.00000000e+00  1.00318699e-04  0.00000000e+00  1.00318699e-04  1.20000000e+00  1.00318699e-04 -3.85158394e-06  1.00318699e-04 -1.13216359e-06 
 1.00635437e-04  0.00000000e+00  1.00635437e-04  0.00000000e+00  1.00635437e-04  1.20000000e+00  1.00635437e-04  3.98910136e-06  1.00635437e-04  1.25193779e-06 
 1.01268913e-04  0.00000000e+00  1.01268913e-04  0.00000000e+00  1.01268913e-04  1.20000000e+00  1.01268913e-04 -3.84865388e-06  1.01268913e-04 -1.13221728e-06 
 1.02268913e-04  0.00000000e+00  1.02268913e-04  0.00000000e+00  1.02268913e-04  1.20000000e+00  1.02268913e-04  3.98750571e-06  1.02268913e-04  1.25196702e-06 
 1.03268913e-04  0.00000000e+00  1.03268913e-04  0.00000000e+00  1.03268913e-04  1.20000000e+00  1.03268913e-04 -3.84741652e-06  1.03268913e-04 -1.13223994e-06 
 1.04268913e-04  0.00000000e+00  1.04268913e-04  0.00000000e+00  1.04268913e-04  1.20000000e+00  1.04268913e-04  3.98626813e-06  1.04268913e-04  1.25198967e-06 
 1.05268913e-04  0.00000000e+00  1.05268913e-04  0.00000000e+00  1.05268913e-04  1.20000000e+00  1.05268913e-04 -3.84617919e-06  1.05268913e-04 -1.13226259e-06 
 1.06268913e-04  0.00000000e+00  1.06268913e-04  0.00000000e+00  1.06268913e-04  1.20000000e+00  1.06268913e-04  3.98503058e-06  1.06268913e-04  1.25201232e-06 
 1.07268913e-04  0.00000000e+00  1.07268913e-04  0.00000000e+00  1.07268913e-04  1.20000000e+00  1.07268913e-04 -3.84494189e-06  1.07268913e-04 -1.13228523e-06 
 1.08268913e-04  0.00000000e+00  1.08268913e-04  0.00000000e+00  1.08268913e-04  1.20000000e+00  1.08268913e-04  3.98379307e-06  1.08268913e-04  1.25203496e-06 
 1.09268913e-04  0.00000000e+00  1.09268913e-04  0.00000000e+00  1.09268913e-04  1.20000000e+00  1.09268913e-04 -3.84370463e-06  1.09268913e-04 -1.13230786e-06 
 1.10268913e-04  0.00000000e+00  1.10268913e-04  0.00000000e+00  1.10268913e-04  1.20000000e+00  1.10268913e-04  3.98255560e-06  1.10268913e-04  1.25205760e-06 
 1.11268913e-04  0.00000000e+00  1.11268913e-04  0.00000000e+00  1.11268913e-04  1.20000000e+00  1.11268913e-04 -3.84246741e-06  1.11268913e-04 -1.13233049e-06 
 1.12268913e-04  0.00000000e+00  1.12268913e-04  0.00000000e+00  1.12268913e-04  1.20000000e+00  1.12268913e-04  3.98131815e-06  1.12268913e-04  1.25208022e-06 
 1.13268913e-04  0.00000000e+00  1.13268913e-04  0.00000000e+00  1.13268913e-04  1.20000000e+00  1.13268913e-04 -3.84123021e-06  1.13268913e-04 -1.13235311e-06 
 1.14268913e-04  0.00000000e+00  1.14268913e-04  0.00000000e+00  1.14268913e-04  1.20000000e+00  1.14268913e-04  3.98008074e-06  1.14268913e-04  1.25210284e-06 
 1.15268913e-04  0.00000000e+00  1.15268913e-04  0.00000000e+00  1.15268913e-04  1.20000000e+00  1.15268913e-04 -3.83999305e-06  1.15268913e-04 -1.13237572e-06 
 1.16268913e-04  0.00000000e+00  1.16268913e-04  0.00000000e+00  1.16268913e-04  1.20000000e+00  1.16268913e-04  3.97884336e-06  1.16268913e-04  1.25212545e-06 
 1.17268913e-04  0.00000000e+00  1.17268913e-04  0.00000000e+00  1.17268913e-04  1.20000000e+00  1.17268913e-04 -3.83875593e-06  1.17268913e-04 -1.13239832e-06 
 1.18268913e-04  0.00000000e+00  1.18268913e-04  0.00000000e+00  1.18268913e-04  1.20000000e+00  1.18268913e-04  3.97760602e-06  1.18268913e-04  1.25214805e-06 
 1.19268913e-04  0.00000000e+00  1.19268913e-04  0.00000000e+00  1.19268913e-04  1.20000000e+00  1.19268913e-04 -3.83751883e-06  1.19268913e-04 -1.13242092e-06 
 1.20268913e-04  0.00000000e+00  1.20268913e-04  0.00000000e+00  1.20268913e-04  1.20000000e+00  1.20268913e-04  3.97636871e-06  1.20268913e-04  1.25217064e-06 
 1.21268913e-04  0.00000000e+00  1.21268913e-04  0.00000000e+00  1.21268913e-04  1.20000000e+00  1.21268913e-04 -3.83628177e-06  1.21268913e-04 -1.13244350e-06 
 1.22268913e-04  0.00000000e+00  1.22268913e-04  0.00000000e+00  1.22268913e-04  1.20000000e+00  1.22268913e-04  3.97513143e-06  1.22268913e-04  1.25219323e-06 
 1.23268913e-04  0.00000000e+00  1.23268913e-04  0.00000000e+00  1.23268913e-04  1.20000000e+00  1.23268913e-04 -3.83504474e-06  1.23268913e-04 -1.13246608e-06 
 1.24268913e-04  0.00000000e+00  1.24268913e-04  0.00000000e+00  1.24268913e-04  1.20000000e+00  1.24268913e-04  3.97389418e-06  1.24268913e-04  1.25221581e-06 
 1.25268913e-04  0.00000000e+00  1.25268913e-04  0.00000000e+00  1.25268913e-04  1.20000000e+00  1.25268913e-04 -3.83380775e-06  1.25268913e-04 -1.13248865e-06 
 1.26268913e-04  0.00000000e+00  1.26268913e-04  0.00000000e+00  1.26268913e-04  1.20000000e+00  1.26268913e-04  3.97265697e-06  1.26268913e-04  1.25223837e-06 
 1.27268913e-04  0.00000000e+00  1.27268913e-04  0.00000000e+00  1.27268913e-04  1.20000000e+00  1.27268913e-04 -3.83257079e-06  1.27268913e-04 -1.13251121e-06 
 1.28268913e-04  0.00000000e+00  1.28268913e-04  0.00000000e+00  1.28268913e-04  1.20000000e+00  1.28268913e-04  3.97141979e-06  1.28268913e-04  1.25226093e-06 
 1.29268913e-04  0.00000000e+00  1.29268913e-04  0.00000000e+00  1.29268913e-04  1.20000000e+00  1.29268913e-04 -3.83133386e-06  1.29268913e-04 -1.13253377e-06 
 1.30268913e-04  0.00000000e+00  1.30268913e-04  0.00000000e+00  1.30268913e-04  1.20000000e+00  1.30268913e-04  3.97018265e-06  1.30268913e-04  1.25228349e-06 
 1.31268913e-04  0.00000000e+00  1.31268913e-04  0.00000000e+00  1.31268913e-04  1.20000000e+00  1.31268913e-04 -3.83009697e-06  1.31268913e-04 -1.13255631e-06 
 1.32268913e-04  0.00000000e+00  1.32268913e-04  0.00000000e+00  1.32268913e-04  1.20000000e+00  1.32268913e-04  3.96894554e-06  1.32268913e-04  1.25230603e-06 
 1.33268913e-04  0.00000000e+00  1.33268913e-04  0.00000000e+00  1.33268913e-04  1.20000000e+00  1.33268913e-04 -3.82886011e-06  1.33268913e-04 -1.13257885e-06 
 1.34268913e-04  0.00000000e+00  1.34268913e-04  0.00000000e+00  1.34268913e-04  1.20000000e+00  1.34268913e-04  3.96770846e-06  1.34268913e-04  1.25232857e-06 
 1.35268913e-04  0.00000000e+00  1.35268913e-04  0.00000000e+00  1.35268913e-04  1.20000000e+00  1.35268913e-04 -3.82762328e-06  1.35268913e-04 -1.13260138e-06 
 1.36268913e-04  0.00000000e+00  1.36268913e-04  0.00000000e+00  1.36268913e-04  1.20000000e+00  1.36268913e-04  3.96647141e-06  1.36268913e-04  1.25235110e-06 
 1.37268913e-04  0.00000000e+00  1.37268913e-04  0.00000000e+00  1.37268913e-04  1.20000000e+00  1.37268913e-04 -3.82638649e-06  1.37268913e-04 -1.13262390e-06 
 1.38268913e-04  0.00000000e+00  1.38268913e-04  0.00000000e+00  1.38268913e-04  1.20000000e+00  1.38268913e-04  3.96523440e-06  1.38268913e-04  1.25237362e-06 
 1.39268913e-04  0.00000000e+00  1.39268913e-04  0.00000000e+00  1.39268913e-04  1.20000000e+00  1.39268913e-04 -3.82514972e-06  1.39268913e-04 -1.13264642e-06 
 1.40268913e-04  0.00000000e+00  1.40268913e-04  0.00000000e+00  1.40268913e-04  1.20000000e+00  1.40268913e-04  3.96399742e-06  1.40268913e-04  1.25239613e-06 
 1.41268913e-04  0.00000000e+00  1.41268913e-04  0.00000000e+00  1.41268913e-04  1.20000000e+00  1.41268913e-04 -3.82391300e-06  1.41268913e-04 -1.13266892e-06 
 1.42268913e-04  0.00000000e+00  1.42268913e-04  0.00000000e+00  1.42268913e-04  1.20000000e+00  1.42268913e-04  3.96276048e-06  1.42268913e-04  1.25241864e-06 
 1.43268913e-04  0.00000000e+00  1.43268913e-04  0.00000000e+00  1.43268913e-04  1.20000000e+00  1.43268913e-04 -3.82267630e-06  1.43268913e-04 -1.13269142e-06 
 1.44268913e-04  0.00000000e+00  1.44268913e-04  0.00000000e+00  1.44268913e-04  1.20000000e+00  1.44268913e-04  3.96152357e-06  1.44268913e-04  1.25244113e-06 
 1.45268913e-04  0.00000000e+00  1.45268913e-04  0.00000000e+00  1.45268913e-04  1.20000000e+00  1.45268913e-04 -3.82143964e-06  1.45268913e-04 -1.13271391e-06 
 1.46268913e-04  0.00000000e+00  1.46268913e-04  0.00000000e+00  1.46268913e-04  1.20000000e+00  1.46268913e-04  3.96028669e-06  1.46268913e-04  1.25246362e-06 
 1.47268913e-04  0.00000000e+00  1.47268913e-04  0.00000000e+00  1.47268913e-04  1.20000000e+00  1.47268913e-04 -3.82020302e-06  1.47268913e-04 -1.13273639e-06 
 1.48268913e-04  0.00000000e+00  1.48268913e-04  0.00000000e+00  1.48268913e-04  1.20000000e+00  1.48268913e-04  3.95904984e-06  1.48268913e-04  1.25248610e-06 
 1.49134457e-04  0.00000000e+00  1.49134457e-04  0.00000000e+00  1.49134457e-04  1.20000000e+00  1.49134457e-04 -3.81887038e-06  1.49134457e-04 -1.13276061e-06 
 1.50000000e-04  0.00000000e+00  1.50000000e-04  0.00000000e+00  1.50000000e-04  1.20000000e+00  1.50000000e-04  3.95762091e-06  1.50000000e-04  1.25251206e-06 
 1.50000100e-04  1.20000000e-01  1.50000100e-04  0.00000000e+00  1.50000100e-04  1.20000000e+00  1.50000100e-04  1.71764900e-06  1.50000100e-04  4.34213232e-08 
 1.50000300e-04  3.60000000e-01  1.50000300e-04  0.00000000e+00  1.50000300e-04  1.20000000e+00  1.50000300e-04 -1.59826277e-06  1.50000300e-04  5.47291950e-08 
 1.50000650e-04  7.80000000e-01  1.50000650e-04  0.00000000e+00  1.50000650e-04  1.20000000e+00  1.50000650e-04  5.39602399e-06  1.50000650e-04  7.80107147e-08 
 1.50001000e-04  1.20000000e+00  1.50001000e-04  0.00000000e+00  1.50001000e-04  1.20000000e+00  1.50001000e-04 -1.43249916e-05  1.50001000e-04  1.95388880e-08 
 1.50001041e-04  1.20000000e+00  1.50001041e-04  0.00000000e+00  1.50001041e-04  1.20000000e+00  1.50001041e-04  1.86005509e-05  1.50001041e-04  2.54432827e-07 
 1.50001122e-04  1.20000000e+00  1.50001122e-04  0.00000000e+00  1.50001122e-04  1.20000000e+00  1.50001122e-04 -8.75786163e-06  1.50001122e-04 -3.31120290e-07 
 1.50001284e-04  1.20000000e+00  1.50001284e-04  0.00000000e+00  1.50001284e-04  1.20000000e+00  1.50001284e-04  4.26464112e-06  1.50001284e-04  4.80004994e-07 
 1.50001608e-04  1.20000000e+00  1.50001608e-04  0.00000000e+00  1.50001608e-04  1.20000000e+00  1.50001608e-04 -2.17018825e-06  1.50001608e-04 -3.49341480e-07 
 1.50002256e-04  1.20000000e+00  1.50002256e-04  0.00000000e+00  1.50002256e-04  1.20000000e+00  1.50002256e-04  1.42817398e-06  1.50002256e-04  4.58737986e-07 
 1.50003553e-04  1.20000000e+00  1.50003553e-04  0.00000000e+00  1.50003553e-04  1.20000000e+00  1.50003553e-04 -8.72728772e-07  1.50003553e-04 -3.32772054e-07 
 1.50006147e-04  1.20000000e+00  1.50006147e-04  0.00000000e+00  1.50006147e-04  1.20000000e+00  1.50006147e-04  8.09117892e-07  1.50006147e-04  4.49177919e-07 
 1.50011334e-04  1.20000000e+00  1.50011334e-04  0.00000000e+00  1.50011334e-04  1.20000000e+00  1.50011334e-04 -5.70636657e-07  1.50011334e-04 -3.27697773e-07 
 1.50021708e-04  1.20000000e+00  1.50021708e-04  0.00000000e+00  1.50021708e-04  1.20000000e+00  1.50021708e-04  6.59879303e-07  1.50021708e-04  4.46570323e-07 
 1.50042456e-04  1.20000000e+00  1.50042456e-04  0.00000000e+00  1.50042456e-04  1.20000000e+00  1.50042456e-04 -4.96486682e-07  1.50042456e-04 -3.26376688e-07 
 1.50083952e-04  1.20000000e+00  1.50083952e-04  0.00000000e+00  1.50083952e-04  1.20000000e+00  1.50083952e-04  6.22912168e-07  1.50083952e-04  4.45905525e-07 
 1.50166945e-04  1.20000000e+00  1.50166945e-04  0.00000000e+00  1.50166945e-04  1.20000000e+00  1.50166945e-04 -4.78034651e-07  1.50166945e-04 -3.26043221e-07 
 1.50332931e-04  1.20000000e+00  1.50332931e-04  0.00000000e+00  1.50332931e-04  1.20000000e+00  1.50332931e-04  6.13691743e-07  1.50332931e-04  4.45738531e-07 
 1.50664903e-04  1.20000000e+00  1.50664903e-04  0.00000000e+00  1.50664903e-04  1.20000000e+00  1.50664903e-04 -4.73426979e-07  1.50664903e-04 -3.25959655e-07 
 1.51328846e-04  1.20000000e+00  1.51328846e-04  0.00000000e+00  1.51328846e-04  1.20000000e+00  1.51328846e-04  6.11387971e-07  1.51328846e-04  4.45696733e-07 
 1.52328846e-04  1.20000000e+00  1.52328846e-04  0.00000000e+00  1.52328846e-04  1.20000000e+00  1.52328846e-04 -4.72149539e-07  1.52328846e-04 -3.25936467e-07 
 1.53328846e-04  1.20000000e+00  1.53328846e-04  0.00000000e+00  1.53328846e-04  1.20000000e+00  1.53328846e-04  6.10368426e-07  1.53328846e-04  4.45678225e-07 
 1.54328846e-04  1.20000000e+00  1.54328846e-04  0.00000000e+00  1.54328846e-04  1.20000000e+00  1.54328846e-04 -4.71130215e-07  1.54328846e-04 -3.25917957e-07 
 1.55328846e-04  1.20000000e+00  1.55328846e-04  0.00000000e+00  1.55328846e-04  1.20000000e+00  1.55328846e-04  6.09348985e-07  1.55328846e-04  4.45659714e-07 
 1.56328846e-04  1.20000000e+00  1.56328846e-04  0.00000000e+00  1.56328846e-04  1.20000000e+00  1.56328846e-04 -4.70110995e-07  1.56328846e-04 -3.25899443e-07 
 1.57328846e-04  1.20000000e+00  1.57328846e-04  0.00000000e+00  1.57328846e-04  1.20000000e+00  1.57328846e-04  6.08329649e-07  1.57328846e-04  4.45641199e-07 
 1.58328846e-04  1.20000000e+00  1.58328846e-04  0.00000000e+00  1.58328846e-04  1.20000000e+00  1.58328846e-04 -4.69091879e-07  1.58328846e-04 -3.25880926e-07 
 1.59328846e-04  1.20000000e+00  1.59328846e-04  0.00000000e+00  1.59328846e-04  1.20000000e+00  1.59328846e-04  6.07310418e-07  1.59328846e-04  4.45622680e-07 
 1.60328846e-04  1.20000000e+00  1.60328846e-04  0.00000000e+00  1.60328846e-04  1.20000000e+00  1.60328846e-04 -4.68072868e-07  1.60328846e-04 -3.25862405e-07 
 1.61328846e-04  1.20000000e+00  1.61328846e-04  0.00000000e+00  1.61328846e-04  1.20000000e+00  1.61328846e-04  6.06291291e-07  1.61328846e-04  4.45604157e-07 
 1.62328846e-04  1.20000000e+00  1.62328846e-04  0.00000000e+00  1.62328846e-04  1.20000000e+00  1.62328846e-04 -4.67053961e-07  1.62328846e-04 -3.25843879e-07 
 1.63328846e-04  1.20000000e+00  1.63328846e-04  0.00000000e+00  1.63328846e-04  1.20000000e+00  1.63328846e-04  6.05272268e-07  1.63328846e-04  4.45585630e-07 
 1.64328846e-04  1.20000000e+00  1.64328846e-04  0.00000000e+00  1.64328846e-04  1.20000000e+00  1.64328846e-04 -4.66035159e-07  1.64328846e-04 -3.25825350e-07 
 1.65328846e-04  1.20000000e+00  1.65328846e-04  0.00000000e+00  1.65328846e-04  1.20000000e+00  1.65328846e-04  6.04253350e-07  1.65328846e-04  4.45567099e-07 
 1.66328846e-04  1.20000000e+00  1.66328846e-04  0.00000000e+00  1.66328846e-04  1.20000000e+00  1.66328846e-04 -4.65016461e-07  1.66328846e-04 -3.25806817e-07 
 1.67328846e-04  1.20000000e+00  1.67328846e-04  0.00000000e+00  1.67328846e-04  1.20000000e+00  1.67328846e-04  6.03234536e-07  1.67328846e-04  4.45548565e-07 
 1.68328846e-04  1.20000000e+00  1.68328846e-04  0.00000000e+00  1.68328846e-04  1.20000000e+00  1.68328846e-04 -4.63997868e-07  1.68328846e-04 -3.25788280e-07 
 1.69328846e-04  1.20000000e+00  1.69328846e-04  0.00000000e+00  1.69328846e-04  1.20000000e+00  1.69328846e-04  6.02215827e-07  1.69328846e-04  4.45530026e-07 
 1.70328846e-04  1.20000000e+00  1.70328846e-04  0.00000000e+00  1.70328846e-04  1.20000000e+00  1.70328846e-04 -4.62979379e-07  1.70328846e-04 -3.25769740e-07 
 1.71328846e-04  1.20000000e+00  1.71328846e-04  0.00000000e+00  1.71328846e-04  1.20000000e+00  1.71328846e-04  6.01197223e-07  1.71328846e-04  4.45511484e-07 
 1.72328846e-04  1.20000000e+00  1.72328846e-04  0.00000000e+00  1.72328846e-04  1.20000000e+00  1.72328846e-04 -4.61960995e-07  1.72328846e-04 -3.25751195e-07 
 1.73328846e-04  1.20000000e+00  1.73328846e-04  0.00000000e+00  1.73328846e-04  1.20000000e+00  1.73328846e-04  6.00178723e-07  1.73328846e-04  4.45492938e-07 
 1.74328846e-04  1.20000000e+00  1.74328846e-04  0.00000000e+00  1.74328846e-04  1.20000000e+00  1.74328846e-04 -4.60942715e-07  1.74328846e-04 -3.25732647e-07 
 1.75328846e-04  1.20000000e+00  1.75328846e-04  0.00000000e+00  1.75328846e-04  1.20000000e+00  1.75328846e-04  5.99160327e-07  1.75328846e-04  4.45474388e-07 
 1.76328846e-04  1.20000000e+00  1.76328846e-04  0.00000000e+00  1.76328846e-04  1.20000000e+00  1.76328846e-04 -4.59924539e-07  1.76328846e-04 -3.25714094e-07 
 1.77328846e-04  1.20000000e+00  1.77328846e-04  0.00000000e+00  1.77328846e-04  1.20000000e+00  1.77328846e-04  5.98142036e-07  1.77328846e-04  4.45455834e-07 
 1.78328846e-04  1.20000000e+00  1.78328846e-04  0.00000000e+00  1.78328846e-04  1.20000000e+00  1.78328846e-04 -4.58906469e-07  1.78328846e-04 -3.25695538e-07 
 1.79328846e-04  1.20000000e+00  1.79328846e-04  0.00000000e+00  1.79328846e-04  1.20000000e+00  1.79328846e-04  5.97123850e-07  1.79328846e-04  4.45437276e-07 
 1.80328846e-04  1.20000000e+00  1.80328846e-04  0.00000000e+00  1.80328846e-04  1.20000000e+00  1.80328846e-04 -4.57888502e-07  1.80328846e-04 -3.25676978e-07 
 1.81328846e-04  1.20000000e+00  1.81328846e-04  0.00000000e+00  1.81328846e-04  1.20000000e+00  1.81328846e-04  5.96105768e-07  1.81328846e-04  4.45418714e-07 
 1.82328846e-04  1.20000000e+00  1.82328846e-04  0.00000000e+00  1.82328846e-04  1.20000000e+00  1.82328846e-04 -4.56870640e-07  1.82328846e-04 -3.25658414e-07 
 1.83328846e-04  1.20000000e+00  1.83328846e-04  0.00000000e+00  1.83328846e-04  1.20000000e+00  1.83328846e-04  5.95087790e-07  1.83328846e-04  4.45400149e-07 
 1.84328846e-04  1.20000000e+00  1.84328846e-04  0.00000000e+00  1.84328846e-04  1.20000000e+00  1.84328846e-04 -4.55852882e-07  1.84328846e-04 -3.25639846e-07 
 1.85328846e-04  1.20000000e+00  1.85328846e-04  0.00000000e+00  1.85328846e-04  1.20000000e+00  1.85328846e-04  5.94069917e-07  1.85328846e-04  4.45381580e-07 
 1.86328846e-04  1.20000000e+00  1.86328846e-04  0.00000000e+00  1.86328846e-04  1.20000000e+00  1.86328846e-04 -4.54835229e-07  1.86328846e-04 -3.25621275e-07 
 1.87328846e-04  1.20000000e+00  1.87328846e-04  0.00000000e+00  1.87328846e-04  1.20000000e+00  1.87328846e-04  5.93052148e-07  1.87328846e-04  4.45363007e-07 
 1.88328846e-04  1.20000000e+00  1.88328846e-04  0.00000000e+00  1.88328846e-04  1.20000000e+00  1.88328846e-04 -4.53817680e-07  1.88328846e-04 -3.25602699e-07 
 1.89328846e-04  1.20000000e+00  1.89328846e-04  0.00000000e+00  1.89328846e-04  1.20000000e+00  1.89328846e-04  5.92034484e-07  1.89328846e-04  4.45344429e-07 
 1.90328846e-04  1.20000000e+00  1.90328846e-04  0.00000000e+00  1.90328846e-04  1.20000000e+00  1.90328846e-04 -4.52800236e-07  1.90328846e-04 -3.25584119e-07 
 1.91328846e-04  1.20000000e+00  1.91328846e-04  0.00000000e+00  1.91328846e-04  1.20000000e+00  1.91328846e-04  5.91016925e-07  1.91328846e-04  4.45325848e-07 
 1.92328846e-04  1.20000000e+00  1.92328846e-04  0.00000000e+00  1.92328846e-04  1.20000000e+00  1.92328846e-04 -4.51782896e-07  1.92328846e-04 -3.25565536e-07 
 1.93328846e-04  1.20000000e+00  1.93328846e-04  0.00000000e+00  1.93328846e-04  1.20000000e+00  1.93328846e-04  5.89999469e-07  1.93328846e-04  4.45307263e-07 
 1.94328846e-04  1.20000000e+00  1.94328846e-04  0.00000000e+00  1.94328846e-04  1.20000000e+00  1.94328846e-04 -4.50765661e-07  1.94328846e-04 -3.25546949e-07 
 1.95328846e-04  1.20000000e+00  1.95328846e-04  0.00000000e+00  1.95328846e-04  1.20000000e+00  1.95328846e-04  5.88982119e-07  1.95328846e-04  4.45288675e-07 
 1.96328846e-04  1.20000000e+00  1.96328846e-04  0.00000000e+00  1.96328846e-04  1.20000000e+00  1.96328846e-04 -4.49748530e-07  1.96328846e-04 -3.25528358e-07 
 1.97328846e-04  1.20000000e+00  1.97328846e-04  0.00000000e+00  1.97328846e-04  1.20000000e+00  1.97328846e-04  5.87964873e-07  1.97328846e-04  4.45270082e-07 
 1.98328846e-04  1.20000000e+00  1.98328846e-04  0.00000000e+00  1.98328846e-04  1.20000000e+00  1.98328846e-04 -4.48731503e-07  1.98328846e-04 -3.25509763e-07 
 1.99164923e-04  1.20000000e+00  1.99164923e-04  0.00000000e+00  1.99164923e-04  1.20000000e+00  1.99164923e-04  5.86848025e-07  1.99164923e-04  4.45249663e-07 
 2.00001000e-04  1.20000000e+00  2.00001000e-04  0.00000000e+00  2.00001000e-04  1.20000000e+00  2.00001000e-04 -4.47515214e-07  2.00001000e-04 -3.25487518e-07 
 2.00001100e-04  1.08000000e+00  2.00001100e-04  0.00000000e+00  2.00001100e-04  1.20000000e+00  2.00001100e-04 -1.08650568e-06  2.00001100e-04  3.18622477e-08 
 2.00001300e-04  8.40000000e-01  2.00001300e-04  0.00000000e+00  2.00001300e-04  1.20000000e+00  2.00001300e-04  9.98008387e-07  2.00001300e-04  9.52577126e-08 
 2.00001650e-04  4.20000000e-01  2.00001650e-04  0.00000000e+00  2.00001650e-04  1.20000000e+00  2.00001650e-04 -7.69849255e-06  2.00001650e-04  2.13698848e-08 
 2.00002000e-04  0.00000000e+00  2.00002000e-04  0.00000000e+00  2.00002000e-04  1.20000000e+00  2.00002000e-04  2.53556423e-05  2.00002000e-04  1.07905698e-07 
 2.00002039e-04  0.00000000e+00  2.00002039e-04  0.00000000e+00  2.00002039e-04  1.20000000e+00  2.00002039e-04 -3.12730669e-05  2.00002039e-04 -2.40121468e-07 
 2.00002116e-04  0.00000000e+00  2.00002116e-04  0.00000000e+00  2.00002116e-04  1.20000000e+00  2.00002116e-04  1.16354725e-05  2.00002116e-04  9.07362253e-07 
 2.00002271e-04  0.00000000e+00  2.00002271e-04  0.00000000e+00  2.00002271e-04  1.20000000e+00  2.00002271e-04 -7.93278553e-06  2.00002271e-04 -1.01321560e-06 
 2.00002580e-04  0.00000000e+00  2.00002580e-04  0.00000000e+00  2.00002580e-04  1.20000000e+00  2.00002580e-04  6.02156176e-06  2.00002580e-04  1.20441296e-06 
 2.00003199e-04  0.00000000e+00  2.00003199e-04  0.00000000e+00  2.00003199e-04  1.20000000e+00  2.00003199e-04 -4.85750057e-06  2.00003199e-04 -1.11129176e-06 
 2.00004436e-04  0.00000000e+00  2.00004436e-04  0.00000000e+00  2.00004436e-04  1.20000000e+00  2.00004436e-04  4.48984806e-06  2.00004436e-04  1.24220911e-06 
 2.00006910e-04  0.00000000e+00  2.00006910e-04  0.00000000e+00  2.00006910e-04  1.20000000e+00  2.00006910e-04 -4.09833225e-06  2.00006910e-04 -1.12754946e-06 
 2.00011859e-04  0.00000000e+00  2.00011859e-04  0.00000000e+00  2.00011859e-04  1.20000000e+00  2.00011859e-04  4.11231626e-06  2.00011859e-04  1.24970068e-06 
 2.00021757e-04  0.00000000e+00  2.00021757e-04  0.00000000e+00  2.00021757e-04  1.20000000e+00  2.00021757e-04 -3.91018852e-06  2.00021757e-04 -1.13113797e-06 
 2.00041553e-04  0.00000000e+00  2.00041553e-04  0.00000000e+00  2.00041553e-04  1.20000000e+00  2.00041553e-04  4.01837930e-06  2.00041553e-04  1.25145627e-06 
 2.00081145e-04  0.00000000e+00  2.00081145e-04  0.00000000e+00  2.00081145e-04  1.20000000e+00  2.00081145e-04 -3.86326793e-06  2.00081145e-04 -1.13200598e-06 
 2.00160328e-04  0.00000000e+00  2.00160328e-04  0.00000000e+00  2.00160328e-04  1.20000000e+00  2.00160328e-04  3.99492442e-06  2.00160328e-04  1.25188791e-06 
 2.00318695e-04  0.00000000e+00  2.00318695e-04  0.00000000e+00  2.00318695e-04  1.20000000e+00  2.00318695e-04 -3.85154518e-06  2.00318695e-04 -1.13222117e-06 
 2.00635428e-04  0.00000000e+00  2.00635428e-04  0.00000000e+00  2.00635428e-04  1.20000000e+00  2.00635428e-04  3.98906256e-06  2.00635428e-04  1.25199537e-06 
 2.01268895e-04  0.00000000e+00  2.01268895e-04  0.00000000e+00  2.01268895e-04  1.20000000e+00  2.01268895e-04 -3.84861496e-06  2.01268895e-04 -1.13227486e-06 
 2.02268895e-04  0.00000000e+00  2.02268895e-04  0.00000000e+00  2.02268895e-04  1.20000000e+00  2.02268895e-04  3.98746683e-06  2.02268895e-04  1.25202459e-06 
 2.03268895e-04  0.00000000e+00  2.03268895e-04  0.00000000e+00  2.03268895e-04  1.20000000e+00  2.03268895e-04 -3.84737755e-06  2.03268895e-04 -1.13229751e-06 
 2.04268895e-04  0.00000000e+00  2.04268895e-04  0.00000000e+00  2.04268895e-04  1.20000000e+00  2.04268895e-04  3.98622920e-06  2.04268895e-04  1.25204725e-06 
 2.05268895e-04  0.00000000e+00  2.05268895e-04  0.00000000e+00  2.05268895e-04  1.20000000e+00  2.05268895e-04 -3.84614018e-06  2.05268895e-04 -1.13232016e-06 
 2.06268895e-04  0.00000000e+00  2.06268895e-04  0.00000000e+00  2.06268895e-04  1.20000000e+00  2.06268895e-04  3.98499161e-06  2.06268895e-04  1.25206990e-06 
 2.07268895e-04  0.00000000e+00  2.07268895e-04  0.00000000e+00  2.07268895e-04  1.20000000e+00  2.07268895e-04 -3.84490283e-06  2.07268895e-04 -1.13234281e-06 
 2.08268895e-04  0.00000000e+00  2.08268895e-04  0.00000000e+00  2.08268895e-04  1.20000000e+00  2.08268895e-04  3.98375405e-06  2.08268895e-04  1.25209254e-06 
 2.09268895e-04  0.00000000e+00  2.09268895e-04  0.00000000e+00  2.09268895e-04  1.20000000e+00  2.09268895e-04 -3.84366552e-06  2.09268895e-04 -1.13236544e-06 
 2.10268895e-04  0.00000000e+00  2.10268895e-04  0.00000000e+00  2.10268895e-04  1.20000000e+00  2.10268895e-04  3.98251652e-06  2.10268895e-04  1.25211517e-06 
 2.11268895e-04  0.00000000e+00  2.11268895e-04  0.00000000e+00  2.11268895e-04  1.20000000e+00  2.11268895e-04 -3.84242825e-06  2.11268895e-04 -1.13238807e-06 
 2.12268895e-04  0.00000000e+00  2.12268895e-04  0.00000000e+00  2.12268895e-04  1.20000000e+00  2.12268895e-04  3.98127903e-06  2.12268895e-04  1.25213780e-06 
 2.13268895e-04  0.00000000e+00  2.13268895e-04  0.00000000e+00  2.13268895e-04  1.20000000e+00  2.13268895e-04 -3.84119100e-06  2.13268895e-04 -1.13241068e-06 
 2.14268895e-04  0.00000000e+00  2.14268895e-04  0.00000000e+00  2.14268895e-04  1.20000000e+00  2.14268895e-04  3.98004157e-06  2.14268895e-04  1.25216041e-06 
 2.15268895e-04  0.00000000e+00  2.15268895e-04  0.00000000e+00  2.15268895e-04  1.20000000e+00  2.15268895e-04 -3.83995379e-06  2.15268895e-04 -1.13243329e-06 
 2.16268895e-04  0.00000000e+00  2.16268895e-04  0.00000000e+00  2.16268895e-04  1.20000000e+00  2.16268895e-04  3.97880414e-06  2.16268895e-04  1.25218302e-06 
 2.17268895e-04  0.00000000e+00  2.17268895e-04  0.00000000e+00  2.17268895e-04  1.20000000e+00  2.17268895e-04 -3.83871662e-06  2.17268895e-04 -1.13245590e-06 
 2.18268895e-04  0.00000000e+00  2.18268895e-04  0.00000000e+00  2.18268895e-04  1.20000000e+00  2.18268895e-04  3.97756675e-06  2.18268895e-04  1.25220562e-06 
 2.19268895e-04  0.00000000e+00  2.19268895e-04  0.00000000e+00  2.19268895e-04  1.20000000e+00  2.19268895e-04 -3.83747947e-06  2.19268895e-04 -1.13247849e-06 
 2.20268895e-04  0.00000000e+00  2.20268895e-04  0.00000000e+00  2.20268895e-04  1.20000000e+00  2.20268895e-04  3.97632939e-06  2.20268895e-04  1.25222822e-06 
 2.21268895e-04  0.00000000e+00  2.21268895e-04  0.00000000e+00  2.21268895e-04  1.20000000e+00  2.21268895e-04 -3.83624236e-06  2.21268895e-04 -1.13250108e-06 
 2.22268895e-04  0.00000000e+00  2.22268895e-04  0.00000000e+00  2.22268895e-04  1.20000000e+00  2.22268895e-04  3.97509206e-06  2.22268895e-04  1.25225080e-06 
 2.23268895e-04  0.00000000e+00  2.23268895e-04  0.00000000e+00  2.23268895e-04  1.20000000e+00  2.23268895e-04 -3.83500529e-06  2.23268895e-04 -1.13252365e-06 
 2.24134447e-04  0.00000000e+00  2.24134447e-04  0.00000000e+00  2.24134447e-04  1.20000000e+00  2.24134447e-04  3.97375867e-06  2.24134447e-04  1.25227513e-06 
 2.25000000e-04  0.00000000e+00  2.25000000e-04  0.00000000e+00  2.25000000e-04  1.20000000e+00  2.25000000e-04 -3.83357610e-06  2.25000000e-04 -1.13254973e-06 
 2.25000100e-04  0.00000000e+00  2.25000100e-04  1.20000000e-01  2.25000100e-04  1.20000000e+00  2.25000100e-04 -1.40993381e-06  2.25000100e-04  7.66663194e-08 
 2.25000300e-04  0.00000000e+00  2.25000300e-04  3.60000000e-01  2.25000300e-04  1.20000000e+00  2.25000300e-04  1.39145225e-06  2.25000300e-04  6.36789379e-08 
 2.25000650e-04  0.00000000e+00  2.25000650e-04  7.80000000e-01  2.25000650e-04  1.20000000e+00  2.25000650e-04 -1.14730564e-06  2.25000650e-04  4.62567244e-08 
 2.25001000e-04  0.00000000e+00  2.25001000e-04  1.20000000e+00  2.25001000e-04  1.20000000e+00  2.25001000e-04  1.17606521e-06  2.25001000e-04  8.19907966e-08 
 2.25001067e-04  0.00000000e+00  2.25001067e-04  1.20000000e+00  2.25001067e-04  1.20000000e+00  2.25001067e-04  2.11740677e-07  2.25001067e-04  5.14880829e-08 
 2.25001201e-04  0.00000000e+00  2.25001201e-04  1.20000000e+00  2.25001201e-04  1.20000000e+00  2.25001201e-04 -6.16427433e-08  2.25001201e-04  6.49038534e-08 
 2.25001469e-04  0.00000000e+00  2.25001469e-04  1.20000000e+00  2.25001469e-04  1.20000000e+00  2.25001469e-04  1.90928283e-07  2.25001469e-04  5.62230288e-08 
 2.25002005e-04  0.00000000e+00  2.25002005e-04  1.20000000e+00  2.25002005e-04  1.20000000e+00  2.25002005e-04 -4.71917113e-08  2.25002005e-04  6.29083219e-08 
 2.25002967e-04  0.00000000e+00  2.25002967e-04  1.20000000e+00  2.25002967e-04  1.20000000e+00  2.25002967e-04  1.82924790e-07  2.25002967e-04  5.71649173e-08 
 2.25004892e-04  0.00000000e+00  2.25004892e-04  1.20000000e+00  2.25004892e-04  1.20000000e+00  2.25004892e-04 -4.28127310e-08  2.25004892e-04  6.24270929e-08 
 2.25008742e-04  0.00000000e+00  2.25008742e-04  1.20000000e+00  2.25008742e-04  1.20000000e+00  2.25008742e-04  1.80717928e-07  2.25008742e-04  5.73991129e-08 
 2.25016442e-04  0.00000000e+00  2.25016442e-04  1.20000000e+00  2.25016442e-04  1.20000000e+00  2.25016442e-04 -4.17056717e-08  2.25016442e-04  6.23115786e-08 
 2.25031842e-04  0.00000000e+00  2.25031842e-04  1.20000000e+00  2.25031842e-04  1.20000000e+00  2.25031842e-04  1.80163578e-07  2.25031842e-04  5.74564769e-08 
 2.25062642e-04  0.00000000e+00  2.25062642e-04  1.20000000e+00  2.25062642e-04  1.20000000e+00  2.25062642e-04 -4.14283013e-08  2.25062642e-04  6.22829948e-08 
 2.25124241e-04  0.00000000e+00  2.25124241e-04  1.20000000e+00  2.25124241e-04  1.20000000e+00  2.25124241e-04  1.80024846e-07  2.25124241e-04  5.74707445e-08 
 2.25247440e-04  0.00000000e+00  2.25247440e-04  1.20000000e+00  2.25247440e-04  1.20000000e+00  2.25247440e-04 -4.13589233e-08  2.25247440e-04  6.22758670e-08 
 2.25493837e-04  0.00000000e+00  2.25493837e-04  1.20000000e+00  2.25493837e-04  1.20000000e+00  2.25493837e-04  1.79990154e-07  2.25493837e-04  5.74743067e-08 
 2.25986632e-04  0.00000000e+00  2.25986632e-04  1.20000000e+00  2.25986632e-04  1.20000000e+00  2.25986632e-04 -4.13415762e-08  2.25986632e-04  6.22740860e-08 
 2.26972222e-04  0.00000000e+00  2.26972222e-04  1.20000000e+00  2.26972222e-04  1.20000000e+00  2.26972222e-04  1.79981481e-07  2.26972222e-04  5.74751970e-08 
 2.27972222e-04  0.00000000e+00  2.27972222e-04  1.20000000e+00  2.27972222e-04  1.20000000e+00  2.27972222e-04 -4.13358353e-08  2.27972222e-04  6.22734970e-08 
 2.28972222e-04  0.00000000e+00  2.28972222e-04  1.20000000e+00  2.28972222e-04  1.20000000e+00  2.28972222e-04  1.79975782e-07  2.28972222e-04  5.74757821e-08 
 2.29972222e-04  0.00000000e+00  2.29972222e-04  1.20000000e+00  2.29972222e-04  1.20000000e+00  2.29972222e-04 -4.13301359e-08  2.29972222e-04  6.22729120e-08 
 2.30972222e-04  0.00000000e+00  2.30972222e-04  1.20000000e+00  2.30972222e-04  1.20000000e+00  2.30972222e-04  1.79970083e-07  2.30972222e-04  5.74763668e-08 
 2.31972222e-04  0.00000000e+00  2.31972222e-04  1.20000000e+00  2.31972222e-04  1.20000000e+00  2.31972222e-04 -4.13244367e-08  2.31972222e-04  6.22723270e-08 
 2.32972222e-04  0.00000000e+00  2.32972222e-04  1.20000000e+00  2.32972222e-04  1.20000000e+00  2.32972222e-04  1.79964384e-07  2.32972222e-04  5.74769515e-08 
 2.33972222e-04  0.00000000e+00  2.33972222e-04  1.20000000e+00  2.33972222e-04  1.20000000e+00  2.33972222e-04 -4.13187373e-08  2.33972222e-04  6.22717423e-08 
 2.34972222e-04  0.00000000e+00  2.34972222e-04  1.20000000e+00  2.34972222e-04  1.20000000e+00  2.34972222e-04  1.79958684e-07  2.34972222e-04  5.74775363e-08 
 2.35972222e-04  0.00000000e+00  2.35972222e-04  1.20000000e+00  2.35972222e-04  1.20000000e+00  2.35972222e-04 -4.13130378e-08  2.35972222e-04  6.22711577e-08 
 2.36972222e-04  0.00000000e+00  2.36972222e-04  1.20000000e+00  2.36972222e-04  1.20000000e+00  2.36972222e-04  1.79952985e-07  2.36972222e-04  5.74781212e-08 
 2.37972222e-04  0.00000000e+00  2.37972222e-04  1.20000000e+00  2.37972222e-04  1.20000000e+00  2.37972222e-04 -4.13073382e-08  2.37972222e-04  6.22705729e-08 
 2.38972222e-04  0.00000000e+00  2.38972222e-04  1.20000000e+00  2.38972222e-04  1.20000000e+00  2.38972222e-04  1.79947285e-07  2.38972222e-04  5.74787059e-08 
 2.39972222e-04  0.00000000e+00  2.39972222e-04  1.20000000e+00  2.39972222e-04  1.20000000e+00  2.39972222e-04 -4.13016386e-08  2.39972222e-04  6.22699884e-08 
 2.40972222e-04  0.00000000e+00  2.40972222e-04  1.20000000e+00  2.40972222e-04  1.20000000e+00  2.40972222e-04  1.79941585e-07  2.40972222e-04  5.74792904e-08 
 2.41972222e-04  0.00000000e+00  2.41972222e-04  1.20000000e+00  2.41972222e-04  1.20000000e+00  2.41972222e-04 -4.12959389e-08  2.41972222e-04  6.22694037e-08 
 2.42972222e-04  0.00000000e+00  2.42972222e-04  1.20000000e+00  2.42972222e-04  1.20000000e+00  2.42972222e-04  1.79935886e-07  2.42972222e-04  5.74798751e-08 
 2.43972222e-04  0.00000000e+00  2.43972222e-04  1.20000000e+00  2.43972222e-04  1.20000000e+00  2.43972222e-04 -4.12902391e-08  2.43972222e-04  6.22688193e-08 
 2.44972222e-04  0.00000000e+00  2.44972222e-04  1.20000000e+00  2.44972222e-04  1.20000000e+00  2.44972222e-04  1.79930186e-07  2.44972222e-04  5.74804597e-08 
 2.45972222e-04  0.00000000e+00  2.45972222e-04  1.20000000e+00  2.45972222e-04  1.20000000e+00  2.45972222e-04 -4.12845390e-08  2.45972222e-04  6.22682347e-08 
 2.46972222e-04  0.00000000e+00  2.46972222e-04  1.20000000e+00  2.46972222e-04  1.20000000e+00  2.46972222e-04  1.79924486e-07  2.46972222e-04  5.74810440e-08 
 2.47972222e-04  0.00000000e+00  2.47972222e-04  1.20000000e+00  2.47972222e-04  1.20000000e+00  2.47972222e-04 -4.12788390e-08  2.47972222e-04  6.22676504e-08 
 2.48972222e-04  0.00000000e+00  2.48972222e-04  1.20000000e+00  2.48972222e-04  1.20000000e+00  2.48972222e-04  1.79918786e-07  2.48972222e-04  5.74816283e-08 
 2.49486111e-04  0.00000000e+00  2.49486111e-04  1.20000000e+00  2.49486111e-04  1.20000000e+00  2.49486111e-04 -4.12704430e-08  2.49486111e-04  6.22667894e-08 
 2.50000000e-04  3.25260652e-11  2.50000000e-04  1.20000000e+00  2.50000000e-04  1.20000000e+00  2.50000000e-04  1.79907694e-07  2.50000000e-04  5.74827655e-08 
 2.50000100e-04  1.20000000e-01  2.50000100e-04  1.20000000e+00  2.50000100e-04  1.20000000e+00  2.50000100e-04  2.49527282e-07  2.50000100e-04  5.94454523e-08 
 2.50000300e-04  3.60000000e-01  2.50000300e-04  1.20000000e+00  2.50000300e-04  1.20000000e+00  2.50000300e-04 -3.01915453e-07  2.50000300e-04  5.91160695e-08 
 2.50000650e-04  7.80000000e-01  2.50000650e-04  1.20000000e+00  2.50000650e-04  1.20000000e+00  2.50000650e-04  4.20572296e-06  2.50000650e-04  6.39415339e-08 
 2.50000825e-04  9.90000000e-01  2.50000825e-04  1.20000000e+00  2.50000825e-04  1.20000000e+00  2.50000825e-04 -2.53397310e-05  2.50000825e-04 -3.84352654e-09 
 2.50001000e-04  1.20000000e+00  2.50001000e-04  1.20000000e+00  2.50001000e-04  1.20000000e+00  2.50001000e-04  5.04210558e-05  2.50001000e-04  3.23121429e-07 
 2.50001035e-04  1.20000000e+00  2.50001035e-04  1.20000000e+00  2.50001035e-04  1.20000000e+00  2.50001035e-04 -1.89825605e-05  2.50001035e-04 -5.13791688e-07 
 2.50001105e-04  1.20000000e+00  2.50001105e-04  1.20000000e+00  2.50001105e-04  1.20000000e+00  2.50001105e-04  3.63784175e-06  2.50001105e-04  8.22970910e-07 
 2.50001245e-04  1.20000000e+00  2.50001245e-04  1.20000000e+00  2.50001245e-04  1.20000000e+00  2.50001245e-04  2.03582080e-06  2.50001245e-04 -6.37728814e-07 
 2.50001525e-04  1.20000000e+00  2.50001525e-04  1.20000000e+00  2.50001525e-04  1.20000000e+00  2.50001525e-04 -3.95438445e-06  2.50001525e-04  6.95735306e-07 
 2.50002085e-04  1.20000000e+00  2.50002085e-04  1.20000000e+00  2.50002085e-04  1.20000000e+00  2.50002085e-04  4.95996888e-06  2.50002085e-04 -5.40694352e-07 
 2.50003205e-04  1.20000000e+00  2.50003205e-04  1.20000000e+00  2.50003205e-04  1.20000000e+00  2.50003205e-04 -5.21834918e-06  2.50003205e-04  6.41994531e-07 
 2.50005445e-04  1.20000000e+00  2.50005445e-04  1.20000000e+00  2.50005445e-04  1.20000000e+00  2.50005445e-04  5.54535991e-06  2.50005445e-04 -5.12839041e-07 
 2.50009925e-04  1.20000000e+00  2.50009925e-04  1.20000000e+00  2.50009925e-04  1.20000000e+00  2.50009925e-04 -5.49982106e-06  2.50009925e-04  6.27856404e-07 
 2.50018885e-04  1.20000000e+00  2.50018885e-04  1.20000000e+00  2.50018885e-04  1.20000000e+00  2.50018885e-04  5.68333224e-06  2.50018885e-04 -5.05721592e-07 
 2.50036805e-04  1.20000000e+00  2.50036805e-04  1.20000000e+00  2.50036805e-04  1.20000000e+00  2.50036805e-04 -5.56812466e-06  2.50036805e-04  6.24286076e-07 
 2.50072645e-04  1.20000000e+00  2.50072645e-04  1.20000000e+00  2.50072645e-04  1.20000000e+00  2.50072645e-04  5.71731343e-06  2.50072645e-04 -5.03933599e-07 
 2.50144325e-04  1.20000000e+00  2.50144325e-04  1.20000000e+00  2.50144325e-04  1.20000000e+00  2.50144325e-04 -5.58507301e-06  2.50144325e-04  6.23391375e-07 
 2.50287685e-04  1.20000000e+00  2.50287685e-04  1.20000000e+00  2.50287685e-04  1.20000000e+00  2.50287685e-04  5.72577691e-06  2.50287685e-04 -5.03486076e-07 
 2.50574405e-04  1.20000000e+00  2.50574405e-04  1.20000000e+00  2.50574405e-04  1.20000000e+00  2.50574405e-04 -5.58930215e-06  2.50574405e-04  6.23167569e-07 
 2.51147845e-04  1.20000000e+00  2.51147845e-04  1.20000000e+00  2.51147845e-04  1.20000000e+00  2.51147845e-04  5.72789079e-06  2.51147845e-04 -5.03374163e-07 
 2.52147845e-04  1.20000000e+00  2.52147845e-04  1.20000000e+00  2.52147845e-04  1.20000000e+00  2.52147845e-04 -5.59041068e-06  2.52147845e-04  6.23108870e-07 
 2.53147845e-04  1.20000000e+00  2.53147845e-04  1.20000000e+00  2.53147845e-04  1.20000000e+00  2.53147845e-04  5.72869871e-06  2.53147845e-04 -5.03331376e-07 
 2.54147845e-04  1.20000000e+00  2.54147845e-04  1.20000000e+00  2.54147845e-04  1.20000000e+00  2.54147845e-04 -5.59121854e-06  2.54147845e-04  6.23066081e-07 
 2.55147845e-04  1.20000000e+00  2.55147845e-04  1.20000000e+00  2.55147845e-04  1.20000000e+00  2.55147845e-04  5.72950651e-06  2.55147845e-04 -5.03288587e-07 
 2.56147845e-04  1.20000000e+00  2.56147845e-04  1.20000000e+00  2.56147845e-04  1.20000000e+00  2.56147845e-04 -5.59202629e-06  2.56147845e-04  6.23023291e-07 
 2.57147845e-04  1.20000000e+00  2.57147845e-04  1.20000000e+00  2.57147845e-04  1.20000000e+00  2.57147845e-04  5.73031419e-06  2.57147845e-04 -5.03245796e-07 
 2.58147845e-04  1.20000000e+00  2.58147845e-04  1.20000000e+00  2.58147845e-04  1.20000000e+00  2.58147845e-04 -5.59283392e-06  2.58147845e-04  6.22980499e-07 
 2.59147845e-04  1.20000000e+00  2.59147845e-04  1.20000000e+00  2.59147845e-04  1.20000000e+00  2.59147845e-04  5.73112176e-06  2.59147845e-04 -5.03203003e-07 
 2.60147845e-04  1.20000000e+00  2.60147845e-04  1.20000000e+00  2.60147845e-04  1.20000000e+00  2.60147845e-04 -5.59364144e-06  2.60147845e-04  6.22937705e-07 
 2.61147845e-04  1.20000000e+00  2.61147845e-04  1.20000000e+00  2.61147845e-04  1.20000000e+00  2.61147845e-04  5.73192921e-06  2.61147845e-04 -5.03160208e-07 
 2.62147845e-04  1.20000000e+00  2.62147845e-04  1.20000000e+00  2.62147845e-04  1.20000000e+00  2.62147845e-04 -5.59444884e-06  2.62147845e-04  6.22894909e-07 
 2.63147845e-04  1.20000000e+00  2.63147845e-04  1.20000000e+00  2.63147845e-04  1.20000000e+00  2.63147845e-04  5.73273654e-06  2.63147845e-04 -5.03117412e-07 
 2.64147845e-04  1.20000000e+00  2.64147845e-04  1.20000000e+00  2.64147845e-04  1.20000000e+00  2.64147845e-04 -5.59525612e-06  2.64147845e-04  6.22852111e-07 
 2.65147845e-04  1.20000000e+00  2.65147845e-04  1.20000000e+00  2.65147845e-04  1.20000000e+00  2.65147845e-04  5.73354376e-06  2.65147845e-04 -5.03074613e-07 
 2.66147845e-04  1.20000000e+00  2.66147845e-04  1.20000000e+00  2.66147845e-04  1.20000000e+00  2.66147845e-04 -5.59606329e-06  2.66147845e-04  6.22809312e-07 
 2.67147845e-04  1.20000000e+00  2.67147845e-04  1.20000000e+00  2.67147845e-04  1.20000000e+00  2.67147845e-04  5.73435086e-06  2.67147845e-04 -5.03031813e-07 
 2.68147845e-04  1.20000000e+00  2.68147845e-04  1.20000000e+00  2.68147845e-04  1.20000000e+00  2.68147845e-04 -5.59687035e-06  2.68147845e-04  6.22766510e-07 
 2.69147845e-04  1.20000000e+00  2.69147845e-04  1.20000000e+00  2.69147845e-04  1.20000000e+00  2.69147845e-04  5.73515785e-06  2.69147845e-04 -5.02989010e-07 
 2.70147845e-04  1.20000000e+00  2.70147845e-04  1.20000000e+00  2.70147845e-04  1.20000000e+00  2.70147845e-04 -5.59767728e-06  2.70147845e-04  6.22723707e-07 
 2.71147845e-04  1.20000000e+00  2.71147845e-04  1.20000000e+00  2.71147845e-04  1.20000000e+00  2.71147845e-04  5.73596472e-06  2.71147845e-04 -5.02946206e-07 
 2.72147845e-04  1.20000000e+00  2.72147845e-04  1.20000000e+00  2.72147845e-04  1.20000000e+00  2.72147845e-04 -5.59848410e-06  2.72147845e-04  6.22680901e-07 
 2.73147845e-04  1.20000000e+00  2.73147845e-04  1.20000000e+00  2.73147845e-04  1.20000000e+00  2.73147845e-04  5.73677147e-06  2.73147845e-04 -5.02903400e-07 
 2.74147845e-04  1.20000000e+00  2.74147845e-04  1.20000000e+00  2.74147845e-04  1.20000000e+00  2.74147845e-04 -5.59929081e-06  2.74147845e-04  6.22638094e-07 
 2.75147845e-04  1.20000000e+00  2.75147845e-04  1.20000000e+00  2.75147845e-04  1.20000000e+00  2.75147845e-04  5.73757811e-06  2.75147845e-04 -5.02860592e-07 
 2.76147845e-04  1.20000000e+00  2.76147845e-04  1.20000000e+00  2.76147845e-04  1.20000000e+00  2.76147845e-04 -5.60009740e-06  2.76147845e-04  6.22595285e-07 
 2.77147845e-04  1.20000000e+00  2.77147845e-04  1.20000000e+00  2.77147845e-04  1.20000000e+00  2.77147845e-04  5.73838464e-06  2.77147845e-04 -5.02817782e-07 
 2.78147845e-04  1.20000000e+00  2.78147845e-04  1.20000000e+00  2.78147845e-04  1.20000000e+00  2.78147845e-04 -5.60090387e-06  2.78147845e-04  6.22552474e-07 
 2.79147845e-04  1.20000000e+00  2.79147845e-04  1.20000000e+00  2.79147845e-04  1.20000000e+00  2.79147845e-04  5.73919104e-06  2.79147845e-04 -5.02774970e-07 
 2.80147845e-04  1.20000000e+00  2.80147845e-04  1.20000000e+00  2.80147845e-04  1.20000000e+00  2.80147845e-04 -5.60171023e-06  2.80147845e-04  6.22509661e-07 
 2.81147845e-04  1.20000000e+00  2.81147845e-04  1.20000000e+00  2.81147845e-04  1.20000000e+00  2.81147845e-04  5.73999733e-06  2.81147845e-04 -5.02732157e-07 
 2.82147845e-04  1.20000000e+00  2.82147845e-04  1.20000000e+00  2.82147845e-04  1.20000000e+00  2.82147845e-04 -5.60251647e-06  2.82147845e-04  6.22466847e-07 
 2.83147845e-04  1.20000000e+00  2.83147845e-04  1.20000000e+00  2.83147845e-04  1.20000000e+00  2.83147845e-04  5.74080351e-06  2.83147845e-04 -5.02689341e-07 
 2.84147845e-04  1.20000000e+00  2.84147845e-04  1.20000000e+00  2.84147845e-04  1.20000000e+00  2.84147845e-04 -5.60332259e-06  2.84147845e-04  6.22424030e-07 
 2.85147845e-04  1.20000000e+00  2.85147845e-04  1.20000000e+00  2.85147845e-04  1.20000000e+00  2.85147845e-04  5.74160957e-06  2.85147845e-04 -5.02646524e-07 
 2.86147845e-04  1.20000000e+00  2.86147845e-04  1.20000000e+00  2.86147845e-04  1.20000000e+00  2.86147845e-04 -5.60412860e-06  2.86147845e-04  6.22381211e-07 
 2.87147845e-04  1.20000000e+00  2.87147845e-04  1.20000000e+00  2.87147845e-04  1.20000000e+00  2.87147845e-04  5.74241551e-06  2.87147845e-04 -5.02603704e-07 
 2.88147845e-04  1.20000000e+00  2.88147845e-04  1.20000000e+00  2.88147845e-04  1.20000000e+00  2.88147845e-04 -5.60493449e-06  2.88147845e-04  6.22338390e-07 
 2.89147845e-04  1.20000000e+00  2.89147845e-04  1.20000000e+00  2.89147845e-04  1.20000000e+00  2.89147845e-04  5.74322134e-06  2.89147845e-04 -5.02560883e-07 
 2.90147845e-04  1.20000000e+00  2.90147845e-04  1.20000000e+00  2.90147845e-04  1.20000000e+00  2.90147845e-04 -5.60574027e-06  2.90147845e-04  6.22295568e-07 
 2.91147845e-04  1.20000000e+00  2.91147845e-04  1.20000000e+00  2.91147845e-04  1.20000000e+00  2.91147845e-04  5.74402705e-06  2.91147845e-04 -5.02518060e-07 
 2.92147845e-04  1.20000000e+00  2.92147845e-04  1.20000000e+00  2.92147845e-04  1.20000000e+00  2.92147845e-04 -5.60654593e-06  2.92147845e-04  6.22252744e-07 
 2.93147845e-04  1.20000000e+00  2.93147845e-04  1.20000000e+00  2.93147845e-04  1.20000000e+00  2.93147845e-04  5.74483265e-06  2.93147845e-04 -5.02475235e-07 
 2.94147845e-04  1.20000000e+00  2.94147845e-04  1.20000000e+00  2.94147845e-04  1.20000000e+00  2.94147845e-04 -5.60735148e-06  2.94147845e-04  6.22209918e-07 
 2.95147845e-04  1.20000000e+00  2.95147845e-04  1.20000000e+00  2.95147845e-04  1.20000000e+00  2.95147845e-04  5.74563813e-06  2.95147845e-04 -5.02432408e-07 
 2.96147845e-04  1.20000000e+00  2.96147845e-04  1.20000000e+00  2.96147845e-04  1.20000000e+00  2.96147845e-04 -5.60815691e-06  2.96147845e-04  6.22167090e-07 
 2.97147845e-04  1.20000000e+00  2.97147845e-04  1.20000000e+00  2.97147845e-04  1.20000000e+00  2.97147845e-04  5.74644349e-06  2.97147845e-04 -5.02389579e-07 
 2.98147845e-04  1.20000000e+00  2.98147845e-04  1.20000000e+00  2.98147845e-04  1.20000000e+00  2.98147845e-04 -5.60896222e-06  2.98147845e-04  6.22124260e-07 
 2.99074422e-04  1.20000000e+00  2.99074422e-04  1.20000000e+00  2.99074422e-04  1.20000000e+00  2.99074422e-04  5.74728064e-06  2.99074422e-04 -5.02345052e-07 
 3.00001000e-04  1.20000000e+00  3.00001000e-04  1.20000000e+00  3.00001000e-04  1.20000000e+00  3.00001000e-04 -5.60983122e-06  3.00001000e-04  6.22078034e-07 
 3.00001100e-04  1.08000000e+00  3.00001100e-04  1.20000000e+00  3.00001100e-04  1.20000000e+00  3.00001100e-04  8.70221635e-07  3.00001100e-04  1.15164756e-07 
 3.00001300e-04  8.40000000e-01  3.00001300e-04  1.20000000e+00  3.00001300e-04  1.20000000e+00  3.00001300e-04 -3.60754959e-07  3.00001300e-04  3.21317380e-09 
 3.00001650e-04  4.20000000e-01  3.00001650e-04  1.20000000e+00  3.00001650e-04  1.20000000e+00  3.00001650e-04 -6.67875199e-06  3.00001650e-04  1.14885536e-07 
 3.00002000e-04  6.24209573e-11  3.00002000e-04  1.20000000e+00  3.00002000e-04  1.20000000e+00  3.00002000e-04  2.46965450e-05  3.00002000e-04  1.48912159e-08 
 3.00002038e-04  0.00000000e+00  3.00002038e-04  1.20000000e+00  3.00002038e-04  1.20000000e+00  3.00002038e-04 -3.21158592e-05  3.00002038e-04 -2.55209039e-07 
 3.00002115e-04  0.00000000e+00  3.00002115e-04  1.20000000e+00  3.00002115e-04  1.20000000e+00  3.00002115e-04  1.17197952e-05  3.00002115e-04  9.39189314e-07 
 3.00002268e-04  0.00000000e+00  3.00002268e-04  1.20000000e+00  3.00002268e-04  1.20000000e+00  3.00002268e-04 -7.76586082e-06  3.00002268e-04 -1.04755358e-06 
 3.00002574e-04  0.00000000e+00  3.00002574e-04  1.20000000e+00  3.00002574e-04  1.20000000e+00  3.00002574e-04  5.73936137e-06  3.00002574e-04  1.23817566e-06 
 3.00003186e-04  0.00000000e+00  3.00003186e-04  1.20000000e+00  3.00003186e-04  1.20000000e+00  3.00003186e-04 -4.52577070e-06  3.00003186e-04 -1.14443399e-06 
 3.00004410e-04  0.00000000e+00  3.00004410e-04  1.20000000e+00  3.00004410e-04  1.20000000e+00  3.00004410e-04  4.13554041e-06  3.00004410e-04  1.27496978e-06 
 3.00006857e-04  0.00000000e+00  3.00006857e-04  1.20000000e+00  3.00006857e-04  1.20000000e+00  3.00006857e-04 -3.73330238e-06  3.00006857e-04 -1.16010270e-06 
 3.00011753e-04  0.00000000e+00  3.00011753e-04  1.20000000e+00  3.00011753e-04  1.20000000e+00  3.00011753e-04  3.74203043e-06  3.00011753e-04  1.28214646e-06 
 3.00021544e-04  0.00000000e+00  3.00021544e-04  1.20000000e+00  3.00021544e-04  1.20000000e+00  3.00021544e-04 -3.53734638e-06  3.00021544e-04 -1.16352881e-06 
 3.00041126e-04  0.00000000e+00  3.00041126e-04  1.20000000e+00  3.00041126e-04  1.20000000e+00  3.00041126e-04  3.64422682e-06  3.00041126e-04  1.28381965e-06 
 3.00080291e-04  0.00000000e+00  3.00080291e-04  1.20000000e+00  3.00080291e-04  1.20000000e+00  3.00080291e-04 -3.48850463e-06  3.00080291e-04 -1.16435532e-06 
 3.00158620e-04  0.00000000e+00  3.00158620e-04  1.20000000e+00  3.00158620e-04  1.20000000e+00  3.00158620e-04  3.61981325e-06  3.00158620e-04  1.28423047e-06 
 3.00315278e-04  0.00000000e+00  3.00315278e-04  1.20000000e+00  3.00315278e-04  1.20000000e+00  3.00315278e-04 -3.47630358e-06  3.00315278e-04 -1.16456008e-06 
 3.00628595e-04  0.00000000e+00  3.00628595e-04  1.20000000e+00  3.00628595e-04  1.20000000e+00  3.00628595e-04  3.61371222e-06  3.00628595e-04  1.28433271e-06 
 3.01255228e-04  0.00000000e+00  3.01255228e-04  1.20000000e+00  3.01255228e-04  1.20000000e+00  3.01255228e-04 -3.47325391e-06  3.01255228e-04 -1.16461115e-06 
 3.02255228e-04  0.00000000e+00  3.02255228e-04  1.20000000e+00  3.02255228e-04  1.20000000e+00  3.02255228e-04  3.61205835e-06  3.02255228e-04  1.28436039e-06 
 3.03255228e-04  0.00000000e+00  3.03255228e-04  1.20000000e+00  3.03255228e-04  1.20000000e+00  3.03255228e-04 -3.47197996e-06  3.03255228e-04 -1.16463247e-06 
 3.04255228e-04  0.00000000e+00  3.04255228e-04  1.20000000e+00  3.04255228e-04  1.20000000e+00  3.04255228e-04  3.61078416e-06  3.04255228e-04  1.28438171e-06 
 3.05255228e-04  0.00000000e+00  3.05255228e-04  1.20000000e+00  3.05255228e-04  1.20000000e+00  3.05255228e-04 -3.47070606e-06  3.05255228e-04 -1.16465379e-06 
 3.06255228e-04  0.00000000e+00  3.06255228e-04  1.20000000e+00  3.06255228e-04  1.20000000e+00  3.06255228e-04  3.60951000e-06  3.06255228e-04  1.28440303e-06 
 3.07255228e-04  0.00000000e+00  3.07255228e-04  1.20000000e+00  3.07255228e-04  1.20000000e+00  3.07255228e-04 -3.46943219e-06  3.07255228e-04 -1.16467510e-06 
 3.08255228e-04  0.00000000e+00  3.08255228e-04  1.20000000e+00  3.08255228e-04  1.20000000e+00  3.08255228e-04  3.60823588e-06  3.08255228e-04  1.28442433e-06 
 3.09255228e-04  0.00000000e+00  3.09255228e-04  1.20000000e+00  3.09255228e-04  1.20000000e+00  3.09255228e-04 -3.46815837e-06  3.09255228e-04 -1.16469639e-06 
 3.10255228e-04  0.00000000e+00  3.10255228e-04  1.20000000e+00  3.10255228e-04  1.20000000e+00  3.10255228e-04  3.60696181e-06  3.10255228e-04  1.28444563e-06 
 3.11255228e-04  0.00000000e+00  3.11255228e-04  1.20000000e+00  3.11255228e-04  1.20000000e+00  3.11255228e-04 -3.46688458e-06  3.11255228e-04 -1.16471768e-06 
 3.12255228e-04  0.00000000e+00  3.12255228e-04  1.20000000e+00  3.12255228e-04  1.20000000e+00  3.12255228e-04  3.60568778e-06  3.12255228e-04  1.28446692e-06 
 3.13255228e-04  0.00000000e+00  3.13255228e-04  1.20000000e+00  3.13255228e-04  1.20000000e+00  3.13255228e-04 -3.46561084e-06  3.13255228e-04 -1.16473897e-06 
 3.14255228e-04  0.00000000e+00  3.14255228e-04  1.20000000e+00  3.14255228e-04  1.20000000e+00  3.14255228e-04  3.60441378e-06  3.14255228e-04  1.28448820e-06 
 3.15255228e-04  0.00000000e+00  3.15255228e-04  1.20000000e+00  3.15255228e-04  1.20000000e+00  3.15255228e-04 -3.46433714e-06  3.15255228e-04 -1.16476024e-06 
 3.16255228e-04  0.00000000e+00  3.16255228e-04  1.20000000e+00  3.16255228e-04  1.20000000e+00  3.16255228e-04  3.60313983e-06  3.16255228e-04  1.28450947e-06 
 3.17255228e-04  0.00000000e+00  3.17255228e-04  1.20000000e+00  3.17255228e-04  1.20000000e+00  3.17255228e-04 -3.46306348e-06  3.17255228e-04 -1.16478151e-06 
 3.18255228e-04  0.00000000e+00  3.18255228e-04  1.20000000e+00  3.18255228e-04  1.20000000e+00  3.18255228e-04  3.60186592e-06  3.18255228e-04  1.28453074e-06 
 3.19255228e-04  0.00000000e+00  3.19255228e-04  1.20000000e+00  3.19255228e-04  1.20000000e+00  3.19255228e-04 -3.46178986e-06  3.19255228e-04 -1.16480276e-06 
 3.20255228e-04  0.00000000e+00  3.20255228e-04  1.20000000e+00  3.20255228e-04  1.20000000e+00  3.20255228e-04  3.60059205e-06  3.20255228e-04  1.28455199e-06 
 3.21255228e-04  0.00000000e+00  3.21255228e-04  1.20000000e+00  3.21255228e-04  1.20000000e+00  3.21255228e-04 -3.46051629e-06  3.21255228e-04 -1.16482401e-06 
 3.22255228e-04  0.00000000e+00  3.22255228e-04  1.20000000e+00  3.22255228e-04  1.20000000e+00  3.22255228e-04  3.59931823e-06  3.22255228e-04  1.28457324e-06 
 3.23255228e-04  0.00000000e+00  3.23255228e-04  1.20000000e+00  3.23255228e-04  1.20000000e+00  3.23255228e-04 -3.45924275e-06  3.23255228e-04 -1.16484525e-06 
 3.24255228e-04  0.00000000e+00  3.24255228e-04  1.20000000e+00  3.24255228e-04  1.20000000e+00  3.24255228e-04  3.59804444e-06  3.24255228e-04  1.28459448e-06 
 3.25255228e-04  0.00000000e+00  3.25255228e-04  1.20000000e+00  3.25255228e-04  1.20000000e+00  3.25255228e-04 -3.45796926e-06  3.25255228e-04 -1.16486649e-06 
 3.26255228e-04  0.00000000e+00  3.26255228e-04  1.20000000e+00  3.26255228e-04  1.20000000e+00  3.26255228e-04  3.59677070e-06  3.26255228e-04  1.28461571e-06 
 3.27255228e-04  0.00000000e+00  3.27255228e-04  1.20000000e+00  3.27255228e-04  1.20000000e+00  3.27255228e-04 -3.45669581e-06  3.27255228e-04 -1.16488771e-06 
 3.28255228e-04  0.00000000e+00  3.28255228e-04  1.20000000e+00  3.28255228e-04  1.20000000e+00  3.28255228e-04  3.59549699e-06  3.28255228e-04  1.28463694e-06 
 3.29255228e-04  0.00000000e+00  3.29255228e-04  1.20000000e+00  3.29255228e-04  1.20000000e+00  3.29255228e-04 -3.45542239e-06  3.29255228e-04 -1.16490893e-06 
 3.30255228e-04  0.00000000e+00  3.30255228e-04  1.20000000e+00  3.30255228e-04  1.20000000e+00  3.30255228e-04  3.59422333e-06  3.30255228e-04  1.28465815e-06 
 3.31255228e-04  0.00000000e+00  3.31255228e-04  1.20000000e+00  3.31255228e-04  1.20000000e+00  3.31255228e-04 -3.45414902e-06  3.31255228e-04 -1.16493014e-06 
 3.32255228e-04  0.00000000e+00  3.32255228e-04  1.20000000e+00  3.32255228e-04  1.20000000e+00  3.32255228e-04  3.59294971e-06  3.32255228e-04  1.28467936e-06 
 3.33255228e-04  0.00000000e+00  3.33255228e-04  1.20000000e+00  3.33255228e-04  1.20000000e+00  3.33255228e-04 -3.45287570e-06  3.33255228e-04 -1.16495134e-06 
 3.34255228e-04  0.00000000e+00  3.34255228e-04  1.20000000e+00  3.34255228e-04  1.20000000e+00  3.34255228e-04  3.59167613e-06  3.34255228e-04  1.28470056e-06 
 3.35255228e-04  0.00000000e+00  3.35255228e-04  1.20000000e+00  3.35255228e-04  1.20000000e+00  3.35255228e-04 -3.45160241e-06  3.35255228e-04 -1.16497253e-06 
 3.36255228e-04  0.00000000e+00  3.36255228e-04  1.20000000e+00  3.36255228e-04  1.20000000e+00  3.36255228e-04  3.59040259e-06  3.36255228e-04  1.28472175e-06 
 3.37255228e-04  0.00000000e+00  3.37255228e-04  1.20000000e+00  3.37255228e-04  1.20000000e+00  3.37255228e-04 -3.45032916e-06  3.37255228e-04 -1.16499371e-06 
 3.38255228e-04  0.00000000e+00  3.38255228e-04  1.20000000e+00  3.38255228e-04  1.20000000e+00  3.38255228e-04  3.58912909e-06  3.38255228e-04  1.28474293e-06 
 3.39255228e-04  0.00000000e+00  3.39255228e-04  1.20000000e+00  3.39255228e-04  1.20000000e+00  3.39255228e-04 -3.44905596e-06  3.39255228e-04 -1.16501489e-06 
 3.40255228e-04  0.00000000e+00  3.40255228e-04  1.20000000e+00  3.40255228e-04  1.20000000e+00  3.40255228e-04  3.58785564e-06  3.40255228e-04  1.28476411e-06 
 3.41255228e-04  0.00000000e+00  3.41255228e-04  1.20000000e+00  3.41255228e-04  1.20000000e+00  3.41255228e-04 -3.44778279e-06  3.41255228e-04 -1.16503606e-06 
 3.42255228e-04  0.00000000e+00  3.42255228e-04  1.20000000e+00  3.42255228e-04  1.20000000e+00  3.42255228e-04  3.58658223e-06  3.42255228e-04  1.28478528e-06 
 3.43255228e-04  0.00000000e+00  3.43255228e-04  1.20000000e+00  3.43255228e-04  1.20000000e+00  3.43255228e-04 -3.44650967e-06  3.43255228e-04 -1.16505722e-06 
 3.44255228e-04  0.00000000e+00  3.44255228e-04  1.20000000e+00  3.44255228e-04  1.20000000e+00  3.44255228e-04  3.58530885e-06  3.44255228e-04  1.28480644e-06 
 3.45255228e-04  0.00000000e+00  3.45255228e-04  1.20000000e+00  3.45255228e-04  1.20000000e+00  3.45255228e-04 -3.44523659e-06  3.45255228e-04 -1.16507837e-06 
 3.46255228e-04  0.00000000e+00  3.46255228e-04  1.20000000e+00  3.46255228e-04  1.20000000e+00  3.46255228e-04  3.58403552e-06  3.46255228e-04  1.28482759e-06 
 3.47255228e-04  0.00000000e+00  3.47255228e-04  1.20000000e+00  3.47255228e-04  1.20000000e+00  3.47255228e-04 -3.44396355e-06  3.47255228e-04 -1.16509952e-06 
 3.48255228e-04  0.00000000e+00  3.48255228e-04  1.20000000e+00  3.48255228e-04  1.20000000e+00  3.48255228e-04  3.58276223e-06  3.48255228e-04  1.28484873e-06 
 3.49127614e-04  0.00000000e+00  3.49127614e-04  1.20000000e+00  3.49127614e-04  1.20000000e+00  3.49127614e-04 -3.44259745e-06  3.49127614e-04 -1.16512220e-06 
 3.50000000e-04  6.50521303e-11  3.50000000e-04  1.20000000e+00  3.50000000e-04  1.20000000e+00  3.50000000e-04  3.58130273e-06  3.50000000e-04  1.28487295e-06 
 3.50000100e-04  1.20000000e-01  3.50000100e-04  1.20000000e+00  3.50000100e-04  1.20000000e+00  3.50000100e-04  1.75190047e-06  3.50000100e-04  4.51711201e-08 
 3.50000300e-04  3.60000000e-01  3.50000300e-04  1.20000000e+00  3.50000300e-04  1.20000000e+00  3.50000300e-04 -1.61261553e-06  3.50000300e-04  5.28772994e-08 
 3.50000584e-04  7.00512177e-01  3.50000584e-04  1.20000000e+00  3.50000584e-04  1.20000000e+00  3.50000584e-04 -1.17710087e-05  3.50000584e-04  1.07008647e-07 
 3.50000937e-04  1.12478861e+00  3.50000937e-04  1.20000000e+00  3.50000937e-04  1.20000000e+00  3.50000937e-04  1.14050406e+00  3.50000937e-04  1.16819719e+00 
 3.50001000e-04  1.20000000e+00  3.50001000e-04  1.20000000e+00  3.50001000e-04  1.20000000e+00  3.50001000e-04  1.22233299e+00  3.50001000e-04  1.20891760e+00 
 3.50001033e-04  1.20000000e+00  3.50001033e-04  1.20000000e+00  3.50001033e-04  1.20000000e+00  3.50001033e-04  1.20466293e+00  3.50001033e-04  1.20130796e+00 
 3.50001099e-04  1.20000000e+00  3.50001099e-04  1.20000000e+00  3.50001099e-04  1.20000000e+00  3.50001099e-04  1.19742282e+00  3.50001099e-04  1.19944847e+00 
 3.50001215e-04  1.20000000e+00  3.50001215e-04  1.20000000e+00  3.50001215e-04  1.20000000e+00  3.50001215e-04  1.20184934e+00  3.50001215e-04  1.20039569e+00 
 3.50001448e-04  1.20000000e+00  3.50001448e-04  1.20000000e+00  3.50001448e-04  1.20000000e+00  3.50001448e-04  1.19841014e+00  3.50001448e-04  1.19965056e+00 
 3.50001913e-04  1.20000000e+00  3.50001913e-04  1.20000000e+00  3.50001913e-04  1.20000000e+00  3.50001913e-04  1.20146261e+00  3.50001913e-04  1.20032982e+00 
 3.50002843e-04  1.20000000e+00  3.50002843e-04  1.20000000e+00  3.50002843e-04  1.20000000e+00  3.50002843e-04  1.19858563e+00  3.50002843e-04  1.19967811e+00 
 3.50004704e-04  1.20000000e+00  3.50004704e-04  1.20000000e+00  3.50004704e-04  1.20000000e+00  3.50004704e-04  1.20138030e+00  3.50004704e-04  1.20031728e+00 
 3.50008426e-04  1.20000000e+00  3.50008426e-04  1.20000000e+00  3.50008426e-04  1.20000000e+00  3.50008426e-04  1.19862613e+00  3.50008426e-04  1.19968416e+00 
 3.50015869e-04  1.20000000e+00  3.50015869e-04  1.20000000e+00  3.50015869e-04  1.20000000e+00  3.50015869e-04  1.20136051e+00  3.50015869e-04  1.20031434e+00 
 3.50030755e-04  1.20000000e+00  3.50030755e-04  1.20000000e+00  3.50030755e-04  1.20000000e+00  3.50030755e-04  1.19863606e+00  3.50030755e-04  1.19968562e+00 
 3.50060529e-04  1.20000000e+00  3.50060529e-04  1.20000000e+00  3.50060529e-04  1.20000000e+00  3.50060529e-04  1.20135561e+00  3.50060529e-04  1.20031361e+00 
 3.50120075e-04  1.20000000e+00  3.50120075e-04  1.20000000e+00  3.50120075e-04  1.20000000e+00  3.50120075e-04  1.19863853e+00  3.50120075e-04  1.19968598e+00 
 3.50239167e-04  1.20000000e+00  3.50239167e-04  1.20000000e+00  3.50239167e-04  1.20000000e+00  3.50239167e-04  1.20135439e+00  3.50239167e-04  1.20031343e+00 
 3.50477352e-04  1.20000000e+00  3.50477352e-04  1.20000000e+00  3.50477352e-04  1.20000000e+00  3.50477352e-04  1.19863915e+00  3.50477352e-04  1.19968607e+00 
 3.50953721e-04  1.20000000e+00  3.50953721e-04  1.20000000e+00  3.50953721e-04  1.20000000e+00  3.50953721e-04  1.20135409e+00  3.50953721e-04  1.20031339e+00 
 3.51906460e-04  1.20000000e+00  3.51906460e-04  1.20000000e+00  3.51906460e-04  1.20000000e+00  3.51906460e-04  1.19863930e+00  3.51906460e-04  1.19968610e+00 
 3.52906460e-04  1.20000000e+00  3.52906460e-04  1.20000000e+00  3.52906460e-04  1.20000000e+00  3.52906460e-04  1.20135399e+00  3.52906460e-04  1.20031337e+00 
 3.53906460e-04  1.20000000e+00  3.53906460e-04  1.20000000e+00  3.53906460e-04  1.20000000e+00  3.53906460e-04  1.19863940e+00  3.53906460e-04  1.19968611e+00 
 3.54906460e-04  1.20000000e+00  3.54906460e-04  1.20000000e+00  3.54906460e-04  1.20000000e+00  3.54906460e-04  1.20135389e+00  3.54906460e-04  1.20031336e+00 
 3.55906460e-04  1.20000000e+00  3.55906460e-04  1.20000000e+00  3.55906460e-04  1.20000000e+00  3.55906460e-04  1.19863950e+00  3.55906460e-04  1.19968613e+00 
 3.56906460e-04  1.20000000e+00  3.56906460e-04  1.20000000e+00  3.56906460e-04  1.20000000e+00  3.56906460e-04  1.20135379e+00  3.56906460e-04  1.20031334e+00 
 3.57906460e-04  1.20000000e+00  3.57906460e-04  1.20000000e+00  3.57906460e-04  1.20000000e+00  3.57906460e-04  1.19863960e+00  3.57906460e-04  1.19968614e+00 
 3.58906460e-04  1.20000000e+00  3.58906460e-04  1.20000000e+00  3.58906460e-04  1.20000000e+00  3.58906460e-04  1.20135370e+00  3.58906460e-04  1.20031333e+00 
 3.59906460e-04  1.20000000e+00  3.59906460e-04  1.20000000e+00  3.59906460e-04  1.20000000e+00  3.59906460e-04  1.19863969e+00  3.59906460e-04  1.19968616e+00 
 3.60906460e-04  1.20000000e+00  3.60906460e-04  1.20000000e+00  3.60906460e-04  1.20000000e+00  3.60906460e-04  1.20135360e+00  3.60906460e-04  1.20031332e+00 
 3.61906460e-04  1.20000000e+00  3.61906460e-04  1.20000000e+00  3.61906460e-04  1.20000000e+00  3.61906460e-04  1.19863979e+00  3.61906460e-04  1.19968617e+00 
 3.62906460e-04  1.20000000e+00  3.62906460e-04  1.20000000e+00  3.62906460e-04  1.20000000e+00  3.62906460e-04  1.20135350e+00  3.62906460e-04  1.20031330e+00 
 3.63906460e-04  1.20000000e+00  3.63906460e-04  1.20000000e+00  3.63906460e-04  1.20000000e+00  3.63906460e-04  1.19863989e+00  3.63906460e-04  1.19968618e+00 
 3.64906460e-04  1.20000000e+00  3.64906460e-04  1.20000000e+00  3.64906460e-04  1.20000000e+00  3.64906460e-04  1.20135340e+00  3.64906460e-04  1.20031329e+00 
 3.65906460e-04  1.20000000e+00  3.65906460e-04  1.20000000e+00  3.65906460e-04  1.20000000e+00  3.65906460e-04  1.19863999e+00  3.65906460e-04  1.19968620e+00 
 3.66906460e-04  1.20000000e+00  3.66906460e-04  1.20000000e+00  3.66906460e-04  1.20000000e+00  3.66906460e-04  1.20135331e+00  3.66906460e-04  1.20031327e+00 
 3.67906460e-04  1.20000000e+00  3.67906460e-04  1.20000000e+00  3.67906460e-04  1.20000000e+00  3.67906460e-04  1.19864009e+00  3.67906460e-04  1.19968621e+00 
 3.68906460e-04  1.20000000e+00  3.68906460e-04  1.20000000e+00  3.68906460e-04  1.20000000e+00  3.68906460e-04  1.20135321e+00  3.68906460e-04  1.20031326e+00 
 3.69906460e-04  1.20000000e+00  3.69906460e-04  1.20000000e+00  3.69906460e-04  1.20000000e+00  3.69906460e-04  1.19864018e+00  3.69906460e-04  1.19968623e+00 
 3.70906460e-04  1.20000000e+00  3.70906460e-04  1.20000000e+00  3.70906460e-04  1.20000000e+00  3.70906460e-04  1.20135311e+00  3.70906460e-04  1.20031324e+00 
 3.71906460e-04  1.20000000e+00  3.71906460e-04  1.20000000e+00  3.71906460e-04  1.20000000e+00  3.71906460e-04  1.19864028e+00  3.71906460e-04  1.19968624e+00 
 3.72906460e-04  1.20000000e+00  3.72906460e-04  1.20000000e+00  3.72906460e-04  1.20000000e+00  3.72906460e-04  1.20135302e+00  3.72906460e-04  1.20031323e+00 
 3.73906460e-04  1.20000000e+00  3.73906460e-04  1.20000000e+00  3.73906460e-04  1.20000000e+00  3.73906460e-04  1.19864038e+00  3.73906460e-04  1.19968626e+00 
 3.74906460e-04  1.20000000e+00  3.74906460e-04  1.20000000e+00  3.74906460e-04  1.20000000e+00  3.74906460e-04  1.20135292e+00  3.74906460e-04  1.20031322e+00 
 3.75906460e-04  1.20000000e+00  3.75906460e-04  1.20000000e+00  3.75906460e-04  1.20000000e+00  3.75906460e-04  1.19864048e+00  3.75906460e-04  1.19968627e+00 
 3.76906460e-04  1.20000000e+00  3.76906460e-04  1.20000000e+00  3.76906460e-04  1.20000000e+00  3.76906460e-04  1.20135282e+00  3.76906460e-04  1.20031320e+00 
 3.77906460e-04  1.20000000e+00  3.77906460e-04  1.20000000e+00  3.77906460e-04  1.20000000e+00  3.77906460e-04  1.19864057e+00  3.77906460e-04  1.19968628e+00 
 3.78906460e-04  1.20000000e+00  3.78906460e-04  1.20000000e+00  3.78906460e-04  1.20000000e+00  3.78906460e-04  1.20135273e+00  3.78906460e-04  1.20031319e+00 
 3.79906460e-04  1.20000000e+00  3.79906460e-04  1.20000000e+00  3.79906460e-04  1.20000000e+00  3.79906460e-04  1.19864067e+00  3.79906460e-04  1.19968630e+00 
 3.80906460e-04  1.20000000e+00  3.80906460e-04  1.20000000e+00  3.80906460e-04  1.20000000e+00  3.80906460e-04  1.20135263e+00  3.80906460e-04  1.20031317e+00 
 3.81906460e-04  1.20000000e+00  3.81906460e-04  1.20000000e+00  3.81906460e-04  1.20000000e+00  3.81906460e-04  1.19864077e+00  3.81906460e-04  1.19968631e+00 
 3.82906460e-04  1.20000000e+00  3.82906460e-04  1.20000000e+00  3.82906460e-04  1.20000000e+00  3.82906460e-04  1.20135253e+00  3.82906460e-04  1.20031316e+00 
 3.83906460e-04  1.20000000e+00  3.83906460e-04  1.20000000e+00  3.83906460e-04  1.20000000e+00  3.83906460e-04  1.19864087e+00  3.83906460e-04  1.19968633e+00 
 3.84906460e-04  1.20000000e+00  3.84906460e-04  1.20000000e+00  3.84906460e-04  1.20000000e+00  3.84906460e-04  1.20135244e+00  3.84906460e-04  1.20031314e+00 
 3.85906460e-04  1.20000000e+00  3.85906460e-04  1.20000000e+00  3.85906460e-04  1.20000000e+00  3.85906460e-04  1.19864097e+00  3.85906460e-04  1.19968634e+00 
 3.86906460e-04  1.20000000e+00  3.86906460e-04  1.20000000e+00  3.86906460e-04  1.20000000e+00  3.86906460e-04  1.20135234e+00  3.86906460e-04  1.20031313e+00 
 3.87906460e-04  1.20000000e+00  3.87906460e-04  1.20000000e+00  3.87906460e-04  1.20000000e+00  3.87906460e-04  1.19864106e+00  3.87906460e-04  1.19968636e+00 
 3.88906460e-04  1.20000000e+00  3.88906460e-04  1.20000000e+00  3.88906460e-04  1.20000000e+00  3.88906460e-04  1.20135224e+00  3.88906460e-04  1.20031312e+00 
 3.89906460e-04  1.20000000e+00  3.89906460e-04  1.20000000e+00  3.89906460e-04  1.20000000e+00  3.89906460e-04  1.19864116e+00  3.89906460e-04  1.19968637e+00 
 3.90906460e-04  1.20000000e+00  3.90906460e-04  1.20000000e+00  3.90906460e-04  1.20000000e+00  3.90906460e-04  1.20135215e+00  3.90906460e-04  1.20031310e+00 
 3.91906460e-04  1.20000000e+00  3.91906460e-04  1.20000000e+00  3.91906460e-04  1.20000000e+00  3.91906460e-04  1.19864126e+00  3.91906460e-04  1.19968638e+00 
 3.92906460e-04  1.20000000e+00  3.92906460e-04  1.20000000e+00  3.92906460e-04  1.20000000e+00  3.92906460e-04  1.20135205e+00  3.92906460e-04  1.20031309e+00 
 3.93906460e-04  1.20000000e+00  3.93906460e-04  1.20000000e+00  3.93906460e-04  1.20000000e+00  3.93906460e-04  1.19864136e+00  3.93906460e-04  1.19968640e+00 
 3.94906460e-04  1.20000000e+00  3.94906460e-04  1.20000000e+00  3.94906460e-04  1.20000000e+00  3.94906460e-04  1.20135195e+00  3.94906460e-04  1.20031307e+00 
 3.95906460e-04  1.20000000e+00  3.95906460e-04  1.20000000e+00  3.95906460e-04  1.20000000e+00  3.95906460e-04  1.19864145e+00  3.95906460e-04  1.19968641e+00 
 3.96906460e-04  1.20000000e+00  3.96906460e-04  1.20000000e+00  3.96906460e-04  1.20000000e+00  3.96906460e-04  1.20135186e+00  3.96906460e-04  1.20031306e+00 
 3.97906460e-04  1.20000000e+00  3.97906460e-04  1.20000000e+00  3.97906460e-04  1.20000000e+00  3.97906460e-04  1.19864155e+00  3.97906460e-04  1.19968643e+00 
 3.98906460e-04  1.20000000e+00  3.98906460e-04  1.20000000e+00  3.98906460e-04  1.20000000e+00  3.98906460e-04  1.20135176e+00  3.98906460e-04  1.20031304e+00 
 3.99453730e-04  1.20000000e+00  3.99453730e-04  1.20000000e+00  3.99453730e-04  1.20000000e+00  3.99453730e-04  1.19864169e+00  3.99453730e-04  1.19968645e+00 
 4.00001000e-04  1.20000000e+00  4.00001000e-04  1.20000000e+00  4.00001000e-04  1.20000000e+00  4.00001000e-04  1.20135158e+00  4.00001000e-04  1.20031302e+00 
 4.00001100e-04  1.08000000e+00  4.00001100e-04  1.20000000e+00  4.00001100e-04  1.20000000e+00  4.00001100e-04  1.20011041e+00  4.00001100e-04  1.20001548e+00 
 4.00001300e-04  8.40000000e-01  4.00001300e-04  1.20000000e+00  4.00001300e-04  1.20000000e+00  4.00001300e-04  1.19990894e+00  4.00001300e-04  1.19998834e+00 
 4.00001650e-04  4.20000000e-01  4.00001650e-04  1.20000000e+00  4.00001650e-04  1.20000000e+00  4.00001650e-04  1.20037156e+00  4.00001650e-04  1.20000994e+00 
 4.00002000e-04  0.00000000e+00  4.00002000e-04  1.20000000e+00  4.00002000e-04  1.20000000e+00  4.00002000e-04  1.19935318e+00  4.00002000e-04  1.19999120e+00 
 4.00002038e-04  0.00000000e+00  4.00002038e-04  1.20000000e+00  4.00002038e-04  1.20000000e+00  4.00002038e-04  1.19989781e+00  4.00002038e-04  1.19999821e+00 
 4.00002115e-04  0.00000000e+00  4.00002115e-04  1.20000000e+00  4.00002115e-04  1.20000000e+00  4.00002115e-04  1.20012354e+00  4.00002115e-04  1.20000157e+00 
 4.00002269e-04  0.00000000e+00  4.00002269e-04  1.20000000e+00  4.00002269e-04  1.20000000e+00  4.00002269e-04  1.19990458e+00  4.00002269e-04  1.19999791e+00 
 4.00002575e-04  0.00000000e+00  4.00002575e-04  1.20000000e+00  4.00002575e-04  1.20000000e+00  4.00002575e-04  1.20008242e+00  4.00002575e-04  1.20000216e+00 
 4.00003189e-04  0.00000000e+00  4.00003189e-04  1.20000000e+00  4.00003189e-04  1.20000000e+00  4.00003189e-04  1.19992337e+00  4.00003189e-04  1.19999769e+00 
 4.00004417e-04  0.00000000e+00  4.00004417e-04  1.20000000e+00  4.00004417e-04  1.20000000e+00  4.00004417e-04  1.20007362e+00  4.00004417e-04  1.20000224e+00 
 4.00006872e-04  0.00000000e+00  4.00006872e-04  1.20000000e+00  4.00006872e-04  1.20000000e+00  4.00006872e-04  1.19992763e+00  4.00006872e-04  1.19999765e+00 
 4.00011782e-04  0.00000000e+00  4.00011782e-04  1.20000000e+00  4.00011782e-04  1.20000000e+00  4.00011782e-04  1.20007153e+00  4.00011782e-04  1.20000226e+00 
 4.00021602e-04  0.00000000e+00  4.00021602e-04  1.20000000e+00  4.00021602e-04  1.20000000e+00  4.00021602e-04  1.19992866e+00  4.00021602e-04  1.19999764e+00 
 4.00041243e-04  0.00000000e+00  4.00041243e-04  1.20000000e+00  4.00041243e-04  1.20000000e+00  4.00041243e-04  1.20007101e+00  4.00041243e-04  1.20000227e+00 
 4.00080525e-04  0.00000000e+00  4.00080525e-04  1.20000000e+00  4.00080525e-04  1.20000000e+00  4.00080525e-04  1.19992892e+00  4.00080525e-04  1.19999764e+00 
 4.00159088e-04  0.00000000e+00  4.00159088e-04  1.20000000e+00  4.00159088e-04  1.20000000e+00  4.00159088e-04  1.20007088e+00  4.00159088e-04  1.20000227e+00 
 4.00316214e-04  0.00000000e+00  4.00316214e-04  1.20000000e+00  4.00316214e-04  1.20000000e+00  4.00316214e-04  1.19992899e+00  4.00316214e-04  1.19999764e+00 
 4.00630466e-04  0.00000000e+00  4.00630466e-04  1.20000000e+00  4.00630466e-04  1.20000000e+00  4.00630466e-04  1.20007085e+00  4.00630466e-04  1.20000227e+00 
 4.01258969e-04  0.00000000e+00  4.01258969e-04  1.20000000e+00  4.01258969e-04  1.20000000e+00  4.01258969e-04  1.19992900e+00  4.01258969e-04  1.19999764e+00 
 4.02258969e-04  0.00000000e+00  4.02258969e-04  1.20000000e+00  4.02258969e-04  1.20000000e+00  4.02258969e-04  1.20007084e+00  4.02258969e-04  1.20000227e+00 
 4.03258969e-04  0.00000000e+00  4.03258969e-04  1.20000000e+00  4.03258969e-04  1.20000000e+00  4.03258969e-04  1.19992901e+00  4.03258969e-04  1.19999764e+00 
 4.04258969e-04  0.00000000e+00  4.04258969e-04  1.20000000e+00  4.04258969e-04  1.20000000e+00  4.04258969e-04  1.20007083e+00  4.04258969e-04  1.20000227e+00 
 4.05258969e-04  0.00000000e+00  4.05258969e-04  1.20000000e+00  4.05258969e-04  1.20000000e+00  4.05258969e-04  1.19992902e+00  4.05258969e-04  1.19999764e+00 
 4.06258969e-04  0.00000000e+00  4.06258969e-04  1.20000000e+00  4.06258969e-04  1.20000000e+00  4.06258969e-04  1.20007083e+00  4.06258969e-04  1.20000227e+00 
 4.07258969e-04  0.00000000e+00  4.07258969e-04  1.20000000e+00  4.07258969e-04  1.20000000e+00  4.07258969e-04  1.19992902e+00  4.07258969e-04  1.19999764e+00 
 4.08258969e-04  0.00000000e+00  4.08258969e-04  1.20000000e+00  4.08258969e-04  1.20000000e+00  4.08258969e-04  1.20007082e+00  4.08258969e-04  1.20000227e+00 
 4.09258969e-04  0.00000000e+00  4.09258969e-04  1.20000000e+00  4.09258969e-04  1.20000000e+00  4.09258969e-04  1.19992903e+00  4.09258969e-04  1.19999764e+00 
 4.10258969e-04  0.00000000e+00  4.10258969e-04  1.20000000e+00  4.10258969e-04  1.20000000e+00  4.10258969e-04  1.20007081e+00  4.10258969e-04  1.20000227e+00 
 4.11258969e-04  0.00000000e+00  4.11258969e-04  1.20000000e+00  4.11258969e-04  1.20000000e+00  4.11258969e-04  1.19992904e+00  4.11258969e-04  1.19999764e+00 
 4.12258969e-04  0.00000000e+00  4.12258969e-04  1.20000000e+00  4.12258969e-04  1.20000000e+00  4.12258969e-04  1.20007081e+00  4.12258969e-04  1.20000227e+00 
 4.13258969e-04  0.00000000e+00  4.13258969e-04  1.20000000e+00  4.13258969e-04  1.20000000e+00  4.13258969e-04  1.19992904e+00  4.13258969e-04  1.19999764e+00 
 4.14258969e-04  0.00000000e+00  4.14258969e-04  1.20000000e+00  4.14258969e-04  1.20000000e+00  4.14258969e-04  1.20007080e+00  4.14258969e-04  1.20000227e+00 
 4.15258969e-04  0.00000000e+00  4.15258969e-04  1.20000000e+00  4.15258969e-04  1.20000000e+00  4.15258969e-04  1.19992905e+00  4.15258969e-04  1.19999764e+00 
 4.16258969e-04  0.00000000e+00  4.16258969e-04  1.20000000e+00  4.16258969e-04  1.20000000e+00  4.16258969e-04  1.20007079e+00  4.16258969e-04  1.20000227e+00 
 4.17258969e-04  0.00000000e+00  4.17258969e-04  1.20000000e+00  4.17258969e-04  1.20000000e+00  4.17258969e-04  1.19992906e+00  4.17258969e-04  1.19999764e+00 
 4.18258969e-04  0.00000000e+00  4.18258969e-04  1.20000000e+00  4.18258969e-04  1.20000000e+00  4.18258969e-04  1.20007079e+00  4.18258969e-04  1.20000227e+00 
 4.19258969e-04  0.00000000e+00  4.19258969e-04  1.20000000e+00  4.19258969e-04  1.20000000e+00  4.19258969e-04  1.19992906e+00  4.19258969e-04  1.19999764e+00 
 4.20258969e-04  0.00000000e+00  4.20258969e-04  1.20000000e+00  4.20258969e-04  1.20000000e+00  4.20258969e-04  1.20007078e+00  4.20258969e-04  1.20000227e+00 
 4.21258969e-04  0.00000000e+00  4.21258969e-04  1.20000000e+00  4.21258969e-04  1.20000000e+00  4.21258969e-04  1.19992907e+00  4.21258969e-04  1.19999764e+00 
 4.22258969e-04  0.00000000e+00  4.22258969e-04  1.20000000e+00  4.22258969e-04  1.20000000e+00  4.22258969e-04  1.20007077e+00  4.22258969e-04  1.20000227e+00 
 4.23258969e-04  0.00000000e+00  4.23258969e-04  1.20000000e+00  4.23258969e-04  1.20000000e+00  4.23258969e-04  1.19992908e+00  4.23258969e-04  1.19999764e+00 
 4.24258969e-04  0.00000000e+00  4.24258969e-04  1.20000000e+00  4.24258969e-04  1.20000000e+00  4.24258969e-04  1.20007077e+00  4.24258969e-04  1.20000227e+00 
 4.25258969e-04  0.00000000e+00  4.25258969e-04  1.20000000e+00  4.25258969e-04  1.20000000e+00  4.25258969e-04  1.19992908e+00  4.25258969e-04  1.19999764e+00 
 4.26258969e-04  0.00000000e+00  4.26258969e-04  1.20000000e+00  4.26258969e-04  1.20000000e+00  4.26258969e-04  1.20007076e+00  4.26258969e-04  1.20000227e+00 
 4.27258969e-04  0.00000000e+00  4.27258969e-04  1.20000000e+00  4.27258969e-04  1.20000000e+00  4.27258969e-04  1.19992909e+00  4.27258969e-04  1.19999764e+00 
 4.28258969e-04  0.00000000e+00  4.28258969e-04  1.20000000e+00  4.28258969e-04  1.20000000e+00  4.28258969e-04  1.20007075e+00  4.28258969e-04  1.20000227e+00 
 4.29258969e-04  0.00000000e+00  4.29258969e-04  1.20000000e+00  4.29258969e-04  1.20000000e+00  4.29258969e-04  1.19992910e+00  4.29258969e-04  1.19999764e+00 
 4.30258969e-04  0.00000000e+00  4.30258969e-04  1.20000000e+00  4.30258969e-04  1.20000000e+00  4.30258969e-04  1.20007075e+00  4.30258969e-04  1.20000227e+00 
 4.31258969e-04  0.00000000e+00  4.31258969e-04  1.20000000e+00  4.31258969e-04  1.20000000e+00  4.31258969e-04  1.19992910e+00  4.31258969e-04  1.19999764e+00 
 4.32258969e-04  0.00000000e+00  4.32258969e-04  1.20000000e+00  4.32258969e-04  1.20000000e+00  4.32258969e-04  1.20007074e+00  4.32258969e-04  1.20000227e+00 
 4.33258969e-04  0.00000000e+00  4.33258969e-04  1.20000000e+00  4.33258969e-04  1.20000000e+00  4.33258969e-04  1.19992911e+00  4.33258969e-04  1.19999764e+00 
 4.34258969e-04  0.00000000e+00  4.34258969e-04  1.20000000e+00  4.34258969e-04  1.20000000e+00  4.34258969e-04  1.20007073e+00  4.34258969e-04  1.20000227e+00 
 4.35258969e-04  0.00000000e+00  4.35258969e-04  1.20000000e+00  4.35258969e-04  1.20000000e+00  4.35258969e-04  1.19992912e+00  4.35258969e-04  1.19999764e+00 
 4.36258969e-04  0.00000000e+00  4.36258969e-04  1.20000000e+00  4.36258969e-04  1.20000000e+00  4.36258969e-04  1.20007073e+00  4.36258969e-04  1.20000227e+00 
 4.37258969e-04  0.00000000e+00  4.37258969e-04  1.20000000e+00  4.37258969e-04  1.20000000e+00  4.37258969e-04  1.19992912e+00  4.37258969e-04  1.19999764e+00 
 4.38258969e-04  0.00000000e+00  4.38258969e-04  1.20000000e+00  4.38258969e-04  1.20000000e+00  4.38258969e-04  1.20007072e+00  4.38258969e-04  1.20000227e+00 
 4.39258969e-04  0.00000000e+00  4.39258969e-04  1.20000000e+00  4.39258969e-04  1.20000000e+00  4.39258969e-04  1.19992913e+00  4.39258969e-04  1.19999764e+00 
 4.40258969e-04  0.00000000e+00  4.40258969e-04  1.20000000e+00  4.40258969e-04  1.20000000e+00  4.40258969e-04  1.20007071e+00  4.40258969e-04  1.20000227e+00 
 4.41258969e-04  0.00000000e+00  4.41258969e-04  1.20000000e+00  4.41258969e-04  1.20000000e+00  4.41258969e-04  1.19992914e+00  4.41258969e-04  1.19999764e+00 
 4.42258969e-04  0.00000000e+00  4.42258969e-04  1.20000000e+00  4.42258969e-04  1.20000000e+00  4.42258969e-04  1.20007071e+00  4.42258969e-04  1.20000227e+00 
 4.43258969e-04  0.00000000e+00  4.43258969e-04  1.20000000e+00  4.43258969e-04  1.20000000e+00  4.43258969e-04  1.19992914e+00  4.43258969e-04  1.19999764e+00 
 4.44258969e-04  0.00000000e+00  4.44258969e-04  1.20000000e+00  4.44258969e-04  1.20000000e+00  4.44258969e-04  1.20007070e+00  4.44258969e-04  1.20000227e+00 
 4.45258969e-04  0.00000000e+00  4.45258969e-04  1.20000000e+00  4.45258969e-04  1.20000000e+00  4.45258969e-04  1.19992915e+00  4.45258969e-04  1.19999764e+00 
 4.46258969e-04  0.00000000e+00  4.46258969e-04  1.20000000e+00  4.46258969e-04  1.20000000e+00  4.46258969e-04  1.20007069e+00  4.46258969e-04  1.20000227e+00 
 4.47258969e-04  0.00000000e+00  4.47258969e-04  1.20000000e+00  4.47258969e-04  1.20000000e+00  4.47258969e-04  1.19992916e+00  4.47258969e-04  1.19999764e+00 
 4.48258969e-04  0.00000000e+00  4.48258969e-04  1.20000000e+00  4.48258969e-04  1.20000000e+00  4.48258969e-04  1.20007069e+00  4.48258969e-04  1.20000227e+00 
 4.49129485e-04  0.00000000e+00  4.49129485e-04  1.20000000e+00  4.49129485e-04  1.20000000e+00  4.49129485e-04  1.19992916e+00  4.49129485e-04  1.19999764e+00 
 4.50000000e-04  0.00000000e+00  4.50000000e-04  1.20000000e+00  4.50000000e-04  1.20000000e+00  4.50000000e-04  1.20007068e+00  4.50000000e-04  1.20000227e+00 
 4.50000100e-04  1.20000000e-01  4.50000100e-04  1.20000000e+00  4.50000100e-04  1.20000000e+00  4.50000100e-04  1.20000812e+00  4.50000100e-04  1.19999991e+00 
 4.50000300e-04  3.60000000e-01  4.50000300e-04  1.20000000e+00  4.50000300e-04  1.20000000e+00  4.50000300e-04  1.19999259e+00  4.50000300e-04  1.19999995e+00 
 4.50000650e-04  7.80000000e-01  4.50000650e-04  1.20000000e+00  4.50000650e-04  1.20000000e+00  4.50000650e-04  1.19998999e+00  4.50000650e-04  1.19997538e+00 
 4.50001000e-04  1.20000000e+00  4.50001000e-04  1.20000000e+00  4.50001000e-04  1.20000000e+00  4.50001000e-04  1.20177825e+00  4.50001000e-04  1.90053074e-02 
 4.50001037e-04  1.20000000e+00  4.50001037e-04  1.20000000e+00  4.50001037e-04  1.20000000e+00  4.50001037e-04  1.20108609e+00  4.50001037e-04  3.64500111e-03 
 4.50001110e-04  1.20000000e+00  4.50001110e-04  1.20000000e+00  4.50001110e-04  1.20000000e+00  4.50001110e-04  1.19972987e+00  4.50001110e-04 -1.38205766e-03 
 4.50001257e-04  1.20000000e+00  4.50001257e-04  1.20000000e+00  4.50001257e-04  1.20000000e+00  4.50001257e-04  1.20010722e+00  4.50001257e-04  9.86947753e-04 
 4.50001456e-04  1.20000000e+00  4.50001456e-04  1.20000000e+00  4.50001456e-04  1.20000000e+00  4.50001456e-04  1.19996712e+00  4.50001456e-04 -7.41876745e-04 
 4.50001786e-04  1.20000000e+00  4.50001786e-04  1.20000000e+00  4.50001786e-04  1.20000000e+00  4.50001786e-04  1.20000086e+00  4.50001786e-04  6.53482919e-04 
 4.50002444e-04  1.20000000e+00  4.50002444e-04  1.20000000e+00  4.50002444e-04  1.20000000e+00  4.50002444e-04  1.20001206e+00  4.50002444e-04 -5.98087204e-04 
 4.50003704e-04  1.20000000e+00  4.50003704e-04  1.20000000e+00  4.50003704e-04  1.20000000e+00  4.50003704e-04  1.19998165e+00  4.50003704e-04  5.86246378e-04 
 4.50006225e-04  1.20000000e+00  4.50006225e-04  1.20000000e+00  4.50006225e-04  1.20000000e+00  4.50006225e-04  1.20002112e+00  4.50006225e-04 -5.66804324e-04 
 4.50011267e-04  1.20000000e+00  4.50011267e-04  1.20000000e+00  4.50011267e-04  1.20000000e+00  4.50011267e-04  1.19997732e+00  4.50011267e-04  5.70504326e-04 
 4.50021350e-04  1.20000000e+00  4.50021350e-04  1.20000000e+00  4.50021350e-04  1.20000000e+00  4.50021350e-04  1.20002324e+00  4.50021350e-04 -5.59337125e-04 
 4.50041517e-04  1.20000000e+00  4.50041517e-04  1.20000000e+00  4.50041517e-04  1.20000000e+00  4.50041517e-04  1.19997627e+00  4.50041517e-04  5.66661592e-04 
 4.50081850e-04  1.20000000e+00  4.50081850e-04  1.20000000e+00  4.50081850e-04  1.20000000e+00  4.50081850e-04  1.20002376e+00  4.50081850e-04 -5.57491663e-04 
 4.50162515e-04  1.20000000e+00  4.50162515e-04  1.20000000e+00  4.50162515e-04  1.20000000e+00  4.50162515e-04  1.19997601e+00  4.50162515e-04  5.65706600e-04 
 4.50323847e-04  1.20000000e+00  4.50323847e-04  1.20000000e+00  4.50323847e-04  1.20000000e+00  4.50323847e-04  1.20002389e+00  4.50323847e-04 -5.57031620e-04 
 4.50646511e-04  1.20000000e+00  4.50646511e-04  1.20000000e+00  4.50646511e-04  1.20000000e+00  4.50646511e-04  1.19997595e+00  4.50646511e-04  5.65468207e-04 
 4.51291837e-04  1.20000000e+00  4.51291837e-04  1.20000000e+00  4.51291837e-04  1.20000000e+00  4.51291837e-04  1.20002392e+00  4.51291837e-04 -5.56916692e-04 
 4.52291837e-04  1.20000000e+00  4.52291837e-04  1.20000000e+00  4.52291837e-04  1.20000000e+00  4.52291837e-04  1.19997593e+00  4.52291837e-04  5.65402859e-04 
 4.53291837e-04  1.20000000e+00  4.53291837e-04  1.20000000e+00  4.53291837e-04  1.20000000e+00  4.53291837e-04  1.20002393e+00  4.53291837e-04 -5.56867258e-04 
 4.54291837e-04  1.20000000e+00  4.54291837e-04  1.20000000e+00  4.54291837e-04  1.20000000e+00  4.54291837e-04  1.19997592e+00  4.54291837e-04  5.65351605e-04 
 4.55291837e-04  1.20000000e+00  4.55291837e-04  1.20000000e+00  4.55291837e-04  1.20000000e+00  4.55291837e-04  1.20002395e+00  4.55291837e-04 -5.56817830e-04 
 4.56291837e-04  1.20000000e+00  4.56291837e-04  1.20000000e+00  4.56291837e-04  1.20000000e+00  4.56291837e-04  1.19997590e+00  4.56291837e-04  5.65300357e-04 
 4.57291837e-04  1.20000000e+00  4.57291837e-04  1.20000000e+00  4.57291837e-04  1.20000000e+00  4.57291837e-04  1.20002396e+00  4.57291837e-04 -5.56768408e-04 
 4.58291837e-04  1.20000000e+00  4.58291837e-04  1.20000000e+00  4.58291837e-04  1.20000000e+00  4.58291837e-04  1.19997589e+00  4.58291837e-04  5.65249116e-04 
 4.59291837e-04  1.20000000e+00  4.59291837e-04  1.20000000e+00  4.59291837e-04  1.20000000e+00  4.59291837e-04  1.20002398e+00  4.59291837e-04 -5.56718993e-04 
 4.60291837e-04  1.20000000e+00  4.60291837e-04  1.20000000e+00  4.60291837e-04  1.20000000e+00  4.60291837e-04  1.19997588e+00  4.60291837e-04  5.65197881e-04 
 4.61291837e-04  1.20000000e+00  4.61291837e-04  1.20000000e+00  4.61291837e-04  1.20000000e+00  4.61291837e-04  1.20002399e+00  4.61291837e-04 -5.56669584e-04 
 4.62291837e-04  1.20000000e+00  4.62291837e-04  1.20000000e+00  4.62291837e-04  1.20000000e+00  4.62291837e-04  1.19997586e+00  4.62291837e-04  5.65146654e-04 
 4.63291837e-04  1.20000000e+00  4.63291837e-04  1.20000000e+00  4.63291837e-04  1.20000000e+00  4.63291837e-04  1.20002400e+00  4.63291837e-04 -5.56620180e-04 
 4.64291837e-04  1.20000000e+00  4.64291837e-04  1.20000000e+00  4.64291837e-04  1.20000000e+00  4.64291837e-04  1.19997585e+00  4.64291837e-04  5.65095432e-04 
 4.65291837e-04  1.20000000e+00  4.65291837e-04  1.20000000e+00  4.65291837e-04  1.20000000e+00  4.65291837e-04  1.20002402e+00  4.65291837e-04 -5.56570783e-04 
 4.66291837e-04  1.20000000e+00  4.66291837e-04  1.20000000e+00  4.66291837e-04  1.20000000e+00  4.66291837e-04  1.19997583e+00  4.66291837e-04  5.65044217e-04 
 4.67291837e-04  1.20000000e+00  4.67291837e-04  1.20000000e+00  4.67291837e-04  1.20000000e+00  4.67291837e-04  1.20002403e+00  4.67291837e-04 -5.56521392e-04 
 4.68291837e-04  1.20000000e+00  4.68291837e-04  1.20000000e+00  4.68291837e-04  1.20000000e+00  4.68291837e-04  1.19997582e+00  4.68291837e-04  5.64993009e-04 
 4.69291837e-04  1.20000000e+00  4.69291837e-04  1.20000000e+00  4.69291837e-04  1.20000000e+00  4.69291837e-04  1.20002405e+00  4.69291837e-04 -5.56472007e-04 
 4.70291837e-04  1.20000000e+00  4.70291837e-04  1.20000000e+00  4.70291837e-04  1.20000000e+00  4.70291837e-04  1.19997581e+00  4.70291837e-04  5.64941807e-04 
 4.71291837e-04  1.20000000e+00  4.71291837e-04  1.20000000e+00  4.71291837e-04  1.20000000e+00  4.71291837e-04  1.20002406e+00  4.71291837e-04 -5.56422628e-04 
 4.72291837e-04  1.20000000e+00  4.72291837e-04  1.20000000e+00  4.72291837e-04  1.20000000e+00  4.72291837e-04  1.19997579e+00  4.72291837e-04  5.64890612e-04 
 4.73291837e-04  1.20000000e+00  4.73291837e-04  1.20000000e+00  4.73291837e-04  1.20000000e+00  4.73291837e-04  1.20002407e+00  4.73291837e-04 -5.56373256e-04 
 4.74291837e-04  1.20000000e+00  4.74291837e-04  1.20000000e+00  4.74291837e-04  1.20000000e+00  4.74291837e-04  1.19997578e+00  4.74291837e-04  5.64839423e-04 
 4.75291837e-04  1.20000000e+00  4.75291837e-04  1.20000000e+00  4.75291837e-04  1.20000000e+00  4.75291837e-04  1.20002409e+00  4.75291837e-04 -5.56323889e-04 
 4.76291837e-04  1.20000000e+00  4.76291837e-04  1.20000000e+00  4.76291837e-04  1.20000000e+00  4.76291837e-04  1.19997576e+00  4.76291837e-04  5.64788241e-04 
 4.77291837e-04  1.20000000e+00  4.77291837e-04  1.20000000e+00  4.77291837e-04  1.20000000e+00  4.77291837e-04  1.20002410e+00  4.77291837e-04 -5.56274528e-04 
 4.78291837e-04  1.20000000e+00  4.78291837e-04  1.20000000e+00  4.78291837e-04  1.20000000e+00  4.78291837e-04  1.19997575e+00  4.78291837e-04  5.64737065e-04 
 4.79291837e-04  1.20000000e+00  4.79291837e-04  1.20000000e+00  4.79291837e-04  1.20000000e+00  4.79291837e-04  1.20002412e+00  4.79291837e-04 -5.56225174e-04 
 4.80291837e-04  1.20000000e+00  4.80291837e-04  1.20000000e+00  4.80291837e-04  1.20000000e+00  4.80291837e-04  1.19997574e+00  4.80291837e-04  5.64685896e-04 
 4.81291837e-04  1.20000000e+00  4.81291837e-04  1.20000000e+00  4.81291837e-04  1.20000000e+00  4.81291837e-04  1.20002413e+00  4.81291837e-04 -5.56175826e-04 
 4.82291837e-04  1.20000000e+00  4.82291837e-04  1.20000000e+00  4.82291837e-04  1.20000000e+00  4.82291837e-04  1.19997572e+00  4.82291837e-04  5.64634733e-04 
 4.83291837e-04  1.20000000e+00  4.83291837e-04  1.20000000e+00  4.83291837e-04  1.20000000e+00  4.83291837e-04  1.20002414e+00  4.83291837e-04 -5.56126483e-04 
 4.84291837e-04  1.20000000e+00  4.84291837e-04  1.20000000e+00  4.84291837e-04  1.20000000e+00  4.84291837e-04  1.19997571e+00  4.84291837e-04  5.64583577e-04 
 4.85291837e-04  1.20000000e+00  4.85291837e-04  1.20000000e+00  4.85291837e-04  1.20000000e+00  4.85291837e-04  1.20002416e+00  4.85291837e-04 -5.56077147e-04 
 4.86291837e-04  1.20000000e+00  4.86291837e-04  1.20000000e+00  4.86291837e-04  1.20000000e+00  4.86291837e-04  1.19997569e+00  4.86291837e-04  5.64532427e-04 
 4.87291837e-04  1.20000000e+00  4.87291837e-04  1.20000000e+00  4.87291837e-04  1.20000000e+00  4.87291837e-04  1.20002417e+00  4.87291837e-04 -5.56027817e-04 
 4.88291837e-04  1.20000000e+00  4.88291837e-04  1.20000000e+00  4.88291837e-04  1.20000000e+00  4.88291837e-04  1.19997568e+00  4.88291837e-04  5.64481284e-04 
 4.89291837e-04  1.20000000e+00  4.89291837e-04  1.20000000e+00  4.89291837e-04  1.20000000e+00  4.89291837e-04  1.20002418e+00  4.89291837e-04 -5.55978493e-04 
 4.90291837e-04  1.20000000e+00  4.90291837e-04  1.20000000e+00  4.90291837e-04  1.20000000e+00  4.90291837e-04  1.19997567e+00  4.90291837e-04  5.64430147e-04 
 4.91291837e-04  1.20000000e+00  4.91291837e-04  1.20000000e+00  4.91291837e-04  1.20000000e+00  4.91291837e-04  1.20002420e+00  4.91291837e-04 -5.55929175e-04 
 4.92291837e-04  1.20000000e+00  4.92291837e-04  1.20000000e+00  4.92291837e-04  1.20000000e+00  4.92291837e-04  1.19997565e+00  4.92291837e-04  5.64379017e-04 
 4.93291837e-04  1.20000000e+00  4.93291837e-04  1.20000000e+00  4.93291837e-04  1.20000000e+00  4.93291837e-04  1.20002421e+00  4.93291837e-04 -5.55879864e-04 
 4.94291837e-04  1.20000000e+00  4.94291837e-04  1.20000000e+00  4.94291837e-04  1.20000000e+00  4.94291837e-04  1.19997564e+00  4.94291837e-04  5.64327894e-04 
 4.95291837e-04  1.20000000e+00  4.95291837e-04  1.20000000e+00  4.95291837e-04  1.20000000e+00  4.95291837e-04  1.20002423e+00  4.95291837e-04 -5.55830558e-04 
 4.96291837e-04  1.20000000e+00  4.96291837e-04  1.20000000e+00  4.96291837e-04  1.20000000e+00  4.96291837e-04  1.19997563e+00  4.96291837e-04  5.64276777e-04 
 4.97291837e-04  1.20000000e+00  4.97291837e-04  1.20000000e+00  4.97291837e-04  1.20000000e+00  4.97291837e-04  1.20002424e+00  4.97291837e-04 -5.55781258e-04 
 4.98291837e-04  1.20000000e+00  4.98291837e-04  1.20000000e+00  4.98291837e-04  1.20000000e+00  4.98291837e-04  1.19997561e+00  4.98291837e-04  5.64225666e-04 
 4.99146419e-04  1.20000000e+00  4.99146419e-04  1.20000000e+00  4.99146419e-04  1.20000000e+00  4.99146419e-04  1.20002426e+00  4.99146419e-04 -5.55727771e-04 
 5.00001000e-04  1.20000000e+00  5.00001000e-04  1.20000000e+00  5.00001000e-04  1.20000000e+00  5.00001000e-04  1.19997560e+00  5.00001000e-04  5.64165866e-04 
 5.00001100e-04  1.08000000e+00  5.00001100e-04  1.20000000e+00  5.00001100e-04  1.20000000e+00  5.00001100e-04  1.20001388e+00  5.00001100e-04  5.45850039e-05 
 5.00001300e-04  8.40000000e-01  5.00001300e-04  1.20000000e+00  5.00001300e-04  1.20000000e+00  5.00001300e-04  1.19999180e+00  5.00001300e-04 -3.97034529e-05 
 5.00001650e-04  4.20000000e-01  5.00001650e-04  1.20000000e+00  5.00001650e-04  1.20000000e+00  5.00001650e-04  1.19999939e+00  5.00001650e-04  3.34167090e-05 
 5.00002000e-04  0.00000000e+00  5.00002000e-04  1.20000000e+00  5.00002000e-04  1.20000000e+00  5.00002000e-04  1.20003411e+00  5.00002000e-04 -2.78741898e-05 
 5.00002038e-04  0.00000000e+00  5.00002038e-04  1.20000000e+00  5.00002038e-04  1.20000000e+00  5.00002038e-04  1.19992566e+00  5.00002038e-04 -7.99779069e-06 
 5.00002115e-04  0.00000000e+00  5.00002115e-04  1.20000000e+00  5.00002115e-04  1.20000000e+00  5.00002115e-04  1.20001039e+00  5.00002115e-04  3.75574571e-06 
 5.00002269e-04  0.00000000e+00  5.00002269e-04  1.20000000e+00  5.00002269e-04  1.20000000e+00  5.00002269e-04  1.20000409e+00  5.00002269e-04 -2.59337144e-06 
 5.00002576e-04  0.00000000e+00  5.00002576e-04  1.20000000e+00  5.00002576e-04  1.20000000e+00  5.00002576e-04  1.19999076e+00  5.00002576e-04  2.32654348e-06 
 5.00003189e-04  0.00000000e+00  5.00003189e-04  1.20000000e+00  5.00003189e-04  1.20000000e+00  5.00003189e-04  1.20001118e+00  5.00003189e-04 -2.03830556e-06 
 5.00004417e-04  0.00000000e+00  5.00004417e-04  1.20000000e+00  5.00004417e-04  1.20000000e+00  5.00004417e-04  1.19998774e+00  5.00004417e-04  2.07943537e-06 
 5.00006873e-04  0.00000000e+00  5.00006873e-04  1.20000000e+00  5.00006873e-04  1.20000000e+00  5.00006873e-04  1.20001258e+00  5.00006873e-04 -1.92147098e-06 
 5.00011784e-04  0.00000000e+00  5.00011784e-04  1.20000000e+00  5.00011784e-04  1.20000000e+00  5.00011784e-04  1.19998706e+00  5.00011784e-04  2.02258216e-06 
 5.00021607e-04  0.00000000e+00  5.00021607e-04  1.20000000e+00  5.00021607e-04  1.20000000e+00  5.00021607e-04  1.20001291e+00  5.00021607e-04 -1.89342840e-06 
 5.00041253e-04  0.00000000e+00  5.00041253e-04  1.20000000e+00  5.00041253e-04  1.20000000e+00  5.00041253e-04  1.19998690e+00  5.00041253e-04  2.00865294e-06 
 5.00080544e-04  0.00000000e+00  5.00080544e-04  1.20000000e+00  5.00080544e-04  1.20000000e+00  5.00080544e-04  1.20001299e+00  5.00080544e-04 -1.88648784e-06 
 5.00159126e-04  0.00000000e+00  5.00159126e-04  1.20000000e+00  5.00159126e-04  1.20000000e+00  5.00159126e-04  1.19998686e+00  5.00159126e-04  2.00518804e-06 
 5.00316291e-04  0.00000000e+00  5.00316291e-04  1.20000000e+00  5.00316291e-04  1.20000000e+00  5.00316291e-04  1.20001301e+00  5.00316291e-04 -1.88475703e-06 
 5.00630620e-04  0.00000000e+00  5.00630620e-04  1.20000000e+00  5.00630620e-04  1.20000000e+00  5.00630620e-04  1.19998685e+00  5.00630620e-04  2.00432290e-06 
 5.01259278e-04  0.00000000e+00  5.01259278e-04  1.20000000e+00  5.01259278e-04  1.20000000e+00  5.01259278e-04  1.20001301e+00  5.01259278e-04 -1.88432460e-06 
 5.02259278e-04  0.00000000e+00  5.02259278e-04  1.20000000e+00  5.02259278e-04  1.20000000e+00  5.02259278e-04  1.19998685e+00  5.02259278e-04  2.00408814e-06 
 5.03259278e-04  0.00000000e+00  5.03259278e-04  1.20000000e+00  5.03259278e-04  1.20000000e+00  5.03259278e-04  1.20001301e+00  5.03259278e-04 -1.88414340e-06 
 5.04259278e-04  0.00000000e+00  5.04259278e-04  1.20000000e+00  5.04259278e-04  1.20000000e+00  5.04259278e-04  1.19998685e+00  5.04259278e-04  2.00390693e-06 
 5.05259278e-04  0.00000000e+00  5.05259278e-04  1.20000000e+00  5.05259278e-04  1.20000000e+00  5.05259278e-04  1.20001302e+00  5.05259278e-04 -1.88396222e-06 
 5.06259278e-04  0.00000000e+00  5.06259278e-04  1.20000000e+00  5.06259278e-04  1.20000000e+00  5.06259278e-04  1.19998684e+00  5.06259278e-04  2.00372573e-06 
 5.07259278e-04  0.00000000e+00  5.07259278e-04  1.20000000e+00  5.07259278e-04  1.20000000e+00  5.07259278e-04  1.20001302e+00  5.07259278e-04 -1.88378105e-06 
 5.08259278e-04  0.00000000e+00  5.08259278e-04  1.20000000e+00  5.08259278e-04  1.20000000e+00  5.08259278e-04  1.19998684e+00  5.08259278e-04  2.00354456e-06 
 5.09259278e-04  0.00000000e+00  5.09259278e-04  1.20000000e+00  5.09259278e-04  1.20000000e+00  5.09259278e-04  1.20001302e+00  5.09259278e-04 -1.88359991e-06 
 5.10259278e-04  0.00000000e+00  5.10259278e-04  1.20000000e+00  5.10259278e-04  1.20000000e+00  5.10259278e-04  1.19998684e+00  5.10259278e-04  2.00336340e-06 
 5.11259278e-04  0.00000000e+00  5.11259278e-04  1.20000000e+00  5.11259278e-04  1.20000000e+00  5.11259278e-04  1.20001302e+00  5.11259278e-04 -1.88341878e-06 
 5.12259278e-04  0.00000000e+00  5.12259278e-04  1.20000000e+00  5.12259278e-04  1.20000000e+00  5.12259278e-04  1.19998684e+00  5.12259278e-04  2.00318227e-06 
 5.13259278e-04  0.00000000e+00  5.13259278e-04  1.20000000e+00  5.13259278e-04  1.20000000e+00  5.13259278e-04  1.20001302e+00  5.13259278e-04 -1.88323768e-06 
 5.14259278e-04  0.00000000e+00  5.14259278e-04  1.20000000e+00  5.14259278e-04  1.20000000e+00  5.14259278e-04  1.19998684e+00  5.14259278e-04  2.00300115e-06 
 5.15259278e-04  0.00000000e+00  5.15259278e-04  1.20000000e+00  5.15259278e-04  1.20000000e+00  5.15259278e-04  1.20001303e+00  5.15259278e-04 -1.88305659e-06 
 5.16259278e-04  0.00000000e+00  5.16259278e-04  1.20000000e+00  5.16259278e-04  1.20000000e+00  5.16259278e-04  1.19998683e+00  5.16259278e-04  2.00282005e-06 
 5.17259278e-04  0.00000000e+00  5.17259278e-04  1.20000000e+00  5.17259278e-04  1.20000000e+00  5.17259278e-04  1.20001303e+00  5.17259278e-04 -1.88287552e-06 
 5.18259278e-04  0.00000000e+00  5.18259278e-04  1.20000000e+00  5.18259278e-04  1.20000000e+00  5.18259278e-04  1.19998683e+00  5.18259278e-04  2.00263897e-06 
 5.19259278e-04  0.00000000e+00  5.19259278e-04  1.20000000e+00  5.19259278e-04  1.20000000e+00  5.19259278e-04  1.20001303e+00  5.19259278e-04 -1.88269447e-06 
 5.20259278e-04  0.00000000e+00  5.20259278e-04  1.20000000e+00  5.20259278e-04  1.20000000e+00  5.20259278e-04  1.19998683e+00  5.20259278e-04  2.00245791e-06 
 5.21259278e-04  0.00000000e+00  5.21259278e-04  1.20000000e+00  5.21259278e-04  1.20000000e+00  5.21259278e-04  1.20001303e+00  5.21259278e-04 -1.88251344e-06 
 5.22259278e-04  0.00000000e+00  5.22259278e-04  1.20000000e+00  5.22259278e-04  1.20000000e+00  5.22259278e-04  1.19998683e+00  5.22259278e-04  2.00227686e-06 
 5.23259278e-04  0.00000000e+00  5.23259278e-04  1.20000000e+00  5.23259278e-04  1.20000000e+00  5.23259278e-04  1.20001304e+00  5.23259278e-04 -1.88233243e-06 
 5.24259278e-04  0.00000000e+00  5.24259278e-04  1.20000000e+00  5.24259278e-04  1.20000000e+00  5.24259278e-04  1.19998682e+00  5.24259278e-04  2.00209584e-06 
 5.25259278e-04  0.00000000e+00  5.25259278e-04  1.20000000e+00  5.25259278e-04  1.20000000e+00  5.25259278e-04  1.20001304e+00  5.25259278e-04 -1.88215144e-06 
 5.26259278e-04  0.00000000e+00  5.26259278e-04  1.20000000e+00  5.26259278e-04  1.20000000e+00  5.26259278e-04  1.19998682e+00  5.26259278e-04  2.00191484e-06 
 5.27259278e-04  0.00000000e+00  5.27259278e-04  1.20000000e+00  5.27259278e-04  1.20000000e+00  5.27259278e-04  1.20001304e+00  5.27259278e-04 -1.88197046e-06 
 5.28259278e-04  0.00000000e+00  5.28259278e-04  1.20000000e+00  5.28259278e-04  1.20000000e+00  5.28259278e-04  1.19998682e+00  5.28259278e-04  2.00173385e-06 
 5.29259278e-04  0.00000000e+00  5.29259278e-04  1.20000000e+00  5.29259278e-04  1.20000000e+00  5.29259278e-04  1.20001304e+00  5.29259278e-04 -1.88178951e-06 
 5.30259278e-04  0.00000000e+00  5.30259278e-04  1.20000000e+00  5.30259278e-04  1.20000000e+00  5.30259278e-04  1.19998682e+00  5.30259278e-04  2.00155289e-06 
 5.31259278e-04  0.00000000e+00  5.31259278e-04  1.20000000e+00  5.31259278e-04  1.20000000e+00  5.31259278e-04  1.20001304e+00  5.31259278e-04 -1.88160857e-06 
 5.32259278e-04  0.00000000e+00  5.32259278e-04  1.20000000e+00  5.32259278e-04  1.20000000e+00  5.32259278e-04  1.19998682e+00  5.32259278e-04  2.00137194e-06 
 5.33259278e-04  0.00000000e+00  5.33259278e-04  1.20000000e+00  5.33259278e-04  1.20000000e+00  5.33259278e-04  1.20001305e+00  5.33259278e-04 -1.88142765e-06 
 5.34259278e-04  0.00000000e+00  5.34259278e-04  1.20000000e+00  5.34259278e-04  1.20000000e+00  5.34259278e-04  1.19998681e+00  5.34259278e-04  2.00119101e-06 
 5.35259278e-04  0.00000000e+00  5.35259278e-04  1.20000000e+00  5.35259278e-04  1.20000000e+00  5.35259278e-04  1.20001305e+00  5.35259278e-04 -1.88124676e-06 
 5.36259278e-04  0.00000000e+00  5.36259278e-04  1.20000000e+00  5.36259278e-04  1.20000000e+00  5.36259278e-04  1.19998681e+00  5.36259278e-04  2.00101010e-06 
 5.37259278e-04  0.00000000e+00  5.37259278e-04  1.20000000e+00  5.37259278e-04  1.20000000e+00  5.37259278e-04  1.20001305e+00  5.37259278e-04 -1.88106588e-06 
 5.38259278e-04  0.00000000e+00  5.38259278e-04  1.20000000e+00  5.38259278e-04  1.20000000e+00  5.38259278e-04  1.19998681e+00  5.38259278e-04  2.00082921e-06 
 5.39259278e-04  0.00000000e+00  5.39259278e-04  1.20000000e+00  5.39259278e-04  1.20000000e+00  5.39259278e-04  1.20001305e+00  5.39259278e-04 -1.88088502e-06 
 5.40259278e-04  0.00000000e+00  5.40259278e-04  1.20000000e+00  5.40259278e-04  1.20000000e+00  5.40259278e-04  1.19998681e+00  5.40259278e-04  2.00064834e-06 
 5.41259278e-04  0.00000000e+00  5.41259278e-04  1.20000000e+00  5.41259278e-04  1.20000000e+00  5.41259278e-04  1.20001305e+00  5.41259278e-04 -1.88070417e-06 
 5.42259278e-04  0.00000000e+00  5.42259278e-04  1.20000000e+00  5.42259278e-04  1.20000000e+00  5.42259278e-04  1.19998681e+00  5.42259278e-04  2.00046749e-06 
 5.43259278e-04  0.00000000e+00  5.43259278e-04  1.20000000e+00  5.43259278e-04  1.20000000e+00  5.43259278e-04  1.20001306e+00  5.43259278e-04 -1.88052335e-06 
 5.44259278e-04  0.00000000e+00  5.44259278e-04  1.20000000e+00  5.44259278e-04  1.20000000e+00  5.44259278e-04  1.19998680e+00  5.44259278e-04  2.00028665e-06 
 5.45259278e-04  0.00000000e+00  5.45259278e-04  1.20000000e+00  5.45259278e-04  1.20000000e+00  5.45259278e-04  1.20001306e+00  5.45259278e-04 -1.88034255e-06 
 5.46259278e-04  0.00000000e+00  5.46259278e-04  1.20000000e+00  5.46259278e-04  1.20000000e+00  5.46259278e-04  1.19998680e+00  5.46259278e-04  2.00010584e-06 
 5.47259278e-04  0.00000000e+00  5.47259278e-04  1.20000000e+00  5.47259278e-04  1.20000000e+00  5.47259278e-04  1.20001306e+00  5.47259278e-04 -1.88016176e-06 
 5.48259278e-04  0.00000000e+00  5.48259278e-04  1.20000000e+00  5.48259278e-04  1.20000000e+00  5.48259278e-04  1.19998680e+00  5.48259278e-04  1.99992504e-06 
 5.49129639e-04  0.00000000e+00  5.49129639e-04  1.20000000e+00  5.49129639e-04  1.20000000e+00  5.49129639e-04  1.20001306e+00  5.49129639e-04 -1.87996754e-06 
 5.50000000e-04  0.00000000e+00  5.50000000e-04  1.20000000e+00  5.50000000e-04  1.20000000e+00  5.50000000e-04  1.19998680e+00  5.50000000e-04  1.99971734e-06 
 5.50052705e-04  1.20000000e+00  5.50052705e-04  1.20000000e+00  5.50052705e-04  1.20000000e+00  5.50052705e-04  1.19999994e+00  5.50052705e-04  6.03030819e-08 
 5.50158114e-04  1.20000000e+00  5.50158114e-04  1.20000000e+00  5.50158114e-04  1.20000000e+00  5.50158114e-04  1.19999993e+00  5.50158114e-04  5.94461157e-08 
 5.50233691e-04  1.20000000e+00  5.50233691e-04  1.20000000e+00  5.50233691e-04  1.20000000e+00  5.50233691e-04  1.19999993e+00  5.50233691e-04  6.03025724e-08 
 5.50326883e-04  1.20000000e+00  5.50326883e-04  1.20000000e+00  5.50326883e-04  1.20000000e+00  5.50326883e-04  1.19999993e+00  5.50326883e-04  5.94466526e-08 
 5.50513267e-04  1.20000000e+00  5.50513267e-04  1.20000000e+00  5.50513267e-04  1.20000000e+00  5.50513267e-04  1.19999993e+00  5.50513267e-04  6.03022119e-08 
 5.50886035e-04  1.20000000e+00  5.50886035e-04  1.20000000e+00  5.50886035e-04  1.20000000e+00  5.50886035e-04  1.19999993e+00  5.50886035e-04  5.94468329e-08 
 5.51631572e-04  1.20000000e+00  5.51631572e-04  1.20000000e+00  5.51631572e-04  1.20000000e+00  5.51631572e-04  1.19999993e+00  5.51631572e-04  6.03021219e-08 
 5.52631572e-04  1.20000000e+00  5.52631572e-04  1.20000000e+00  5.52631572e-04  1.20000000e+00  5.52631572e-04  1.19999993e+00  5.52631572e-04  5.94468851e-08 
 5.53631572e-04  1.20000000e+00  5.53631572e-04  1.20000000e+00  5.53631572e-04  1.20000000e+00  5.53631572e-04  1.19999993e+00  5.53631572e-04  6.03020769e-08 
 5.54631572e-04  1.20000000e+00  5.54631572e-04  1.20000000e+00  5.54631572e-04  1.20000000e+00  5.54631572e-04  1.19999993e+00  5.54631572e-04  5.94469299e-08 
 5.55631572e-04  1.20000000e+00  5.55631572e-04  1.20000000e+00  5.55631572e-04  1.20000000e+00  5.55631572e-04  1.19999993e+00  5.55631572e-04  6.03020325e-08 
 5.56631572e-04  1.20000000e+00  5.56631572e-04  1.20000000e+00  5.56631572e-04  1.20000000e+00  5.56631572e-04  1.19999993e+00  5.56631572e-04  5.94469747e-08 
 5.57631572e-04  1.20000000e+00  5.57631572e-04  1.20000000e+00  5.57631572e-04  1.20000000e+00  5.57631572e-04  1.19999993e+00  5.57631572e-04  6.03019876e-08 
 5.58631572e-04  1.20000000e+00  5.58631572e-04  1.20000000e+00  5.58631572e-04  1.20000000e+00  5.58631572e-04  1.19999993e+00  5.58631572e-04  5.94470193e-08 
 5.59631572e-04  1.20000000e+00  5.59631572e-04  1.20000000e+00  5.59631572e-04  1.20000000e+00  5.59631572e-04  1.19999993e+00  5.59631572e-04  6.03019427e-08 
 5.60631572e-04  1.20000000e+00  5.60631572e-04  1.20000000e+00  5.60631572e-04  1.20000000e+00  5.60631572e-04  1.19999993e+00  5.60631572e-04  5.94470642e-08 
 5.61631572e-04  1.20000000e+00  5.61631572e-04  1.20000000e+00  5.61631572e-04  1.20000000e+00  5.61631572e-04  1.19999993e+00  5.61631572e-04  6.03018981e-08 
 5.62631572e-04  1.20000000e+00  5.62631572e-04  1.20000000e+00  5.62631572e-04  1.20000000e+00  5.62631572e-04  1.19999993e+00  5.62631572e-04  5.94471089e-08 
 5.63631572e-04  1.20000000e+00  5.63631572e-04  1.20000000e+00  5.63631572e-04  1.20000000e+00  5.63631572e-04  1.19999993e+00  5.63631572e-04  6.03018533e-08 
 5.64631572e-04  1.20000000e+00  5.64631572e-04  1.20000000e+00  5.64631572e-04  1.20000000e+00  5.64631572e-04  1.19999993e+00  5.64631572e-04  5.94471536e-08 
 5.65631572e-04  1.20000000e+00  5.65631572e-04  1.20000000e+00  5.65631572e-04  1.20000000e+00  5.65631572e-04  1.19999993e+00  5.65631572e-04  6.03018087e-08 
 5.66631572e-04  1.20000000e+00  5.66631572e-04  1.20000000e+00  5.66631572e-04  1.20000000e+00  5.66631572e-04  1.19999993e+00  5.66631572e-04  5.94471985e-08 
 5.67631572e-04  1.20000000e+00  5.67631572e-04  1.20000000e+00  5.67631572e-04  1.20000000e+00  5.67631572e-04  1.19999993e+00  5.67631572e-04  6.03017641e-08 
 5.68631572e-04  1.20000000e+00  5.68631572e-04  1.20000000e+00  5.68631572e-04  1.20000000e+00  5.68631572e-04  1.19999993e+00  5.68631572e-04  5.94472431e-08 
 5.69631572e-04  1.20000000e+00  5.69631572e-04  1.20000000e+00  5.69631572e-04  1.20000000e+00  5.69631572e-04  1.19999993e+00  5.69631572e-04  6.03017193e-08 
 5.70631572e-04  1.20000000e+00  5.70631572e-04  1.20000000e+00  5.70631572e-04  1.20000000e+00  5.70631572e-04  1.19999993e+00  5.70631572e-04  5.94472878e-08 
 5.71631572e-04  1.20000000e+00  5.71631572e-04  1.20000000e+00  5.71631572e-04  1.20000000e+00  5.71631572e-04  1.19999993e+00  5.71631572e-04  6.03016744e-08 
 5.72631572e-04  1.20000000e+00  5.72631572e-04  1.20000000e+00  5.72631572e-04  1.20000000e+00  5.72631572e-04  1.19999993e+00  5.72631572e-04  5.94473324e-08 
 5.73631572e-04  1.20000000e+00  5.73631572e-04  1.20000000e+00  5.73631572e-04  1.20000000e+00  5.73631572e-04  1.19999993e+00  5.73631572e-04  6.03016298e-08 
 5.74631572e-04  1.20000000e+00  5.74631572e-04  1.20000000e+00  5.74631572e-04  1.20000000e+00  5.74631572e-04  1.19999993e+00  5.74631572e-04  5.94473771e-08 
 5.75631572e-04  1.20000000e+00  5.75631572e-04  1.20000000e+00  5.75631572e-04  1.20000000e+00  5.75631572e-04  1.19999993e+00  5.75631572e-04  6.03015852e-08 
 5.76631572e-04  1.20000000e+00  5.76631572e-04  1.20000000e+00  5.76631572e-04  1.20000000e+00  5.76631572e-04  1.19999993e+00  5.76631572e-04  5.94474219e-08 
 5.77631572e-04  1.20000000e+00  5.77631572e-04  1.20000000e+00  5.77631572e-04  1.20000000e+00  5.77631572e-04  1.19999993e+00  5.77631572e-04  6.03015404e-08 
 5.78631572e-04  1.20000000e+00  5.78631572e-04  1.20000000e+00  5.78631572e-04  1.20000000e+00  5.78631572e-04  1.19999993e+00  5.78631572e-04  5.94474666e-08 
 5.79631572e-04  1.20000000e+00  5.79631572e-04  1.20000000e+00  5.79631572e-04  1.20000000e+00  5.79631572e-04  1.19999993e+00  5.79631572e-04  6.03014956e-08 
 5.80631572e-04  1.20000000e+00  5.80631572e-04  1.20000000e+00  5.80631572e-04  1.20000000e+00  5.80631572e-04  1.19999993e+00  5.80631572e-04  5.94475112e-08 
 5.81631572e-04  1.20000000e+00  5.81631572e-04  1.20000000e+00  5.81631572e-04  1.20000000e+00  5.81631572e-04  1.19999993e+00  5.81631572e-04  6.03014510e-08 
 5.82631572e-04  1.20000000e+00  5.82631572e-04  1.20000000e+00  5.82631572e-04  1.20000000e+00  5.82631572e-04  1.19999993e+00  5.82631572e-04  5.94475561e-08 
 5.83631572e-04  1.20000000e+00  5.83631572e-04  1.20000000e+00  5.83631572e-04  1.20000000e+00  5.83631572e-04  1.19999993e+00  5.83631572e-04  6.03014062e-08 
 5.84631572e-04  1.20000000e+00  5.84631572e-04  1.20000000e+00  5.84631572e-04  1.20000000e+00  5.84631572e-04  1.19999993e+00  5.84631572e-04  5.94476007e-08 
 5.85631572e-04  1.20000000e+00  5.85631572e-04  1.20000000e+00  5.85631572e-04  1.20000000e+00  5.85631572e-04  1.19999993e+00  5.85631572e-04  6.03013616e-08 
 5.86631572e-04  1.20000000e+00  5.86631572e-04  1.20000000e+00  5.86631572e-04  1.20000000e+00  5.86631572e-04  1.19999993e+00  5.86631572e-04  5.94476454e-08 
 5.87631572e-04  1.20000000e+00  5.87631572e-04  1.20000000e+00  5.87631572e-04  1.20000000e+00  5.87631572e-04  1.19999993e+00  5.87631572e-04  6.03013168e-08 
 5.88631572e-04  1.20000000e+00  5.88631572e-04  1.20000000e+00  5.88631572e-04  1.20000000e+00  5.88631572e-04  1.19999993e+00  5.88631572e-04  5.94476900e-08 
 5.89631572e-04  1.20000000e+00  5.89631572e-04  1.20000000e+00  5.89631572e-04  1.20000000e+00  5.89631572e-04  1.19999993e+00  5.89631572e-04  6.03012722e-08 
 5.90631572e-04  1.20000000e+00  5.90631572e-04  1.20000000e+00  5.90631572e-04  1.20000000e+00  5.90631572e-04  1.19999993e+00  5.90631572e-04  5.94477349e-08 
 5.91631572e-04  1.20000000e+00  5.91631572e-04  1.20000000e+00  5.91631572e-04  1.20000000e+00  5.91631572e-04  1.19999993e+00  5.91631572e-04  6.03012276e-08 
 5.92631572e-04  1.20000000e+00  5.92631572e-04  1.20000000e+00  5.92631572e-04  1.20000000e+00  5.92631572e-04  1.19999993e+00  5.92631572e-04  5.94477795e-08 
 5.93631572e-04  1.20000000e+00  5.93631572e-04  1.20000000e+00  5.93631572e-04  1.20000000e+00  5.93631572e-04  1.19999993e+00  5.93631572e-04  6.03011831e-08 
 5.94631572e-04  1.20000000e+00  5.94631572e-04  1.20000000e+00  5.94631572e-04  1.20000000e+00  5.94631572e-04  1.19999993e+00  5.94631572e-04  5.94478239e-08 
 5.95631572e-04  1.20000000e+00  5.95631572e-04  1.20000000e+00  5.95631572e-04  1.20000000e+00  5.95631572e-04  1.19999993e+00  5.95631572e-04  6.03011383e-08 
 5.96631572e-04  1.20000000e+00  5.96631572e-04  1.20000000e+00  5.96631572e-04  1.20000000e+00  5.96631572e-04  1.19999993e+00  5.96631572e-04  5.94478688e-08 
 5.97631572e-04  1.20000000e+00  5.97631572e-04  1.20000000e+00  5.97631572e-04  1.20000000e+00  5.97631572e-04  1.19999993e+00  5.97631572e-04  6.03010935e-08 
 5.98631572e-04  1.20000000e+00  5.98631572e-04  1.20000000e+00  5.98631572e-04  1.20000000e+00  5.98631572e-04  1.19999993e+00  5.98631572e-04  5.94479134e-08 
 5.99316286e-04  1.20000000e+00  5.99316286e-04  1.20000000e+00  5.99316286e-04  1.20000000e+00  5.99316286e-04  1.19999993e+00  5.99316286e-04  6.03010386e-08 
 6.00001000e-04  1.20000000e+00  6.00001000e-04  1.20000000e+00  6.00001000e-04  1.20000000e+00  6.00001000e-04  1.19999993e+00  6.00001000e-04  5.94479786e-08 
 6.00001100e-04  1.08000000e+00  6.00001100e-04  1.20000000e+00  6.00001100e-04  1.20000000e+00  6.00001100e-04  1.19999975e+00  6.00001100e-04  5.96606672e-08 
 6.00001300e-04  8.40000000e-01  6.00001300e-04  1.20000000e+00  6.00001300e-04  1.20000000e+00  6.00001300e-04  1.20000024e+00  6.00001300e-04  6.07736945e-08 
 6.00001650e-04  4.20000000e-01  6.00001650e-04  1.20000000e+00  6.00001650e-04  1.20000000e+00  6.00001650e-04  1.19999328e+00  6.00001650e-04  5.70117687e-08 
 6.00002000e-04  0.00000000e+00  6.00002000e-04  1.20000000e+00  6.00002000e-04  1.20000000e+00  6.00002000e-04  1.20003837e+00  6.00002000e-04  7.26552137e-08 
 6.00002039e-04  0.00000000e+00  6.00002039e-04  1.20000000e+00  6.00002039e-04  1.20000000e+00  6.00002039e-04  1.19992851e+00  6.00002039e-04 -1.36347105e-07 
 6.00002116e-04  0.00000000e+00  6.00002116e-04  1.20000000e+00  6.00002116e-04  1.20000000e+00  6.00002116e-04  1.20000979e+00  6.00002116e-04  5.24199627e-07 
 6.00002270e-04  0.00000000e+00  6.00002270e-04  1.20000000e+00  6.00002270e-04  1.20000000e+00  6.00002270e-04  1.20000418e+00  6.00002270e-04 -4.76125735e-07 
 6.00002578e-04  0.00000000e+00  6.00002578e-04  1.20000000e+00  6.00002578e-04  1.20000000e+00  6.00002578e-04  1.19999082e+00  6.00002578e-04  6.06853033e-07 
 6.00003196e-04  0.00000000e+00  6.00003196e-04  1.20000000e+00  6.00003196e-04  1.20000000e+00  6.00003196e-04  1.20001105e+00  6.00003196e-04 -4.88223977e-07 
 6.00004430e-04  0.00000000e+00  6.00004430e-04  1.20000000e+00  6.00004430e-04  1.20000000e+00  6.00004430e-04  1.19998789e+00  6.00004430e-04  6.07524349e-07 
 6.00006898e-04  0.00000000e+00  6.00006898e-04  1.20000000e+00  6.00006898e-04  1.20000000e+00  6.00006898e-04  1.20001241e+00  6.00006898e-04 -4.87308508e-07 
 6.00011834e-04  0.00000000e+00  6.00011834e-04  1.20000000e+00  6.00011834e-04  1.20000000e+00  6.00011834e-04  1.19998724e+00  6.00011834e-04  6.06764821e-07 
 6.00021707e-04  0.00000000e+00  6.00021707e-04  1.20000000e+00  6.00021707e-04  1.20000000e+00  6.00021707e-04  1.20001273e+00  6.00021707e-04 -4.86854705e-07 
 6.00041452e-04  0.00000000e+00  6.00041452e-04  1.20000000e+00  6.00041452e-04  1.20000000e+00  6.00041452e-04  1.19998708e+00  6.00041452e-04  6.06519668e-07 
 6.00080943e-04  0.00000000e+00  6.00080943e-04  1.20000000e+00  6.00080943e-04  1.20000000e+00  6.00080943e-04  1.20001281e+00  6.00080943e-04 -4.86727553e-07 
 6.00159925e-04  0.00000000e+00  6.00159925e-04  1.20000000e+00  6.00159925e-04  1.20000000e+00  6.00159925e-04  1.19998704e+00  6.00159925e-04  6.06454970e-07 
 6.00317889e-04  0.00000000e+00  6.00317889e-04  1.20000000e+00  6.00317889e-04  1.20000000e+00  6.00317889e-04  1.20001283e+00  6.00317889e-04 -4.86694914e-07 
 6.00633817e-04  0.00000000e+00  6.00633817e-04  1.20000000e+00  6.00633817e-04  1.20000000e+00  6.00633817e-04  1.19998703e+00  6.00633817e-04  6.06438583e-07 
 6.01265673e-04  0.00000000e+00  6.01265673e-04  1.20000000e+00  6.01265673e-04  1.20000000e+00  6.01265673e-04  1.20001283e+00  6.01265673e-04 -4.86686701e-07 
 6.02265673e-04  0.00000000e+00  6.02265673e-04  1.20000000e+00  6.02265673e-04  1.20000000e+00  6.02265673e-04  1.19998703e+00  6.02265673e-04  6.06434111e-07 
 6.03265673e-04  0.00000000e+00  6.03265673e-04  1.20000000e+00  6.03265673e-04  1.20000000e+00  6.03265673e-04  1.20001283e+00  6.03265673e-04 -4.86683236e-07 
 6.04265673e-04  0.00000000e+00  6.04265673e-04  1.20000000e+00  6.04265673e-04  1.20000000e+00  6.04265673e-04  1.19998703e+00  6.04265673e-04  6.06430644e-07 
 6.05265673e-04  0.00000000e+00  6.05265673e-04  1.20000000e+00  6.05265673e-04  1.20000000e+00  6.05265673e-04  1.20001284e+00  6.05265673e-04 -4.86679766e-07 
 6.06265673e-04  0.00000000e+00  6.06265673e-04  1.20000000e+00  6.06265673e-04  1.20000000e+00  6.06265673e-04  1.19998702e+00  6.06265673e-04  6.06427173e-07 
 6.07265673e-04  0.00000000e+00  6.07265673e-04  1.20000000e+00  6.07265673e-04  1.20000000e+00  6.07265673e-04  1.20001284e+00  6.07265673e-04 -4.86676292e-07 
 6.08265673e-04  0.00000000e+00  6.08265673e-04  1.20000000e+00  6.08265673e-04  1.20000000e+00  6.08265673e-04  1.19998702e+00  6.08265673e-04  6.06423698e-07 
 6.09265673e-04  0.00000000e+00  6.09265673e-04  1.20000000e+00  6.09265673e-04  1.20000000e+00  6.09265673e-04  1.20001284e+00  6.09265673e-04 -4.86672815e-07 
 6.10265673e-04  0.00000000e+00  6.10265673e-04  1.20000000e+00  6.10265673e-04  1.20000000e+00  6.10265673e-04  1.19998702e+00  6.10265673e-04  6.06420220e-07 
 6.11265673e-04  0.00000000e+00  6.11265673e-04  1.20000000e+00  6.11265673e-04  1.20000000e+00  6.11265673e-04  1.20001284e+00  6.11265673e-04 -4.86669334e-07 
 6.12265673e-04  0.00000000e+00  6.12265673e-04  1.20000000e+00  6.12265673e-04  1.20000000e+00  6.12265673e-04  1.19998702e+00  6.12265673e-04  6.06416737e-07 
 6.13265673e-04  0.00000000e+00  6.13265673e-04  1.20000000e+00  6.13265673e-04  1.20000000e+00  6.13265673e-04  1.20001285e+00  6.13265673e-04 -4.86665850e-07 
 6.14265673e-04  0.00000000e+00  6.14265673e-04  1.20000000e+00  6.14265673e-04  1.20000000e+00  6.14265673e-04  1.19998702e+00  6.14265673e-04  6.06413251e-07 
 6.15265673e-04  0.00000000e+00  6.15265673e-04  1.20000000e+00  6.15265673e-04  1.20000000e+00  6.15265673e-04  1.20001285e+00  6.15265673e-04 -4.86662361e-07 
 6.16265673e-04  0.00000000e+00  6.16265673e-04  1.20000000e+00  6.16265673e-04  1.20000000e+00  6.16265673e-04  1.19998701e+00  6.16265673e-04  6.06409762e-07 
 6.17265673e-04  0.00000000e+00  6.17265673e-04  1.20000000e+00  6.17265673e-04  1.20000000e+00  6.17265673e-04  1.20001285e+00  6.17265673e-04 -4.86658869e-07 
 6.18265673e-04  0.00000000e+00  6.18265673e-04  1.20000000e+00  6.18265673e-04  1.20000000e+00  6.18265673e-04  1.19998701e+00  6.18265673e-04  6.06406268e-07 
 6.19265673e-04  0.00000000e+00  6.19265673e-04  1.20000000e+00  6.19265673e-04  1.20000000e+00  6.19265673e-04  1.20001285e+00  6.19265673e-04 -4.86655373e-07 
 6.20265673e-04  0.00000000e+00  6.20265673e-04  1.20000000e+00  6.20265673e-04  1.20000000e+00  6.20265673e-04  1.19998701e+00  6.20265673e-04  6.06402771e-07 
 6.21265673e-04  0.00000000e+00  6.21265673e-04  1.20000000e+00  6.21265673e-04  1.20000000e+00  6.21265673e-04  1.20001285e+00  6.21265673e-04 -4.86651873e-07 
 6.22265673e-04  0.00000000e+00  6.22265673e-04  1.20000000e+00  6.22265673e-04  1.20000000e+00  6.22265673e-04  1.19998701e+00  6.22265673e-04  6.06399270e-07 
 6.23265673e-04  0.00000000e+00  6.23265673e-04  1.20000000e+00  6.23265673e-04  1.20000000e+00  6.23265673e-04  1.20001286e+00  6.23265673e-04 -4.86648369e-07 
 6.24265673e-04  0.00000000e+00  6.24265673e-04  1.20000000e+00  6.24265673e-04  1.20000000e+00  6.24265673e-04  1.19998700e+00  6.24265673e-04  6.06395765e-07 
 6.25265673e-04  0.00000000e+00  6.25265673e-04  1.20000000e+00  6.25265673e-04  1.20000000e+00  6.25265673e-04  1.20001286e+00  6.25265673e-04 -4.86644862e-07 
 6.26265673e-04  0.00000000e+00  6.26265673e-04  1.20000000e+00  6.26265673e-04  1.20000000e+00  6.26265673e-04  1.19998700e+00  6.26265673e-04  6.06392257e-07 
 6.27265673e-04  0.00000000e+00  6.27265673e-04  1.20000000e+00  6.27265673e-04  1.20000000e+00  6.27265673e-04  1.20001286e+00  6.27265673e-04 -4.86641351e-07 
 6.28265673e-04  0.00000000e+00  6.28265673e-04  1.20000000e+00  6.28265673e-04  1.20000000e+00  6.28265673e-04  1.19998700e+00  6.28265673e-04  6.06388744e-07 
 6.29265673e-04  0.00000000e+00  6.29265673e-04  1.20000000e+00  6.29265673e-04  1.20000000e+00  6.29265673e-04  1.20001286e+00  6.29265673e-04 -4.86637836e-07 
 6.30265673e-04  0.00000000e+00  6.30265673e-04  1.20000000e+00  6.30265673e-04  1.20000000e+00  6.30265673e-04  1.19998700e+00  6.30265673e-04  6.06385229e-07 
 6.31265673e-04  0.00000000e+00  6.31265673e-04  1.20000000e+00  6.31265673e-04  1.20000000e+00  6.31265673e-04  1.20001286e+00  6.31265673e-04 -4.86634318e-07 
 6.32265673e-04  0.00000000e+00  6.32265673e-04  1.20000000e+00  6.32265673e-04  1.20000000e+00  6.32265673e-04  1.19998700e+00  6.32265673e-04  6.06381709e-07 
 6.33265673e-04  0.00000000e+00  6.33265673e-04  1.20000000e+00  6.33265673e-04  1.20000000e+00  6.33265673e-04  1.20001287e+00  6.33265673e-04 -4.86630796e-07 
 6.34265673e-04  0.00000000e+00  6.34265673e-04  1.20000000e+00  6.34265673e-04  1.20000000e+00  6.34265673e-04  1.19998699e+00  6.34265673e-04  6.06378185e-07 
 6.35265673e-04  0.00000000e+00  6.35265673e-04  1.20000000e+00  6.35265673e-04  1.20000000e+00  6.35265673e-04  1.20001287e+00  6.35265673e-04 -4.86627269e-07 
 6.36265673e-04  0.00000000e+00  6.36265673e-04  1.20000000e+00  6.36265673e-04  1.20000000e+00  6.36265673e-04  1.19998699e+00  6.36265673e-04  6.06374658e-07 
 6.37265673e-04  0.00000000e+00  6.37265673e-04  1.20000000e+00  6.37265673e-04  1.20000000e+00  6.37265673e-04  1.20001287e+00  6.37265673e-04 -4.86623740e-07 
 6.38265673e-04  0.00000000e+00  6.38265673e-04  1.20000000e+00  6.38265673e-04  1.20000000e+00  6.38265673e-04  1.19998699e+00  6.38265673e-04  6.06371127e-07 
 6.39265673e-04  0.00000000e+00  6.39265673e-04  1.20000000e+00  6.39265673e-04  1.20000000e+00  6.39265673e-04  1.20001287e+00  6.39265673e-04 -4.86620206e-07 
 6.40265673e-04  0.00000000e+00  6.40265673e-04  1.20000000e+00  6.40265673e-04  1.20000000e+00  6.40265673e-04  1.19998699e+00  6.40265673e-04  6.06367592e-07 
 6.41265673e-04  0.00000000e+00  6.41265673e-04  1.20000000e+00  6.41265673e-04  1.20000000e+00  6.41265673e-04  1.20001287e+00  6.41265673e-04 -4.86616668e-07 
 6.42265673e-04  0.00000000e+00  6.42265673e-04  1.20000000e+00  6.42265673e-04  1.20000000e+00  6.42265673e-04  1.19998699e+00  6.42265673e-04  6.06364053e-07 
 6.43265673e-04  0.00000000e+00  6.43265673e-04  1.20000000e+00  6.43265673e-04  1.20000000e+00  6.43265673e-04  1.20001288e+00  6.43265673e-04 -4.86613127e-07 
 6.44265673e-04  0.00000000e+00  6.44265673e-04  1.20000000e+00  6.44265673e-04  1.20000000e+00  6.44265673e-04  1.19998698e+00  6.44265673e-04  6.06360511e-07 
 6.45265673e-04  0.00000000e+00  6.45265673e-04  1.20000000e+00  6.45265673e-04  1.20000000e+00  6.45265673e-04  1.20001288e+00  6.45265673e-04 -4.86609582e-07 
 6.46265673e-04  0.00000000e+00  6.46265673e-04  1.20000000e+00  6.46265673e-04  1.20000000e+00  6.46265673e-04  1.19998698e+00  6.46265673e-04  6.06356965e-07 
 6.47265673e-04  0.00000000e+00  6.47265673e-04  1.20000000e+00  6.47265673e-04  1.20000000e+00  6.47265673e-04  1.20001288e+00  6.47265673e-04 -4.86606034e-07 
 6.48265673e-04  0.00000000e+00  6.48265673e-04  1.20000000e+00  6.48265673e-04  1.20000000e+00  6.48265673e-04  1.19998698e+00  6.48265673e-04  6.06353415e-07 
 6.49132836e-04  0.00000000e+00  6.49132836e-04  1.20000000e+00  6.49132836e-04  1.20000000e+00  6.49132836e-04  1.20001288e+00  6.49132836e-04 -4.86602209e-07 
 6.50000000e-04  0.00000000e+00  6.50000000e-04  1.20000000e+00  6.50000000e-04  1.20000000e+00  6.50000000e-04  1.19998698e+00  6.50000000e-04  6.06349317e-07 
 6.50000100e-04  1.20000000e-01  6.50000100e-04  1.20000000e+00  6.50000100e-04  1.20000000e+00  6.50000100e-04  1.20000256e+00  6.50000100e-04  6.97343762e-08 
 6.50000300e-04  3.60000000e-01  6.50000300e-04  1.20000000e+00  6.50000300e-04  1.20000000e+00  6.50000300e-04  1.19999758e+00  6.50000300e-04  3.99960120e-08 
 6.50000650e-04  7.80000000e-01  6.50000650e-04  1.20000000e+00  6.50000650e-04  1.20000000e+00  6.50000650e-04  1.19999184e+00  6.50000650e-04  8.38296176e-08 
 6.50001000e-04  1.20000000e+00  6.50001000e-04  1.20000000e+00  6.50001000e-04  1.20000000e+00  6.50001000e-04  1.20002211e+00  6.50001000e-04  3.37364789e-08 
 6.50001041e-04  1.20000000e+00  6.50001041e-04  1.20000000e+00  6.50001041e-04  1.20000000e+00  6.50001041e-04  1.19999187e+00  6.50001041e-04  1.26028246e-07 
 6.50001122e-04  1.20000000e+00  6.50001122e-04  1.20000000e+00  6.50001122e-04  1.20000000e+00  6.50001122e-04  1.19999826e+00  6.50001122e-04 -1.39596548e-07 
 6.50001285e-04  1.20000000e+00  6.50001285e-04  1.20000000e+00  6.50001285e-04  1.20000000e+00  6.50001285e-04  1.20000242e+00  6.50001285e-04  3.10085270e-07 
 6.50001610e-04  1.20000000e+00  6.50001610e-04  1.20000000e+00  6.50001610e-04  1.20000000e+00  6.50001610e-04  1.19999733e+00  6.50001610e-04 -2.02601304e-07 
 6.50002261e-04  1.20000000e+00  6.50002261e-04  1.20000000e+00  6.50002261e-04  1.20000000e+00  6.50002261e-04  1.20000255e+00  6.50002261e-04  3.26132686e-07 
 6.50003563e-04  1.20000000e+00  6.50003563e-04  1.20000000e+00  6.50003563e-04  1.20000000e+00  6.50003563e-04  1.19999731e+00  6.50003563e-04 -2.07769835e-07 
 6.50006167e-04  1.20000000e+00  6.50006167e-04  1.20000000e+00  6.50006167e-04  1.20000000e+00  6.50006167e-04  1.20000255e+00  6.50006167e-04  3.28094074e-07 
 6.50011375e-04  1.20000000e+00  6.50011375e-04  1.20000000e+00  6.50011375e-04  1.20000000e+00  6.50011375e-04  1.19999732e+00  6.50011375e-04 -2.08604989e-07 
 6.50021791e-04  1.20000000e+00  6.50021791e-04  1.20000000e+00  6.50021791e-04  1.20000000e+00  6.50021791e-04  1.20000254e+00  6.50021791e-04  3.28476506e-07 
 6.50042622e-04  1.20000000e+00  6.50042622e-04  1.20000000e+00  6.50042622e-04  1.20000000e+00  6.50042622e-04  1.19999732e+00  6.50042622e-04 -2.08787548e-07 
 6.50084285e-04  1.20000000e+00  6.50084285e-04  1.20000000e+00  6.50084285e-04  1.20000000e+00  6.50084285e-04  1.20000254e+00  6.50084285e-04  3.28565648e-07 
 6.50167611e-04  1.20000000e+00  6.50167611e-04  1.20000000e+00  6.50167611e-04  1.20000000e+00  6.50167611e-04  1.19999732e+00  6.50167611e-04 -2.08831582e-07 
 6.50334263e-04  1.20000000e+00  6.50334263e-04  1.20000000e+00  6.50334263e-04  1.20000000e+00  6.50334263e-04  1.20000254e+00  6.50334263e-04  3.28587534e-07 
 6.50667566e-04  1.20000000e+00  6.50667566e-04  1.20000000e+00  6.50667566e-04  1.20000000e+00  6.50667566e-04  1.19999732e+00  6.50667566e-04 -2.08842491e-07 
 6.51334173e-04  1.20000000e+00  6.51334173e-04  1.20000000e+00  6.51334173e-04  1.20000000e+00  6.51334173e-04  1.20000254e+00  6.51334173e-04  3.28592980e-07 
 6.52334173e-04  1.20000000e+00  6.52334173e-04  1.20000000e+00  6.52334173e-04  1.20000000e+00  6.52334173e-04  1.19999732e+00  6.52334173e-04 -2.08845514e-07 
 6.53334173e-04  1.20000000e+00  6.53334173e-04  1.20000000e+00  6.53334173e-04  1.20000000e+00  6.53334173e-04  1.20000254e+00  6.53334173e-04  3.28595397e-07 
 6.54334173e-04  1.20000000e+00  6.54334173e-04  1.20000000e+00  6.54334173e-04  1.20000000e+00  6.54334173e-04  1.19999732e+00  6.54334173e-04 -2.08847930e-07 
 6.55334173e-04  1.20000000e+00  6.55334173e-04  1.20000000e+00  6.55334173e-04  1.20000000e+00  6.55334173e-04  1.20000254e+00  6.55334173e-04  3.28597812e-07 
 6.56334173e-04  1.20000000e+00  6.56334173e-04  1.20000000e+00  6.56334173e-04  1.20000000e+00  6.56334173e-04  1.19999732e+00  6.56334173e-04 -2.08850345e-07 
 6.57334173e-04  1.20000000e+00  6.57334173e-04  1.20000000e+00  6.57334173e-04  1.20000000e+00  6.57334173e-04  1.20000254e+00  6.57334173e-04  3.28600226e-07 
 6.58334173e-04  1.20000000e+00  6.58334173e-04  1.20000000e+00  6.58334173e-04  1.20000000e+00  6.58334173e-04  1.19999732e+00  6.58334173e-04 -2.08852757e-07 
 6.59334173e-04  1.20000000e+00  6.59334173e-04  1.20000000e+00  6.59334173e-04  1.20000000e+00  6.59334173e-04  1.20000254e+00  6.59334173e-04  3.28602637e-07 
 6.60334173e-04  1.20000000e+00  6.60334173e-04  1.20000000e+00  6.60334173e-04  1.20000000e+00  6.60334173e-04  1.19999732e+00  6.60334173e-04 -2.08855167e-07 
 6.61334173e-04  1.20000000e+00  6.61334173e-04  1.20000000e+00  6.61334173e-04  1.20000000e+00  6.61334173e-04  1.20000254e+00  6.61334173e-04  3.28605046e-07 
 6.62334173e-04  1.20000000e+00  6.62334173e-04  1.20000000e+00  6.62334173e-04  1.20000000e+00  6.62334173e-04  1.19999732e+00  6.62334173e-04 -2.08857575e-07 
 6.63334173e-04  1.20000000e+00  6.63334173e-04  1.20000000e+00  6.63334173e-04  1.20000000e+00  6.63334173e-04  1.20000254e+00  6.63334173e-04  3.28607454e-07 
 6.64334173e-04  1.20000000e+00  6.64334173e-04  1.20000000e+00  6.64334173e-04  1.20000000e+00  6.64334173e-04  1.19999732e+00  6.64334173e-04 -2.08859981e-07 
 6.65334173e-04  1.20000000e+00  6.65334173e-04  1.20000000e+00  6.65334173e-04  1.20000000e+00  6.65334173e-04  1.20000254e+00  6.65334173e-04  3.28609859e-07 
 6.66334173e-04  1.20000000e+00  6.66334173e-04  1.20000000e+00  6.66334173e-04  1.20000000e+00  6.66334173e-04  1.19999732e+00  6.66334173e-04 -2.08862386e-07 
 6.67334173e-04  1.20000000e+00  6.67334173e-04  1.20000000e+00  6.67334173e-04  1.20000000e+00  6.67334173e-04  1.20000254e+00  6.67334173e-04  3.28612263e-07 
 6.68334173e-04  1.20000000e+00  6.68334173e-04  1.20000000e+00  6.68334173e-04  1.20000000e+00  6.68334173e-04  1.19999732e+00  6.68334173e-04 -2.08864788e-07 
 6.69334173e-04  1.20000000e+00  6.69334173e-04  1.20000000e+00  6.69334173e-04  1.20000000e+00  6.69334173e-04  1.20000254e+00  6.69334173e-04  3.28614664e-07 
 6.70334173e-04  1.20000000e+00  6.70334173e-04  1.20000000e+00  6.70334173e-04  1.20000000e+00  6.70334173e-04  1.19999732e+00  6.70334173e-04 -2.08867188e-07 
 6.71334173e-04  1.20000000e+00  6.71334173e-04  1.20000000e+00  6.71334173e-04  1.20000000e+00  6.71334173e-04  1.20000254e+00  6.71334173e-04  3.28617064e-07 
 6.72334173e-04  1.20000000e+00  6.72334173e-04  1.20000000e+00  6.72334173e-04  1.20000000e+00  6.72334173e-04  1.19999732e+00  6.72334173e-04 -2.08869587e-07 
 6.73334173e-04  1.20000000e+00  6.73334173e-04  1.20000000e+00  6.73334173e-04  1.20000000e+00  6.73334173e-04  1.20000254e+00  6.73334173e-04  3.28619462e-07 
 6.74334173e-04  1.20000000e+00  6.74334173e-04  1.20000000e+00  6.74334173e-04  1.20000000e+00  6.74334173e-04  1.19999732e+00  6.74334173e-04 -2.08871983e-07 
 6.75334173e-04  1.20000000e+00  6.75334173e-04  1.20000000e+00  6.75334173e-04  1.20000000e+00  6.75334173e-04  1.20000254e+00  6.75334173e-04  3.28621857e-07 
 6.76334173e-04  1.20000000e+00  6.76334173e-04  1.20000000e+00  6.76334173e-04  1.20000000e+00  6.76334173e-04  1.19999732e+00  6.76334173e-04 -2.08874378e-07 
 6.77334173e-04  1.20000000e+00  6.77334173e-04  1.20000000e+00  6.77334173e-04  1.20000000e+00  6.77334173e-04  1.20000254e+00  6.77334173e-04  3.28624251e-07 
 6.78334173e-04  1.20000000e+00  6.78334173e-04  1.20000000e+00  6.78334173e-04  1.20000000e+00  6.78334173e-04  1.19999732e+00  6.78334173e-04 -2.08876770e-07 
 6.79334173e-04  1.20000000e+00  6.79334173e-04  1.20000000e+00  6.79334173e-04  1.20000000e+00  6.79334173e-04  1.20000254e+00  6.79334173e-04  3.28626642e-07 
 6.80334173e-04  1.20000000e+00  6.80334173e-04  1.20000000e+00  6.80334173e-04  1.20000000e+00  6.80334173e-04  1.19999732e+00  6.80334173e-04 -2.08879161e-07 
 6.81334173e-04  1.20000000e+00  6.81334173e-04  1.20000000e+00  6.81334173e-04  1.20000000e+00  6.81334173e-04  1.20000254e+00  6.81334173e-04  3.28629032e-07 
 6.82334173e-04  1.20000000e+00  6.82334173e-04  1.20000000e+00  6.82334173e-04  1.20000000e+00  6.82334173e-04  1.19999732e+00  6.82334173e-04 -2.08881549e-07 
 6.83334173e-04  1.20000000e+00  6.83334173e-04  1.20000000e+00  6.83334173e-04  1.20000000e+00  6.83334173e-04  1.20000254e+00  6.83334173e-04  3.28631420e-07 
 6.84334173e-04  1.20000000e+00  6.84334173e-04  1.20000000e+00  6.84334173e-04  1.20000000e+00  6.84334173e-04  1.19999732e+00  6.84334173e-04 -2.08883936e-07 
 6.85334173e-04  1.20000000e+00  6.85334173e-04  1.20000000e+00  6.85334173e-04  1.20000000e+00  6.85334173e-04  1.20000254e+00  6.85334173e-04  3.28633806e-07 
 6.86334173e-04  1.20000000e+00  6.86334173e-04  1.20000000e+00  6.86334173e-04  1.20000000e+00  6.86334173e-04  1.19999732e+00  6.86334173e-04 -2.08886321e-07 
 6.87334173e-04  1.20000000e+00  6.87334173e-04  1.20000000e+00  6.87334173e-04  1.20000000e+00  6.87334173e-04  1.20000254e+00  6.87334173e-04  3.28636190e-07 
 6.88334173e-04  1.20000000e+00  6.88334173e-04  1.20000000e+00  6.88334173e-04  1.20000000e+00  6.88334173e-04  1.19999732e+00  6.88334173e-04 -2.08888703e-07 
 6.89334173e-04  1.20000000e+00  6.89334173e-04  1.20000000e+00  6.89334173e-04  1.20000000e+00  6.89334173e-04  1.20000254e+00  6.89334173e-04  3.28638571e-07 
 6.90334173e-04  1.20000000e+00  6.90334173e-04  1.20000000e+00  6.90334173e-04  1.20000000e+00  6.90334173e-04  1.19999732e+00  6.90334173e-04 -2.08891084e-07 
 6.91334173e-04  1.20000000e+00  6.91334173e-04  1.20000000e+00  6.91334173e-04  1.20000000e+00  6.91334173e-04  1.20000254e+00  6.91334173e-04  3.28640951e-07 
 6.92334173e-04  1.20000000e+00  6.92334173e-04  1.20000000e+00  6.92334173e-04  1.20000000e+00  6.92334173e-04  1.19999732e+00  6.92334173e-04 -2.08893463e-07 
 6.93334173e-04  1.20000000e+00  6.93334173e-04  1.20000000e+00  6.93334173e-04  1.20000000e+00  6.93334173e-04  1.20000254e+00  6.93334173e-04  3.28643329e-07 
 6.94334173e-04  1.20000000e+00  6.94334173e-04  1.20000000e+00  6.94334173e-04  1.20000000e+00  6.94334173e-04  1.19999732e+00  6.94334173e-04 -2.08895840e-07 
 6.95334173e-04  1.20000000e+00  6.95334173e-04  1.20000000e+00  6.95334173e-04  1.20000000e+00  6.95334173e-04  1.20000254e+00  6.95334173e-04  3.28645705e-07 
 6.96334173e-04  1.20000000e+00  6.96334173e-04  1.20000000e+00  6.96334173e-04  1.20000000e+00  6.96334173e-04  1.19999732e+00  6.96334173e-04 -2.08898214e-07 
 6.97334173e-04  1.20000000e+00  6.97334173e-04  1.20000000e+00  6.97334173e-04  1.20000000e+00  6.97334173e-04  1.20000254e+00  6.97334173e-04  3.28648079e-07 
 6.98334173e-04  1.20000000e+00  6.98334173e-04  1.20000000e+00  6.98334173e-04  1.20000000e+00  6.98334173e-04  1.19999732e+00  6.98334173e-04 -2.08900587e-07 
 6.99167587e-04  1.20000000e+00  6.99167587e-04  1.20000000e+00  6.99167587e-04  1.20000000e+00  6.99167587e-04  1.20000254e+00  6.99167587e-04  3.28650688e-07 
 7.00001000e-04  1.20000000e+00  7.00001000e-04  1.20000000e+00  7.00001000e-04  1.20000000e+00  7.00001000e-04  1.19999732e+00  7.00001000e-04 -2.08903432e-07 
 7.00001100e-04  1.08000000e+00  7.00001100e-04  1.20000000e+00  7.00001100e-04  1.20000000e+00  7.00001100e-04  1.19999979e+00  7.00001100e-04  6.01685467e-08 
 7.00001300e-04  8.40000000e-01  7.00001300e-04  1.20000000e+00  7.00001300e-04  1.20000000e+00  7.00001300e-04  1.20000026e+00  7.00001300e-04  6.43466296e-08 
 7.00001650e-04  4.20000000e-01  7.00001650e-04  1.20000000e+00  7.00001650e-04  1.20000000e+00  7.00001650e-04  1.19999326e+00  7.00001650e-04  5.18759697e-08 
 7.00002000e-04  6.24209573e-11  7.00002000e-04  1.20000000e+00  7.00002000e-04  1.20000000e+00  7.00002000e-04  1.20003836e+00  7.00002000e-04  7.89160980e-08 
 7.00002039e-04  0.00000000e+00  7.00002039e-04  1.20000000e+00  7.00002039e-04  1.20000000e+00  7.00002039e-04  1.19992895e+00  7.00002039e-04 -1.34506941e-07 
 7.00002117e-04  0.00000000e+00  7.00002117e-04  1.20000000e+00  7.00002117e-04  1.20000000e+00  7.00002117e-04  1.20001011e+00  7.00002117e-04  5.17763909e-07 
 7.00002272e-04  0.00000000e+00  7.00002272e-04  1.20000000e+00  7.00002272e-04  1.20000000e+00  7.00002272e-04  1.20000379e+00  7.00002272e-04 -4.69624563e-07 
 7.00002583e-04  0.00000000e+00  7.00002583e-04  1.20000000e+00  7.00002583e-04  1.20000000e+00  7.00002583e-04  1.19999121e+00  7.00002583e-04  6.00876245e-07 
 7.00003205e-04  0.00000000e+00  7.00003205e-04  1.20000000e+00  7.00003205e-04  1.20000000e+00  7.00003205e-04  1.20001066e+00  7.00003205e-04 -4.82585636e-07 
 7.00004448e-04  0.00000000e+00  7.00004448e-04  1.20000000e+00  7.00004448e-04  1.20000000e+00  7.00004448e-04  1.19998828e+00  7.00004448e-04  6.02071922e-07 
 7.00006935e-04  0.00000000e+00  7.00006935e-04  1.20000000e+00  7.00006935e-04  1.20000000e+00  7.00006935e-04  1.20001202e+00  7.00006935e-04 -4.81953034e-07 
 7.00011909e-04  0.00000000e+00  7.00011909e-04  1.20000000e+00  7.00011909e-04  1.20000000e+00  7.00011909e-04  1.19998762e+00  7.00011909e-04  6.01458634e-07 
 7.00021857e-04  0.00000000e+00  7.00021857e-04  1.20000000e+00  7.00021857e-04  1.20000000e+00  7.00021857e-04  1.20001235e+00  7.00021857e-04 -4.81573503e-07 
 7.00041752e-04  0.00000000e+00  7.00041752e-04  1.20000000e+00  7.00041752e-04  1.20000000e+00  7.00041752e-04  1.19998746e+00  7.00041752e-04  6.01250899e-07 
 7.00081543e-04  0.00000000e+00  7.00081543e-04  1.20000000e+00  7.00081543e-04  1.20000000e+00  7.00081543e-04  1.20001242e+00  7.00081543e-04 -4.81465130e-07 
 7.00161125e-04  0.00000000e+00  7.00161125e-04  1.20000000e+00  7.00161125e-04  1.20000000e+00  7.00161125e-04  1.19998742e+00  7.00161125e-04  6.01195606e-07 
 7.00320289e-04  0.00000000e+00  7.00320289e-04  1.20000000e+00  7.00320289e-04  1.20000000e+00  7.00320289e-04  1.20001244e+00  7.00320289e-04 -4.81437198e-07 
 7.00638616e-04  0.00000000e+00  7.00638616e-04  1.20000000e+00  7.00638616e-04  1.20000000e+00  7.00638616e-04  1.19998741e+00  7.00638616e-04  6.01181574e-07 
 7.01275271e-04  0.00000000e+00  7.01275271e-04  1.20000000e+00  7.01275271e-04  1.20000000e+00  7.01275271e-04  1.20001245e+00  7.01275271e-04 -4.81430164e-07 
 7.02275271e-04  0.00000000e+00  7.02275271e-04  1.20000000e+00  7.02275271e-04  1.20000000e+00  7.02275271e-04  1.19998741e+00  7.02275271e-04  6.01177732e-07 
 7.03275271e-04  0.00000000e+00  7.03275271e-04  1.20000000e+00  7.03275271e-04  1.20000000e+00  7.03275271e-04  1.20001245e+00  7.03275271e-04 -4.81427171e-07 
 7.04275271e-04  0.00000000e+00  7.04275271e-04  1.20000000e+00  7.04275271e-04  1.20000000e+00  7.04275271e-04  1.19998741e+00  7.04275271e-04  6.01174738e-07 
 7.05275271e-04  0.00000000e+00  7.05275271e-04  1.20000000e+00  7.05275271e-04  1.20000000e+00  7.05275271e-04  1.20001245e+00  7.05275271e-04 -4.81424175e-07 
 7.06275271e-04  0.00000000e+00  7.06275271e-04  1.20000000e+00  7.06275271e-04  1.20000000e+00  7.06275271e-04  1.19998741e+00  7.06275271e-04  6.01171741e-07 
 7.07275271e-04  0.00000000e+00  7.07275271e-04  1.20000000e+00  7.07275271e-04  1.20000000e+00  7.07275271e-04  1.20001246e+00  7.07275271e-04 -4.81421175e-07 
 7.08275271e-04  0.00000000e+00  7.08275271e-04  1.20000000e+00  7.08275271e-04  1.20000000e+00  7.08275271e-04  1.19998741e+00  7.08275271e-04  6.01168740e-07 
 7.09275271e-04  0.00000000e+00  7.09275271e-04  1.20000000e+00  7.09275271e-04  1.20000000e+00  7.09275271e-04  1.20001246e+00  7.09275271e-04 -4.81418172e-07 
 7.10275271e-04  0.00000000e+00  7.10275271e-04  1.20000000e+00  7.10275271e-04  1.20000000e+00  7.10275271e-04  1.19998740e+00  7.10275271e-04  6.01165735e-07 
 7.11275271e-04  0.00000000e+00  7.11275271e-04  1.20000000e+00  7.11275271e-04  1.20000000e+00  7.11275271e-04  1.20001246e+00  7.11275271e-04 -4.81415164e-07 
 7.12275271e-04  0.00000000e+00  7.12275271e-04  1.20000000e+00  7.12275271e-04  1.20000000e+00  7.12275271e-04  1.19998740e+00  7.12275271e-04  6.01162726e-07 
 7.13275271e-04  0.00000000e+00  7.13275271e-04  1.20000000e+00  7.13275271e-04  1.20000000e+00  7.13275271e-04  1.20001246e+00  7.13275271e-04 -4.81412153e-07 
 7.14275271e-04  0.00000000e+00  7.14275271e-04  1.20000000e+00  7.14275271e-04  1.20000000e+00  7.14275271e-04  1.19998740e+00  7.14275271e-04  6.01159714e-07 
 7.15275271e-04  0.00000000e+00  7.15275271e-04  1.20000000e+00  7.15275271e-04  1.20000000e+00  7.15275271e-04  1.20001246e+00  7.15275271e-04 -4.81409138e-07 
 7.16275271e-04  0.00000000e+00  7.16275271e-04  1.20000000e+00  7.16275271e-04  1.20000000e+00  7.16275271e-04  1.19998740e+00  7.16275271e-04  6.01156698e-07 
 7.17275271e-04  0.00000000e+00  7.17275271e-04  1.20000000e+00  7.17275271e-04  1.20000000e+00  7.17275271e-04  1.20001247e+00  7.17275271e-04 -4.81406120e-07 
 7.18275271e-04  0.00000000e+00  7.18275271e-04  1.20000000e+00  7.18275271e-04  1.20000000e+00  7.18275271e-04  1.19998739e+00  7.18275271e-04  6.01153678e-07 
 7.19275271e-04  0.00000000e+00  7.19275271e-04  1.20000000e+00  7.19275271e-04  1.20000000e+00  7.19275271e-04  1.20001247e+00  7.19275271e-04 -4.81403098e-07 
 7.20275271e-04  0.00000000e+00  7.20275271e-04  1.20000000e+00  7.20275271e-04  1.20000000e+00  7.20275271e-04  1.19998739e+00  7.20275271e-04  6.01150654e-07 
 7.21275271e-04  0.00000000e+00  7.21275271e-04  1.20000000e+00  7.21275271e-04  1.20000000e+00  7.21275271e-04  1.20001247e+00  7.21275271e-04 -4.81400071e-07 
 7.22275271e-04  0.00000000e+00  7.22275271e-04  1.20000000e+00  7.22275271e-04  1.20000000e+00  7.22275271e-04  1.19998739e+00  7.22275271e-04  6.01147627e-07 
 7.23275271e-04  0.00000000e+00  7.23275271e-04  1.20000000e+00  7.23275271e-04  1.20000000e+00  7.23275271e-04  1.20001247e+00  7.23275271e-04 -4.81397042e-07 
 7.24138136e-04  0.00000000e+00  7.24138136e-04  1.20000000e+00  7.24138136e-04  1.20000000e+00  7.24138136e-04  1.19998739e+00  7.24138136e-04  6.01144355e-07 
 7.25001000e-04  0.00000000e+00  7.25001000e-04  1.20000000e+00  7.25001000e-04  1.20000000e+00  7.25001000e-04  1.20001247e+00  7.25001000e-04 -4.81393525e-07 
 7.25001100e-04  0.00000000e+00  7.25001100e-04  1.08000000e+00  7.25001100e-04  1.20000000e+00  7.25001100e-04  1.19999777e+00  7.25001100e-04  5.08641731e-08 
 7.25001300e-04  0.00000000e+00  7.25001300e-04  8.40000000e-01  7.25001300e-04  1.20000000e+00  7.25001300e-04  1.20000132e+00  7.25001300e-04  7.80399908e-08 
 7.25001650e-04  0.00000000e+00  7.25001650e-04  4.20000000e-01  7.25001650e-04  1.20000000e+00  7.25001650e-04  1.19999890e+00  7.25001650e-04  3.75914883e-08 
 7.25002000e-04  0.00000000e+00  7.25002000e-04  0.00000000e+00  7.25002000e-04  1.20000000e+00  7.25002000e-04  1.20000066e+00  7.25002000e-04  8.55386675e-08 
 7.25002066e-04  0.00000000e+00  7.25002066e-04  0.00000000e+00  7.25002066e-04  1.20000000e+00  7.25002066e-04  1.20000023e+00  7.25002066e-04  5.68889407e-08 
 7.25002198e-04  0.00000000e+00  7.25002198e-04  0.00000000e+00  7.25002198e-04  1.20000000e+00  7.25002198e-04  1.19999974e+00  7.25002198e-04  6.10928354e-08 
 7.25002463e-04  0.00000000e+00  7.25002463e-04  0.00000000e+00  7.25002463e-04  1.20000000e+00  7.25002463e-04  1.20000008e+00  7.25002463e-04  5.93406503e-08 
 7.25002992e-04  0.00000000e+00  7.25002992e-04  0.00000000e+00  7.25002992e-04  1.20000000e+00  7.25002992e-04  1.19999980e+00  7.25002992e-04  6.01105211e-08 
 7.25003813e-04  0.00000000e+00  7.25003813e-04  0.00000000e+00  7.25003813e-04  1.20000000e+00  7.25003813e-04  1.20000005e+00  7.25003813e-04  5.98159827e-08 
 7.25005454e-04  0.00000000e+00  7.25005454e-04  0.00000000e+00  7.25005454e-04  1.20000000e+00  7.25005454e-04  1.19999981e+00  7.25005454e-04  5.98483702e-08 
 7.25008735e-04  0.00000000e+00  7.25008735e-04  0.00000000e+00  7.25008735e-04  1.20000000e+00  7.25008735e-04  1.20000005e+00  7.25008735e-04  5.99419235e-08 
 7.25015298e-04  0.00000000e+00  7.25015298e-04  0.00000000e+00  7.25015298e-04  1.20000000e+00  7.25015298e-04  1.19999981e+00  7.25015298e-04  5.97866552e-08 
 7.25028425e-04  0.00000000e+00  7.25028425e-04  0.00000000e+00  7.25028425e-04  1.20000000e+00  7.25028425e-04  1.20000005e+00  7.25028425e-04  5.99724706e-08 
 7.25054677e-04  0.00000000e+00  7.25054677e-04  0.00000000e+00  7.25054677e-04  1.20000000e+00  7.25054677e-04  1.19999982e+00  7.25054677e-04  5.97714588e-08 
 7.25107183e-04  0.00000000e+00  7.25107183e-04  0.00000000e+00  7.25107183e-04  1.20000000e+00  7.25107183e-04  1.20000004e+00  7.25107183e-04  5.99800496e-08 
 7.25212194e-04  0.00000000e+00  7.25212194e-04  0.00000000e+00  7.25212194e-04  1.20000000e+00  7.25212194e-04  1.19999982e+00  7.25212194e-04  5.97676745e-08 
 7.25422216e-04  0.00000000e+00  7.25422216e-04  0.00000000e+00  7.25422216e-04  1.20000000e+00  7.25422216e-04  1.20000004e+00  7.25422216e-04  5.99819406e-08 
 7.25842261e-04  0.00000000e+00  7.25842261e-04  0.00000000e+00  7.25842261e-04  1.20000000e+00  7.25842261e-04  1.19999982e+00  7.25842261e-04  5.97667291e-08 
 7.26682350e-04  0.00000000e+00  7.26682350e-04  0.00000000e+00  7.26682350e-04  1.20000000e+00  7.26682350e-04  1.20000004e+00  7.26682350e-04  5.99824130e-08 
 7.27682350e-04  0.00000000e+00  7.27682350e-04  0.00000000e+00  7.27682350e-04  1.20000000e+00  7.27682350e-04  1.19999982e+00  7.27682350e-04  5.97664393e-08 
 7.28682350e-04  0.00000000e+00  7.28682350e-04  0.00000000e+00  7.28682350e-04  1.20000000e+00  7.28682350e-04  1.20000004e+00  7.28682350e-04  5.99826777e-08 
 7.29682350e-04  0.00000000e+00  7.29682350e-04  0.00000000e+00  7.29682350e-04  1.20000000e+00  7.29682350e-04  1.19999982e+00  7.29682350e-04  5.97661745e-08 
 7.30682350e-04  0.00000000e+00  7.30682350e-04  0.00000000e+00  7.30682350e-04  1.20000000e+00  7.30682350e-04  1.20000004e+00  7.30682350e-04  5.99829424e-08 
 7.31682350e-04  0.00000000e+00  7.31682350e-04  0.00000000e+00  7.31682350e-04  1.20000000e+00  7.31682350e-04  1.19999982e+00  7.31682350e-04  5.97659101e-08 
 7.32682350e-04  0.00000000e+00  7.32682350e-04  0.00000000e+00  7.32682350e-04  1.20000000e+00  7.32682350e-04  1.20000004e+00  7.32682350e-04  5.99832068e-08 
 7.33682350e-04  0.00000000e+00  7.33682350e-04  0.00000000e+00  7.33682350e-04  1.20000000e+00  7.33682350e-04  1.19999982e+00  7.33682350e-04  5.97656456e-08 
 7.34682350e-04  0.00000000e+00  7.34682350e-04  0.00000000e+00  7.34682350e-04  1.20000000e+00  7.34682350e-04  1.20000004e+00  7.34682350e-04  5.99834715e-08 
 7.35682350e-04  0.00000000e+00  7.35682350e-04  0.00000000e+00  7.35682350e-04  1.20000000e+00  7.35682350e-04  1.19999982e+00  7.35682350e-04  5.97653810e-08 
 7.36682350e-04  0.00000000e+00  7.36682350e-04  0.00000000e+00  7.36682350e-04  1.20000000e+00  7.36682350e-04  1.20000004e+00  7.36682350e-04  5.99837361e-08 
 7.37682350e-04  0.00000000e+00  7.37682350e-04  0.00000000e+00  7.37682350e-04  1.20000000e+00  7.37682350e-04  1.19999982e+00  7.37682350e-04  5.97651164e-08 
 7.38682350e-04  0.00000000e+00  7.38682350e-04  0.00000000e+00  7.38682350e-04  1.20000000e+00  7.38682350e-04  1.20000004e+00  7.38682350e-04  5.99840007e-08 
 7.39682350e-04  0.00000000e+00  7.39682350e-04  0.00000000e+00  7.39682350e-04  1.20000000e+00  7.39682350e-04  1.19999982e+00  7.39682350e-04  5.97648520e-08 
 7.40682350e-04  0.00000000e+00  7.40682350e-04  0.00000000e+00  7.40682350e-04  1.20000000e+00  7.40682350e-04  1.20000004e+00  7.40682350e-04  5.99842650e-08 
 7.41682350e-04  0.00000000e+00  7.41682350e-04  0.00000000e+00  7.41682350e-04  1.20000000e+00  7.41682350e-04  1.19999982e+00  7.41682350e-04  5.97645874e-08 
 7.42682350e-04  0.00000000e+00  7.42682350e-04  0.00000000e+00  7.42682350e-04  1.20000000e+00  7.42682350e-04  1.20000004e+00  7.42682350e-04  5.99845293e-08 
 7.43682350e-04  0.00000000e+00  7.43682350e-04  0.00000000e+00  7.43682350e-04  1.20000000e+00  7.43682350e-04  1.19999982e+00  7.43682350e-04  5.97643232e-08 
 7.44682350e-04  0.00000000e+00  7.44682350e-04  0.00000000e+00  7.44682350e-04  1.20000000e+00  7.44682350e-04  1.20000004e+00  7.44682350e-04  5.99847938e-08 
 7.45682350e-04  0.00000000e+00  7.45682350e-04  0.00000000e+00  7.45682350e-04  1.20000000e+00  7.45682350e-04  1.19999982e+00  7.45682350e-04  5.97640586e-08 
 7.46682350e-04  0.00000000e+00  7.46682350e-04  0.00000000e+00  7.46682350e-04  1.20000000e+00  7.46682350e-04  1.20000004e+00  7.46682350e-04  5.99850580e-08 
 7.47682350e-04  0.00000000e+00  7.47682350e-04  0.00000000e+00  7.47682350e-04  1.20000000e+00  7.47682350e-04  1.19999982e+00  7.47682350e-04  5.97637944e-08 
 7.48682350e-04  0.00000000e+00  7.48682350e-04  0.00000000e+00  7.48682350e-04  1.20000000e+00  7.48682350e-04  1.20000004e+00  7.48682350e-04  5.99853224e-08 
 7.49341175e-04  0.00000000e+00  7.49341175e-04  0.00000000e+00  7.49341175e-04  1.20000000e+00  7.49341175e-04  1.19999982e+00  7.49341175e-04  5.97634617e-08 
 7.50000000e-04  1.30104261e-10  7.50000000e-04  0.00000000e+00  7.50000000e-04  1.20000000e+00  7.50000000e-04  1.20000004e+00  7.50000000e-04  5.99857237e-08 
 7.50000100e-04  1.20000000e-01  7.50000100e-04  0.00000000e+00  7.50000100e-04  1.20000000e+00  7.50000100e-04  1.20000045e+00  7.50000100e-04  5.97987649e-08 
 7.50000300e-04  3.60000000e-01  7.50000300e-04  0.00000000e+00  7.50000300e-04  1.20000000e+00  7.50000300e-04  1.19999888e+00  7.50000300e-04  5.89485007e-08 
 7.50000565e-04  6.78022150e-01  7.50000565e-04  0.00000000e+00  7.50000565e-04  1.20000000e+00  7.50000565e-04  1.19995634e+00  7.50000565e-04  4.97512438e-08 
 7.50000878e-04  1.05383742e+00  7.50000878e-04  0.00000000e+00  7.50000878e-04  1.20000000e+00  7.50000878e-04  1.20009250e+00  7.50000878e-04  1.15246708e-07 
 7.50001000e-04  1.20000000e+00  7.50001000e-04  0.00000000e+00  7.50001000e-04  1.20000000e+00  7.50001000e-04  1.19986054e+00  7.50001000e-04 -3.86206361e-07 
 7.50001030e-04  1.20000000e+00  7.50001030e-04  0.00000000e+00  7.50001030e-04  1.20000000e+00  7.50001030e-04  1.20001714e+00  7.50001030e-04  8.70304212e-07 
 7.50001090e-04  1.20000000e+00  7.50001090e-04  0.00000000e+00  7.50001090e-04  1.20000000e+00  7.50001090e-04  1.20001247e+00  7.50001090e-04 -8.42283630e-07 
 7.50001209e-04  1.20000000e+00  7.50001209e-04  0.00000000e+00  7.50001209e-04  1.20000000e+00  7.50001209e-04  1.19997992e+00  7.50001209e-04  8.20208833e-07 
 7.50001448e-04  1.20000000e+00  7.50001448e-04  0.00000000e+00  7.50001448e-04  1.20000000e+00  7.50001448e-04  1.20002199e+00  7.50001448e-04 -6.09740495e-07 
 7.50001830e-04  1.20000000e+00  7.50001830e-04  0.00000000e+00  7.50001830e-04  1.20000000e+00  7.50001830e-04  1.19997704e+00  7.50001830e-04  6.70351294e-07 
 7.50002594e-04  1.20000000e+00  7.50002594e-04  0.00000000e+00  7.50002594e-04  1.20000000e+00  7.50002594e-04  1.20002314e+00  7.50002594e-04 -5.20717007e-07 
 7.50004123e-04  1.20000000e+00  7.50004123e-04  0.00000000e+00  7.50004123e-04  1.20000000e+00  7.50004123e-04  1.19997660e+00  7.50004123e-04  6.25506426e-07 
 7.50007179e-04  1.20000000e+00  7.50007179e-04  0.00000000e+00  7.50007179e-04  1.20000000e+00  7.50007179e-04  1.20002332e+00  7.50007179e-04 -4.98264192e-07 
 7.50013292e-04  1.20000000e+00  7.50013292e-04  0.00000000e+00  7.50013292e-04  1.20000000e+00  7.50013292e-04  1.19997651e+00  7.50013292e-04  6.14278046e-07 
 7.50025517e-04  1.20000000e+00  7.50025517e-04  0.00000000e+00  7.50025517e-04  1.20000000e+00  7.50025517e-04  1.20002337e+00  7.50025517e-04 -4.92650309e-07 
 7.50049968e-04  1.20000000e+00  7.50049968e-04  0.00000000e+00  7.50049968e-04  1.20000000e+00  7.50049968e-04  1.19997649e+00  7.50049968e-04  6.11471211e-07 
 7.50098870e-04  1.20000000e+00  7.50098870e-04  0.00000000e+00  7.50098870e-04  1.20000000e+00  7.50098870e-04  1.20002338e+00  7.50098870e-04 -4.91246955e-07 
 7.50196673e-04  1.20000000e+00  7.50196673e-04  0.00000000e+00  7.50196673e-04  1.20000000e+00  7.50196673e-04  1.19997648e+00  7.50196673e-04  6.10769537e-07 
 7.50392280e-04  1.20000000e+00  7.50392280e-04  0.00000000e+00  7.50392280e-04  1.20000000e+00  7.50392280e-04  1.20002338e+00  7.50392280e-04 -4.90896127e-07 
 7.50783494e-04  1.20000000e+00  7.50783494e-04  0.00000000e+00  7.50783494e-04  1.20000000e+00  7.50783494e-04  1.19997648e+00  7.50783494e-04  6.10594122e-07 
 7.51565921e-04  1.20000000e+00  7.51565921e-04  0.00000000e+00  7.51565921e-04  1.20000000e+00  7.51565921e-04  1.20002338e+00  7.51565921e-04 -4.90808420e-07 
 7.52565921e-04  1.20000000e+00  7.52565921e-04  0.00000000e+00  7.52565921e-04  1.20000000e+00  7.52565921e-04  1.19997648e+00  7.52565921e-04  6.10542011e-07 
 7.53565921e-04  1.20000000e+00  7.53565921e-04  0.00000000e+00  7.53565921e-04  1.20000000e+00  7.53565921e-04  1.20002338e+00  7.53565921e-04 -4.90762671e-07 
 7.54565921e-04  1.20000000e+00  7.54565921e-04  0.00000000e+00  7.54565921e-04  1.20000000e+00  7.54565921e-04  1.19997648e+00  7.54565921e-04  6.10496261e-07 
 7.55565921e-04  1.20000000e+00  7.55565921e-04  0.00000000e+00  7.55565921e-04  1.20000000e+00  7.55565921e-04  1.20002338e+00  7.55565921e-04 -4.90716922e-07 
 7.56565921e-04  1.20000000e+00  7.56565921e-04  0.00000000e+00  7.56565921e-04  1.20000000e+00  7.56565921e-04  1.19997648e+00  7.56565921e-04  6.10450511e-07 
 7.57565921e-04  1.20000000e+00  7.57565921e-04  0.00000000e+00  7.57565921e-04  1.20000000e+00  7.57565921e-04  1.20002338e+00  7.57565921e-04 -4.90671173e-07 
 7.58565921e-04  1.20000000e+00  7.58565921e-04  0.00000000e+00  7.58565921e-04  1.20000000e+00  7.58565921e-04  1.19997648e+00  7.58565921e-04  6.10404762e-07 
 7.59565921e-04  1.20000000e+00  7.59565921e-04  0.00000000e+00  7.59565921e-04  1.20000000e+00  7.59565921e-04  1.20002338e+00  7.59565921e-04 -4.90625424e-07 
 7.60565921e-04  1.20000000e+00  7.60565921e-04  0.00000000e+00  7.60565921e-04  1.20000000e+00  7.60565921e-04  1.19997648e+00  7.60565921e-04  6.10359012e-07 
 7.61565921e-04  1.20000000e+00  7.61565921e-04  0.00000000e+00  7.61565921e-04  1.20000000e+00  7.61565921e-04  1.20002338e+00  7.61565921e-04 -4.90579675e-07 
 7.62565921e-04  1.20000000e+00  7.62565921e-04  0.00000000e+00  7.62565921e-04  1.20000000e+00  7.62565921e-04  1.19997648e+00  7.62565921e-04  6.10313263e-07 
 7.63565921e-04  1.20000000e+00  7.63565921e-04  0.00000000e+00  7.63565921e-04  1.20000000e+00  7.63565921e-04  1.20002338e+00  7.63565921e-04 -4.90533926e-07 
 7.64565921e-04  1.20000000e+00  7.64565921e-04  0.00000000e+00  7.64565921e-04  1.20000000e+00  7.64565921e-04  1.19997648e+00  7.64565921e-04  6.10267514e-07 
 7.65565921e-04  1.20000000e+00  7.65565921e-04  0.00000000e+00  7.65565921e-04  1.20000000e+00  7.65565921e-04  1.20002338e+00  7.65565921e-04 -4.90488177e-07 
 7.66565921e-04  1.20000000e+00  7.66565921e-04  0.00000000e+00  7.66565921e-04  1.20000000e+00  7.66565921e-04  1.19997648e+00  7.66565921e-04  6.10221764e-07 
 7.67565921e-04  1.20000000e+00  7.67565921e-04  0.00000000e+00  7.67565921e-04  1.20000000e+00  7.67565921e-04  1.20002338e+00  7.67565921e-04 -4.90442429e-07 
 7.68565921e-04  1.20000000e+00  7.68565921e-04  0.00000000e+00  7.68565921e-04  1.20000000e+00  7.68565921e-04  1.19997648e+00  7.68565921e-04  6.10176015e-07 
 7.69565921e-04  1.20000000e+00  7.69565921e-04  0.00000000e+00  7.69565921e-04  1.20000000e+00  7.69565921e-04  1.20002338e+00  7.69565921e-04 -4.90396680e-07 
 7.70565921e-04  1.20000000e+00  7.70565921e-04  0.00000000e+00  7.70565921e-04  1.20000000e+00  7.70565921e-04  1.19997648e+00  7.70565921e-04  6.10130266e-07 
 7.71565921e-04  1.20000000e+00  7.71565921e-04  0.00000000e+00  7.71565921e-04  1.20000000e+00  7.71565921e-04  1.20002338e+00  7.71565921e-04 -4.90350931e-07 
 7.72565921e-04  1.20000000e+00  7.72565921e-04  0.00000000e+00  7.72565921e-04  1.20000000e+00  7.72565921e-04  1.19997648e+00  7.72565921e-04  6.10084517e-07 
 7.73565921e-04  1.20000000e+00  7.73565921e-04  0.00000000e+00  7.73565921e-04  1.20000000e+00  7.73565921e-04  1.20002338e+00  7.73565921e-04 -4.90305183e-07 
 7.74565921e-04  1.20000000e+00  7.74565921e-04  0.00000000e+00  7.74565921e-04  1.20000000e+00  7.74565921e-04  1.19997648e+00  7.74565921e-04  6.10038768e-07 
 7.75565921e-04  1.20000000e+00  7.75565921e-04  0.00000000e+00  7.75565921e-04  1.20000000e+00  7.75565921e-04  1.20002338e+00  7.75565921e-04 -4.90259434e-07 
 7.76565921e-04  1.20000000e+00  7.76565921e-04  0.00000000e+00  7.76565921e-04  1.20000000e+00  7.76565921e-04  1.19997648e+00  7.76565921e-04  6.09993019e-07 
 7.77565921e-04  1.20000000e+00  7.77565921e-04  0.00000000e+00  7.77565921e-04  1.20000000e+00  7.77565921e-04  1.20002338e+00  7.77565921e-04 -4.90213686e-07 
 7.78565921e-04  1.20000000e+00  7.78565921e-04  0.00000000e+00  7.78565921e-04  1.20000000e+00  7.78565921e-04  1.19997648e+00  7.78565921e-04  6.09947270e-07 
 7.79565921e-04  1.20000000e+00  7.79565921e-04  0.00000000e+00  7.79565921e-04  1.20000000e+00  7.79565921e-04  1.20002338e+00  7.79565921e-04 -4.90167938e-07 
 7.80565921e-04  1.20000000e+00  7.80565921e-04  0.00000000e+00  7.80565921e-04  1.20000000e+00  7.80565921e-04  1.19997648e+00  7.80565921e-04  6.09901521e-07 
 7.81565921e-04  1.20000000e+00  7.81565921e-04  0.00000000e+00  7.81565921e-04  1.20000000e+00  7.81565921e-04  1.20002338e+00  7.81565921e-04 -4.90122190e-07 
 7.82565921e-04  1.20000000e+00  7.82565921e-04  0.00000000e+00  7.82565921e-04  1.20000000e+00  7.82565921e-04  1.19997648e+00  7.82565921e-04  6.09855772e-07 
 7.83565921e-04  1.20000000e+00  7.83565921e-04  0.00000000e+00  7.83565921e-04  1.20000000e+00  7.83565921e-04  1.20002338e+00  7.83565921e-04 -4.90076441e-07 
 7.84565921e-04  1.20000000e+00  7.84565921e-04  0.00000000e+00  7.84565921e-04  1.20000000e+00  7.84565921e-04  1.19997648e+00  7.84565921e-04  6.09810023e-07 
 7.85565921e-04  1.20000000e+00  7.85565921e-04  0.00000000e+00  7.85565921e-04  1.20000000e+00  7.85565921e-04  1.20002339e+00  7.85565921e-04 -4.90030694e-07 
 7.86565921e-04  1.20000000e+00  7.86565921e-04  0.00000000e+00  7.86565921e-04  1.20000000e+00  7.86565921e-04  1.19997648e+00  7.86565921e-04  6.09764275e-07 
 7.87565921e-04  1.20000000e+00  7.87565921e-04  0.00000000e+00  7.87565921e-04  1.20000000e+00  7.87565921e-04  1.20002339e+00  7.87565921e-04 -4.89984945e-07 
 7.88565921e-04  1.20000000e+00  7.88565921e-04  0.00000000e+00  7.88565921e-04  1.20000000e+00  7.88565921e-04  1.19997648e+00  7.88565921e-04  6.09718527e-07 
 7.89565921e-04  1.20000000e+00  7.89565921e-04  0.00000000e+00  7.89565921e-04  1.20000000e+00  7.89565921e-04  1.20002339e+00  7.89565921e-04 -4.89939198e-07 
 7.90565921e-04  1.20000000e+00  7.90565921e-04  0.00000000e+00  7.90565921e-04  1.20000000e+00  7.90565921e-04  1.19997648e+00  7.90565921e-04  6.09672778e-07 
 7.91565921e-04  1.20000000e+00  7.91565921e-04  0.00000000e+00  7.91565921e-04  1.20000000e+00  7.91565921e-04  1.20002339e+00  7.91565921e-04 -4.89893450e-07 
 7.92565921e-04  1.20000000e+00  7.92565921e-04  0.00000000e+00  7.92565921e-04  1.20000000e+00  7.92565921e-04  1.19997648e+00  7.92565921e-04  6.09627030e-07 
 7.93565921e-04  1.20000000e+00  7.93565921e-04  0.00000000e+00  7.93565921e-04  1.20000000e+00  7.93565921e-04  1.20002339e+00  7.93565921e-04 -4.89847702e-07 
 7.94565921e-04  1.20000000e+00  7.94565921e-04  0.00000000e+00  7.94565921e-04  1.20000000e+00  7.94565921e-04  1.19997648e+00  7.94565921e-04  6.09581282e-07 
 7.95565921e-04  1.20000000e+00  7.95565921e-04  0.00000000e+00  7.95565921e-04  1.20000000e+00  7.95565921e-04  1.20002339e+00  7.95565921e-04 -4.89801955e-07 
 7.96565921e-04  1.20000000e+00  7.96565921e-04  0.00000000e+00  7.96565921e-04  1.20000000e+00  7.96565921e-04  1.19997648e+00  7.96565921e-04  6.09535533e-07 
 7.97565921e-04  1.20000000e+00  7.97565921e-04  0.00000000e+00  7.97565921e-04  1.20000000e+00  7.97565921e-04  1.20002339e+00  7.97565921e-04 -4.89756207e-07 
 7.98565921e-04  1.20000000e+00  7.98565921e-04  0.00000000e+00  7.98565921e-04  1.20000000e+00  7.98565921e-04  1.19997647e+00  7.98565921e-04  6.09489785e-07 
 7.99283460e-04  1.20000000e+00  7.99283460e-04  0.00000000e+00  7.99283460e-04  1.20000000e+00  7.99283460e-04  1.20002339e+00  7.99283460e-04 -4.89701455e-07 
 8.00001000e-04  1.20000000e+00  8.00001000e-04  0.00000000e+00  8.00001000e-04  1.20000000e+00  8.00001000e-04  1.19997647e+00  8.00001000e-04  6.09426028e-07 
 8.00001100e-04  1.08000000e+00  8.00001100e-04  0.00000000e+00  8.00001100e-04  1.20000000e+00  8.00001100e-04  1.20000004e+00  8.00001100e-04  1.16354274e-07 
 8.00001300e-04  8.40000000e-01  8.00001300e-04  0.00000000e+00  8.00001300e-04  1.20000000e+00  8.00001300e-04  1.20000033e+00  8.00001300e-04  5.89839407e-09 
 8.00001650e-04  4.20000000e-01  8.00001650e-04  0.00000000e+00  8.00001650e-04  1.20000000e+00  8.00001650e-04  1.19999287e+00  8.00001650e-04  1.10252544e-07 
 8.00002000e-04  0.00000000e+00  8.00002000e-04  0.00000000e+00  8.00002000e-04  1.20000000e+00  8.00002000e-04  1.20003939e+00  8.00002000e-04  2.13703898e-08 
 8.00002038e-04  0.00000000e+00  8.00002038e-04  0.00000000e+00  8.00002038e-04  1.20000000e+00  8.00002038e-04  1.19992705e+00  8.00002038e-04 -1.44985705e-07 
 8.00002115e-04  0.00000000e+00  8.00002115e-04  0.00000000e+00  8.00002115e-04  1.20000000e+00  8.00002115e-04  1.20001085e+00  8.00002115e-04  5.37980640e-07 
 8.00002268e-04  0.00000000e+00  8.00002268e-04  0.00000000e+00  8.00002268e-04  1.20000000e+00  8.00002268e-04  1.20000261e+00  8.00002268e-04 -4.90835090e-07 
 8.00002574e-04  0.00000000e+00  8.00002574e-04  0.00000000e+00  8.00002574e-04  1.20000000e+00  8.00002574e-04  1.19999249e+00  8.00002574e-04  6.21643415e-07 
 8.00003143e-04  0.00000000e+00  8.00003143e-04  0.00000000e+00  8.00003143e-04  1.20000000e+00  8.00003143e-04  1.20000950e+00  8.00003143e-04 -5.03002477e-07 
 8.00004282e-04  0.00000000e+00  8.00004282e-04  0.00000000e+00  8.00004282e-04  1.20000000e+00  8.00004282e-04  1.19998938e+00  8.00004282e-04  6.22136931e-07 
 8.00006559e-04  0.00000000e+00  8.00006559e-04  0.00000000e+00  8.00006559e-04  1.20000000e+00  8.00006559e-04  1.20001094e+00  8.00006559e-04 -5.01800672e-07 
 8.00011114e-04  0.00000000e+00  8.00011114e-04  0.00000000e+00  8.00011114e-04  1.20000000e+00  8.00011114e-04  1.19998869e+00  8.00011114e-04  6.21187896e-07 
 8.00020223e-04  0.00000000e+00  8.00020223e-04  0.00000000e+00  8.00020223e-04  1.20000000e+00  8.00020223e-04  1.20001128e+00  8.00020223e-04 -5.01240943e-07 
 8.00038442e-04  0.00000000e+00  8.00038442e-04  0.00000000e+00  8.00038442e-04  1.20000000e+00  8.00038442e-04  1.19998853e+00  8.00038442e-04  6.20887044e-07 
 8.00074880e-04  0.00000000e+00  8.00074880e-04  0.00000000e+00  8.00074880e-04  1.20000000e+00  8.00074880e-04  1.20001136e+00  8.00074880e-04 -5.01085259e-07 
 8.00147755e-04  0.00000000e+00  8.00147755e-04  0.00000000e+00  8.00147755e-04  1.20000000e+00  8.00147755e-04  1.19998849e+00  8.00147755e-04  6.20807911e-07 
 8.00293505e-04  0.00000000e+00  8.00293505e-04  0.00000000e+00  8.00293505e-04  1.20000000e+00  8.00293505e-04  1.20001138e+00  8.00293505e-04 -5.01045361e-07 
 8.00585006e-04  0.00000000e+00  8.00585006e-04  0.00000000e+00  8.00585006e-04  1.20000000e+00  8.00585006e-04  1.19998847e+00  8.00585006e-04  6.20787884e-07 
 8.01168007e-04  0.00000000e+00  8.01168007e-04  0.00000000e+00  8.01168007e-04  1.20000000e+00  8.01168007e-04  1.20001139e+00  8.01168007e-04 -5.01035325e-07 
 8.02168007e-04  0.00000000e+00  8.02168007e-04  0.00000000e+00  8.02168007e-04  1.20000000e+00  8.02168007e-04  1.19998847e+00  8.02168007e-04  6.20782584e-07 
 8.03168007e-04  0.00000000e+00  8.03168007e-04  0.00000000e+00  8.03168007e-04  1.20000000e+00  8.03168007e-04  1.20001139e+00  8.03168007e-04 -5.01031418e-07 
 8.04168007e-04  0.00000000e+00  8.04168007e-04  0.00000000e+00  8.04168007e-04  1.20000000e+00  8.04168007e-04  1.19998847e+00  8.04168007e-04  6.20778676e-07 
 8.05168007e-04  0.00000000e+00  8.05168007e-04  0.00000000e+00  8.05168007e-04  1.20000000e+00  8.05168007e-04  1.20001139e+00  8.05168007e-04 -5.01027507e-07 
 8.06168007e-04  0.00000000e+00  8.06168007e-04  0.00000000e+00  8.06168007e-04  1.20000000e+00  8.06168007e-04  1.19998847e+00  8.06168007e-04  6.20774764e-07 
 8.07168007e-04  0.00000000e+00  8.07168007e-04  0.00000000e+00  8.07168007e-04  1.20000000e+00  8.07168007e-04  1.20001139e+00  8.07168007e-04 -5.01023593e-07 
 8.08168007e-04  0.00000000e+00  8.08168007e-04  0.00000000e+00  8.08168007e-04  1.20000000e+00  8.08168007e-04  1.19998847e+00  8.08168007e-04  6.20770848e-07 
 8.09168007e-04  0.00000000e+00  8.09168007e-04  0.00000000e+00  8.09168007e-04  1.20000000e+00  8.09168007e-04  1.20001140e+00  8.09168007e-04 -5.01019675e-07 
 8.10168007e-04  0.00000000e+00  8.10168007e-04  0.00000000e+00  8.10168007e-04  1.20000000e+00  8.10168007e-04  1.19998846e+00  8.10168007e-04  6.20766929e-07 
 8.11168007e-04  0.00000000e+00  8.11168007e-04  0.00000000e+00  8.11168007e-04  1.20000000e+00  8.11168007e-04  1.20001140e+00  8.11168007e-04 -5.01015753e-07 
 8.12168007e-04  0.00000000e+00  8.12168007e-04  0.00000000e+00  8.12168007e-04  1.20000000e+00  8.12168007e-04  1.19998846e+00  8.12168007e-04  6.20763006e-07 
 8.13168007e-04  0.00000000e+00  8.13168007e-04  0.00000000e+00  8.13168007e-04  1.20000000e+00  8.13168007e-04  1.20001140e+00  8.13168007e-04 -5.01011828e-07 
 8.14168007e-04  0.00000000e+00  8.14168007e-04  0.00000000e+00  8.14168007e-04  1.20000000e+00  8.14168007e-04  1.19998846e+00  8.14168007e-04  6.20759080e-07 
 8.15168007e-04  0.00000000e+00  8.15168007e-04  0.00000000e+00  8.15168007e-04  1.20000000e+00  8.15168007e-04  1.20001140e+00  8.15168007e-04 -5.01007898e-07 
 8.16168007e-04  0.00000000e+00  8.16168007e-04  0.00000000e+00  8.16168007e-04  1.20000000e+00  8.16168007e-04  1.19998846e+00  8.16168007e-04  6.20755149e-07 
 8.17168007e-04  0.00000000e+00  8.17168007e-04  0.00000000e+00  8.17168007e-04  1.20000000e+00  8.17168007e-04  1.20001140e+00  8.17168007e-04 -5.01003966e-07 
 8.18168007e-04  0.00000000e+00  8.18168007e-04  0.00000000e+00  8.18168007e-04  1.20000000e+00  8.18168007e-04  1.19998846e+00  8.18168007e-04  6.20751215e-07 
 8.19168007e-04  0.00000000e+00  8.19168007e-04  0.00000000e+00  8.19168007e-04  1.20000000e+00  8.19168007e-04  1.20001141e+00  8.19168007e-04 -5.01000029e-07 
 8.20168007e-04  0.00000000e+00  8.20168007e-04  0.00000000e+00  8.20168007e-04  1.20000000e+00  8.20168007e-04  1.19998845e+00  8.20168007e-04  6.20747277e-07 
 8.21168007e-04  0.00000000e+00  8.21168007e-04  0.00000000e+00  8.21168007e-04  1.20000000e+00  8.21168007e-04  1.20001141e+00  8.21168007e-04 -5.00996089e-07 
 8.22168007e-04  0.00000000e+00  8.22168007e-04  0.00000000e+00  8.22168007e-04  1.20000000e+00  8.22168007e-04  1.19998845e+00  8.22168007e-04  6.20743336e-07 
 8.23168007e-04  0.00000000e+00  8.23168007e-04  0.00000000e+00  8.23168007e-04  1.20000000e+00  8.23168007e-04  1.20001141e+00  8.23168007e-04 -5.00992145e-07 
 8.24168007e-04  0.00000000e+00  8.24168007e-04  0.00000000e+00  8.24168007e-04  1.20000000e+00  8.24168007e-04  1.19998845e+00  8.24168007e-04  6.20739391e-07 
 8.25168007e-04  0.00000000e+00  8.25168007e-04  0.00000000e+00  8.25168007e-04  1.20000000e+00  8.25168007e-04  1.20001141e+00  8.25168007e-04 -5.00988197e-07 
 8.26168007e-04  0.00000000e+00  8.26168007e-04  0.00000000e+00  8.26168007e-04  1.20000000e+00  8.26168007e-04  1.19998845e+00  8.26168007e-04  6.20735442e-07 
 8.27168007e-04  0.00000000e+00  8.27168007e-04  0.00000000e+00  8.27168007e-04  1.20000000e+00  8.27168007e-04  1.20001141e+00  8.27168007e-04 -5.00984246e-07 
 8.28168007e-04  0.00000000e+00  8.28168007e-04  0.00000000e+00  8.28168007e-04  1.20000000e+00  8.28168007e-04  1.19998845e+00  8.28168007e-04  6.20731490e-07 
 8.29168007e-04  0.00000000e+00  8.29168007e-04  0.00000000e+00  8.29168007e-04  1.20000000e+00  8.29168007e-04  1.20001142e+00  8.29168007e-04 -5.00980291e-07 
 8.30168007e-04  0.00000000e+00  8.30168007e-04  0.00000000e+00  8.30168007e-04  1.20000000e+00  8.30168007e-04  1.19998844e+00  8.30168007e-04  6.20727534e-07 
 8.31168007e-04  0.00000000e+00  8.31168007e-04  0.00000000e+00  8.31168007e-04  1.20000000e+00  8.31168007e-04  1.20001142e+00  8.31168007e-04 -5.00976333e-07 
 8.32168007e-04  0.00000000e+00  8.32168007e-04  0.00000000e+00  8.32168007e-04  1.20000000e+00  8.32168007e-04  1.19998844e+00  8.32168007e-04  6.20723574e-07 
 8.33168007e-04  0.00000000e+00  8.33168007e-04  0.00000000e+00  8.33168007e-04  1.20000000e+00  8.33168007e-04  1.20001142e+00  8.33168007e-04 -5.00972370e-07 
 8.34168007e-04  0.00000000e+00  8.34168007e-04  0.00000000e+00  8.34168007e-04  1.20000000e+00  8.34168007e-04  1.19998844e+00  8.34168007e-04  6.20719610e-07 
 8.35168007e-04  0.00000000e+00  8.35168007e-04  0.00000000e+00  8.35168007e-04  1.20000000e+00  8.35168007e-04  1.20001142e+00  8.35168007e-04 -5.00968405e-07 
 8.36168007e-04  0.00000000e+00  8.36168007e-04  0.00000000e+00  8.36168007e-04  1.20000000e+00  8.36168007e-04  1.19998844e+00  8.36168007e-04  6.20715643e-07 
 8.37168007e-04  0.00000000e+00  8.37168007e-04  0.00000000e+00  8.37168007e-04  1.20000000e+00  8.37168007e-04  1.20001142e+00  8.37168007e-04 -5.00964435e-07 
 8.38168007e-04  0.00000000e+00  8.38168007e-04  0.00000000e+00  8.38168007e-04  1.20000000e+00  8.38168007e-04  1.19998844e+00  8.38168007e-04  6.20711672e-07 
 8.39168007e-04  0.00000000e+00  8.39168007e-04  0.00000000e+00  8.39168007e-04  1.20000000e+00  8.39168007e-04  1.20001143e+00  8.39168007e-04 -5.00960462e-07 
 8.40168007e-04  0.00000000e+00  8.40168007e-04  0.00000000e+00  8.40168007e-04  1.20000000e+00  8.40168007e-04  1.19998843e+00  8.40168007e-04  6.20707698e-07 
 8.41168007e-04  0.00000000e+00  8.41168007e-04  0.00000000e+00  8.41168007e-04  1.20000000e+00  8.41168007e-04  1.20001143e+00  8.41168007e-04 -5.00956484e-07 
 8.42168007e-04  0.00000000e+00  8.42168007e-04  0.00000000e+00  8.42168007e-04  1.20000000e+00  8.42168007e-04  1.19998843e+00  8.42168007e-04  6.20703720e-07 
 8.43168007e-04  0.00000000e+00  8.43168007e-04  0.00000000e+00  8.43168007e-04  1.20000000e+00  8.43168007e-04  1.20001143e+00  8.43168007e-04 -5.00952504e-07 
 8.44168007e-04  0.00000000e+00  8.44168007e-04  0.00000000e+00  8.44168007e-04  1.20000000e+00  8.44168007e-04  1.19998843e+00  8.44168007e-04  6.20699738e-07 
 8.45168007e-04  0.00000000e+00  8.45168007e-04  0.00000000e+00  8.45168007e-04  1.20000000e+00  8.45168007e-04  1.20001143e+00  8.45168007e-04 -5.00948520e-07 
 8.46168007e-04  0.00000000e+00  8.46168007e-04  0.00000000e+00  8.46168007e-04  1.20000000e+00  8.46168007e-04  1.19998843e+00  8.46168007e-04  6.20695752e-07 
 8.47168007e-04  0.00000000e+00  8.47168007e-04  0.00000000e+00  8.47168007e-04  1.20000000e+00  8.47168007e-04  1.20001143e+00  8.47168007e-04 -5.00944532e-07 
 8.48168007e-04  0.00000000e+00  8.48168007e-04  0.00000000e+00  8.48168007e-04  1.20000000e+00  8.48168007e-04  1.19998843e+00  8.48168007e-04  6.20691763e-07 
 8.49084003e-04  0.00000000e+00  8.49084003e-04  0.00000000e+00  8.49084003e-04  1.20000000e+00  8.49084003e-04  1.20001144e+00  8.49084003e-04 -5.00940357e-07 
 8.50000000e-04  0.00000000e+00  8.50000000e-04  0.00000000e+00  8.50000000e-04  1.20000000e+00  8.50000000e-04  1.19998842e+00  8.50000000e-04  6.20687404e-07 
 8.50031051e-04  1.20000000e+00  8.50031051e-04  0.00000000e+00  8.50031051e-04  1.20000000e+00  8.50031051e-04  1.62194361e-04  8.50031051e-04  5.88040069e-08 
 8.50093153e-04  1.20000000e+00  8.50093153e-04  0.00000000e+00  8.50093153e-04  1.20000000e+00  8.50093153e-04 -1.60027507e-04  8.50093153e-04  6.29000376e-08 
 8.50130994e-04  1.20000000e+00  8.50130994e-04  0.00000000e+00  8.50130994e-04  1.20000000e+00  8.50130994e-04  1.60350132e-04  8.50130994e-04  5.41891338e-08 
 8.50173872e-04  1.20000000e+00  8.50173872e-04  0.00000000e+00  8.50173872e-04  1.20000000e+00  8.50173872e-04 -1.59772681e-04  8.50173872e-04  6.79028371e-08 
 8.50259629e-04  1.20000000e+00  8.50259629e-04  0.00000000e+00  8.50259629e-04  1.20000000e+00  8.50259629e-04  1.60170123e-04  8.50259629e-04  5.06747938e-08 
 8.50431144e-04  1.20000000e+00  8.50431144e-04  0.00000000e+00  8.50431144e-04  1.20000000e+00  8.50431144e-04 -1.59683229e-04  8.50431144e-04  6.96584427e-08 
 8.50774172e-04  1.20000000e+00  8.50774172e-04  0.00000000e+00  8.50774172e-04  1.20000000e+00  8.50774172e-04  1.60125175e-04  8.50774172e-04  4.97972993e-08 
 8.51460230e-04  1.20000000e+00  8.51460230e-04  0.00000000e+00  8.51460230e-04  1.20000000e+00  8.51460230e-04 -1.59660864e-04  8.51460230e-04  7.00970715e-08 
 8.52460230e-04  1.20000000e+00  8.52460230e-04  0.00000000e+00  8.52460230e-04  1.20000000e+00  8.52460230e-04  1.60112568e-04  8.52460230e-04  4.95507936e-08 
 8.53460230e-04  1.20000000e+00  8.53460230e-04  0.00000000e+00  8.53460230e-04  1.20000000e+00  8.53460230e-04 -1.59650616e-04  8.53460230e-04  7.02976518e-08 
 8.54460230e-04  1.20000000e+00  8.54460230e-04  0.00000000e+00  8.54460230e-04  1.20000000e+00  8.54460230e-04  1.60102317e-04  8.54460230e-04  4.93502126e-08 
 8.55460230e-04  1.20000000e+00  8.55460230e-04  0.00000000e+00  8.55460230e-04  1.20000000e+00  8.55460230e-04 -1.59640372e-04  8.55460230e-04  7.04982092e-08 
 8.56460230e-04  1.20000000e+00  8.56460230e-04  0.00000000e+00  8.56460230e-04  1.20000000e+00  8.56460230e-04  1.60092064e-04  8.56460230e-04  4.91496545e-08 
 8.57460230e-04  1.20000000e+00  8.57460230e-04  0.00000000e+00  8.57460230e-04  1.20000000e+00  8.57460230e-04 -1.59630131e-04  8.57460230e-04  7.06987437e-08 
 8.58460230e-04  1.20000000e+00  8.58460230e-04  0.00000000e+00  8.58460230e-04  1.20000000e+00  8.58460230e-04  1.60081810e-04  8.58460230e-04  4.89491188e-08 
 8.59460230e-04  1.20000000e+00  8.59460230e-04  0.00000000e+00  8.59460230e-04  1.20000000e+00  8.59460230e-04 -1.59619893e-04  8.59460230e-04  7.08992557e-08 
 8.60460230e-04  1.20000000e+00  8.60460230e-04  0.00000000e+00  8.60460230e-04  1.20000000e+00  8.60460230e-04  1.60071555e-04  8.60460230e-04  4.87486061e-08 
 8.61460230e-04  1.20000000e+00  8.61460230e-04  0.00000000e+00  8.61460230e-04  1.20000000e+00  8.61460230e-04 -1.59609658e-04  8.61460230e-04  7.10997449e-08 
 8.62460230e-04  1.20000000e+00  8.62460230e-04  0.00000000e+00  8.62460230e-04  1.20000000e+00  8.62460230e-04  1.60061298e-04  8.62460230e-04  4.85481159e-08 
 8.63460230e-04  1.20000000e+00  8.63460230e-04  0.00000000e+00  8.63460230e-04  1.20000000e+00  8.63460230e-04 -1.59599426e-04  8.63460230e-04  7.13002112e-08 
 8.64460230e-04  1.20000000e+00  8.64460230e-04  0.00000000e+00  8.64460230e-04  1.20000000e+00  8.64460230e-04  1.60051040e-04  8.64460230e-04  4.83476487e-08 
 8.65460230e-04  1.20000000e+00  8.65460230e-04  0.00000000e+00  8.65460230e-04  1.20000000e+00  8.65460230e-04 -1.59589197e-04  8.65460230e-04  7.15006548e-08 
 8.66460230e-04  1.20000000e+00  8.66460230e-04  0.00000000e+00  8.66460230e-04  1.20000000e+00  8.66460230e-04  1.60040781e-04  8.66460230e-04  4.81472044e-08 
 8.67460230e-04  1.20000000e+00  8.67460230e-04  0.00000000e+00  8.67460230e-04  1.20000000e+00  8.67460230e-04 -1.59578971e-04  8.67460230e-04  7.17010753e-08 
 8.68460230e-04  1.20000000e+00  8.68460230e-04  0.00000000e+00  8.68460230e-04  1.20000000e+00  8.68460230e-04  1.60030522e-04  8.68460230e-04  4.79467828e-08 
 8.69460230e-04  1.20000000e+00  8.69460230e-04  0.00000000e+00  8.69460230e-04  1.20000000e+00  8.69460230e-04 -1.59568748e-04  8.69460230e-04  7.19014732e-08 
 8.70460230e-04  1.20000000e+00  8.70460230e-04  0.00000000e+00  8.70460230e-04  1.20000000e+00  8.70460230e-04  1.60020261e-04  8.70460230e-04  4.77463838e-08 
 8.71460230e-04  1.20000000e+00  8.71460230e-04  0.00000000e+00  8.71460230e-04  1.20000000e+00  8.71460230e-04 -1.59558527e-04  8.71460230e-04  7.21018485e-08 
 8.72460230e-04  1.20000000e+00  8.72460230e-04  0.00000000e+00  8.72460230e-04  1.20000000e+00  8.72460230e-04  1.60010001e-04  8.72460230e-04  4.75460075e-08 
 8.73460230e-04  1.20000000e+00  8.73460230e-04  0.00000000e+00  8.73460230e-04  1.20000000e+00  8.73460230e-04 -1.59548309e-04  8.73460230e-04  7.23022009e-08 
 8.74460230e-04  1.20000000e+00  8.74460230e-04  0.00000000e+00  8.74460230e-04  1.20000000e+00  8.74460230e-04  1.59999740e-04  8.74460230e-04  4.73456539e-08 
 8.75460230e-04  1.20000000e+00  8.75460230e-04  0.00000000e+00  8.75460230e-04  1.20000000e+00  8.75460230e-04 -1.59538092e-04  8.75460230e-04  7.25025305e-08 
 8.76460230e-04  1.20000000e+00  8.76460230e-04  0.00000000e+00  8.76460230e-04  1.20000000e+00  8.76460230e-04  1.59989479e-04  8.76460230e-04  4.71453232e-08 
 8.77460230e-04  1.20000000e+00  8.77460230e-04  0.00000000e+00  8.77460230e-04  1.20000000e+00  8.77460230e-04 -1.59527878e-04  8.77460230e-04  7.27028373e-08 
 8.78460230e-04  1.20000000e+00  8.78460230e-04  0.00000000e+00  8.78460230e-04  1.20000000e+00  8.78460230e-04  1.59979218e-04  8.78460230e-04  4.69450154e-08 
 8.79460230e-04  1.20000000e+00  8.79460230e-04  0.00000000e+00  8.79460230e-04  1.20000000e+00  8.79460230e-04 -1.59517665e-04  8.79460230e-04  7.29031213e-08 
 8.80460230e-04  1.20000000e+00  8.80460230e-04  0.00000000e+00  8.80460230e-04  1.20000000e+00  8.80460230e-04  1.59968957e-04  8.80460230e-04  4.67447302e-08 
 8.81460230e-04  1.20000000e+00  8.81460230e-04  0.00000000e+00  8.81460230e-04  1.20000000e+00  8.81460230e-04 -1.59507454e-04  8.81460230e-04  7.31033827e-08 
 8.82460230e-04  1.20000000e+00  8.82460230e-04  0.00000000e+00  8.82460230e-04  1.20000000e+00  8.82460230e-04  1.59958696e-04  8.82460230e-04  4.65444678e-08 
 8.83460230e-04  1.20000000e+00  8.83460230e-04  0.00000000e+00  8.83460230e-04  1.20000000e+00  8.83460230e-04 -1.59497244e-04  8.83460230e-04  7.33036213e-08 
 8.84460230e-04  1.20000000e+00  8.84460230e-04  0.00000000e+00  8.84460230e-04  1.20000000e+00  8.84460230e-04  1.59948436e-04  8.84460230e-04  4.63442282e-08 
 8.85460230e-04  1.20000000e+00  8.85460230e-04  0.00000000e+00  8.85460230e-04  1.20000000e+00  8.85460230e-04 -1.59487036e-04  8.85460230e-04  7.35038371e-08 
 8.86460230e-04  1.20000000e+00  8.86460230e-04  0.00000000e+00  8.86460230e-04  1.20000000e+00  8.86460230e-04  1.59938177e-04  8.86460230e-04  4.61440112e-08 
 8.87460230e-04  1.20000000e+00  8.87460230e-04  0.00000000e+00  8.87460230e-04  1.20000000e+00  8.87460230e-04 -1.59476829e-04  8.87460230e-04  7.37040301e-08 
 8.88460230e-04  1.20000000e+00  8.88460230e-04  0.00000000e+00  8.88460230e-04  1.20000000e+00  8.88460230e-04  1.59927918e-04  8.88460230e-04  4.59438170e-08 
 8.89460230e-04  1.20000000e+00  8.89460230e-04  0.00000000e+00  8.89460230e-04  1.20000000e+00  8.89460230e-04 -1.59466624e-04  8.89460230e-04  7.39042007e-08 
 8.90460230e-04  1.20000000e+00  8.90460230e-04  0.00000000e+00  8.90460230e-04  1.20000000e+00  8.90460230e-04  1.59917660e-04  8.90460230e-04  4.57436456e-08 
 8.91460230e-04  1.20000000e+00  8.91460230e-04  0.00000000e+00  8.91460230e-04  1.20000000e+00  8.91460230e-04 -1.59456420e-04  8.91460230e-04  7.41043483e-08 
 8.92460230e-04  1.20000000e+00  8.92460230e-04  0.00000000e+00  8.92460230e-04  1.20000000e+00  8.92460230e-04  1.59907403e-04  8.92460230e-04  4.55434968e-08 
 8.93460230e-04  1.20000000e+00  8.93460230e-04  0.00000000e+00  8.93460230e-04  1.20000000e+00  8.93460230e-04 -1.59446216e-04  8.93460230e-04  7.43044729e-08 
 8.94460230e-04  1.20000000e+00  8.94460230e-04  0.00000000e+00  8.94460230e-04  1.20000000e+00  8.94460230e-04  1.59897146e-04  8.94460230e-04  4.53433710e-08 
 8.95460230e-04  1.20000000e+00  8.95460230e-04  0.00000000e+00  8.95460230e-04  1.20000000e+00  8.95460230e-04 -1.59436015e-04  8.95460230e-04  7.45045751e-08 
 8.96460230e-04  1.20000000e+00  8.96460230e-04  0.00000000e+00  8.96460230e-04  1.20000000e+00  8.96460230e-04  1.59886890e-04  8.96460230e-04  4.51432676e-08 
 8.97460230e-04  1.20000000e+00  8.97460230e-04  0.00000000e+00  8.97460230e-04  1.20000000e+00  8.97460230e-04 -1.59425814e-04  8.97460230e-04  7.47046545e-08 
 8.98460230e-04  1.20000000e+00  8.98460230e-04  0.00000000e+00  8.98460230e-04  1.20000000e+00  8.98460230e-04  1.59876635e-04  8.98460230e-04  4.49431873e-08 
 8.99230615e-04  1.20000000e+00  8.99230615e-04  0.00000000e+00  8.99230615e-04  1.20000000e+00  8.99230615e-04 -1.59414094e-04  8.99230615e-04  7.49345226e-08 
 9.00001000e-04  1.20000000e+00  9.00001000e-04  0.00000000e+00  9.00001000e-04  1.20000000e+00  9.00001000e-04  1.59863325e-04  9.00001000e-04  4.46835066e-08 
 9.00001100e-04  1.08000000e+00  9.00001100e-04  0.00000000e+00  9.00001100e-04  1.20000000e+00  9.00001100e-04  1.14870796e-05  9.00001100e-04  2.78068555e-07 
 9.00001300e-04  8.40000000e-01  9.00001300e-04  0.00000000e+00  9.00001300e-04  1.20000000e+00  9.00001300e-04 -8.92256247e-06  9.00001300e-04 -1.01048723e-07 
 9.00001650e-04  4.20000000e-01  9.00001650e-04  0.00000000e+00  9.00001650e-04  1.20000000e+00  9.00001650e-04 -1.89724490e-04  9.00001650e-04  1.87635065e-07 
 9.00002000e-04  0.00000000e+00  9.00002000e-04  0.00000000e+00  9.00002000e-04  1.20000000e+00  9.00002000e-04  4.56136186e-04  9.00002000e-04 -1.26517614e-08 
 9.00002038e-04  0.00000000e+00  9.00002038e-04  0.00000000e+00  9.00002038e-04  1.20000000e+00  9.00002038e-04 -9.79804359e-05  9.00002038e-04 -3.88562657e-07 
 9.00002115e-04  0.00000000e+00  9.00002115e-04  0.00000000e+00  9.00002115e-04  1.20000000e+00  9.00002115e-04 -9.03977825e-05  9.00002115e-04  9.76278238e-07 
 9.00002269e-04  0.00000000e+00  9.00002269e-04  0.00000000e+00  9.00002269e-04  1.20000000e+00  9.00002269e-04  7.31290915e-05  9.00002269e-04 -9.96081819e-07 
 9.00002577e-04  0.00000000e+00  9.00002577e-04  0.00000000e+00  9.00002577e-04  1.20000000e+00  9.00002577e-04 -6.77294665e-05  9.00002577e-04  1.15349582e-06 
 9.00003147e-04  0.00000000e+00  9.00003147e-04  0.00000000e+00  9.00003147e-04  1.20000000e+00  9.00003147e-04  6.54600332e-05  9.00003147e-04 -1.04702065e-06 
 9.00004288e-04  0.00000000e+00  9.00004288e-04  0.00000000e+00  9.00004288e-04  1.20000000e+00  9.00004288e-04 -6.42140737e-05  9.00004288e-04  1.17170293e-06 
 9.00006570e-04  0.00000000e+00  9.00006570e-04  0.00000000e+00  9.00006570e-04  1.20000000e+00  9.00006570e-04  6.38052197e-05  9.00006570e-04 -1.05402339e-06 
 9.00011133e-04  0.00000000e+00  9.00011133e-04  0.00000000e+00  9.00011133e-04  1.20000000e+00  9.00011133e-04 -6.34096849e-05  9.00011133e-04  1.17470040e-06 
 9.00020261e-04  0.00000000e+00  9.00020261e-04  0.00000000e+00  9.00020261e-04  1.20000000e+00  9.00020261e-04  6.34082431e-05  9.00020261e-04 -1.05539828e-06 
 9.00038515e-04  0.00000000e+00  9.00038515e-04  0.00000000e+00  9.00038515e-04  1.20000000e+00  9.00038515e-04 -6.32125516e-05  9.00038515e-04  1.17535742e-06 
 9.00075025e-04  0.00000000e+00  9.00075025e-04  0.00000000e+00  9.00075025e-04  1.20000000e+00  9.00075025e-04  6.33099674e-05  9.00075025e-04 -1.05571912e-06 
 9.00148043e-04  0.00000000e+00  9.00148043e-04  0.00000000e+00  9.00148043e-04  1.20000000e+00  9.00148043e-04 -6.31635068e-05  9.00148043e-04  1.17551598e-06 
 9.00294081e-04  0.00000000e+00  9.00294081e-04  0.00000000e+00  9.00294081e-04  1.20000000e+00  9.00294081e-04  6.32854579e-05  9.00294081e-04 -1.05579790e-06 
 9.00586155e-04  0.00000000e+00  9.00586155e-04  0.00000000e+00  9.00586155e-04  1.20000000e+00  9.00586155e-04 -6.31512603e-05  9.00586155e-04  1.17555526e-06 
 9.01170305e-04  0.00000000e+00  9.01170305e-04  0.00000000e+00  9.01170305e-04  1.20000000e+00  9.01170305e-04  6.32793344e-05  9.01170305e-04 -1.05581751e-06 
 9.02170305e-04  0.00000000e+00  9.02170305e-04  0.00000000e+00  9.02170305e-04  1.20000000e+00  9.02170305e-04 -6.31480276e-05  9.02170305e-04  1.17556561e-06 
 9.03170305e-04  0.00000000e+00  9.03170305e-04  0.00000000e+00  9.03170305e-04  1.20000000e+00  9.03170305e-04  6.32769505e-05  9.03170305e-04 -1.05582514e-06 
 9.04170305e-04  0.00000000e+00  9.04170305e-04  0.00000000e+00  9.04170305e-04  1.20000000e+00  9.04170305e-04 -6.31456436e-05  9.04170305e-04  1.17557324e-06 
 9.05170305e-04  0.00000000e+00  9.05170305e-04  0.00000000e+00  9.05170305e-04  1.20000000e+00  9.05170305e-04  6.32745667e-05  9.05170305e-04 -1.05583276e-06 
 9.06170305e-04  0.00000000e+00  9.06170305e-04  0.00000000e+00  9.06170305e-04  1.20000000e+00  9.06170305e-04 -6.31432599e-05  9.06170305e-04  1.17558086e-06 
 9.07170305e-04  0.00000000e+00  9.07170305e-04  0.00000000e+00  9.07170305e-04  1.20000000e+00  9.07170305e-04  6.32721830e-05  9.07170305e-04 -1.05584037e-06 
 9.08170305e-04  0.00000000e+00  9.08170305e-04  0.00000000e+00  9.08170305e-04  1.20000000e+00  9.08170305e-04 -6.31408765e-05  9.08170305e-04  1.17558847e-06 
 9.09170305e-04  0.00000000e+00  9.09170305e-04  0.00000000e+00  9.09170305e-04  1.20000000e+00  9.09170305e-04  6.32697996e-05  9.09170305e-04 -1.05584798e-06 
 9.10170305e-04  0.00000000e+00  9.10170305e-04  0.00000000e+00  9.10170305e-04  1.20000000e+00  9.10170305e-04 -6.31384934e-05  9.10170305e-04  1.17559608e-06 
 9.11170305e-04  0.00000000e+00  9.11170305e-04  0.00000000e+00  9.11170305e-04  1.20000000e+00  9.11170305e-04  6.32674163e-05  9.11170305e-04 -1.05585559e-06 
 9.12170305e-04  0.00000000e+00  9.12170305e-04  0.00000000e+00  9.12170305e-04  1.20000000e+00  9.12170305e-04 -6.31361106e-05  9.12170305e-04  1.17560369e-06 
 9.13170305e-04  0.00000000e+00  9.13170305e-04  0.00000000e+00  9.13170305e-04  1.20000000e+00  9.13170305e-04  6.32650332e-05  9.13170305e-04 -1.05586319e-06 
 9.14170305e-04  0.00000000e+00  9.14170305e-04  0.00000000e+00  9.14170305e-04  1.20000000e+00  9.14170305e-04 -6.31337279e-05  9.14170305e-04  1.17561128e-06 
 9.15170305e-04  0.00000000e+00  9.15170305e-04  0.00000000e+00  9.15170305e-04  1.20000000e+00  9.15170305e-04  6.32626503e-05  9.15170305e-04 -1.05587078e-06 
 9.16170305e-04  0.00000000e+00  9.16170305e-04  0.00000000e+00  9.16170305e-04  1.20000000e+00  9.16170305e-04 -6.31313456e-05  9.16170305e-04  1.17561888e-06 
 9.17170305e-04  0.00000000e+00  9.17170305e-04  0.00000000e+00  9.17170305e-04  1.20000000e+00  9.17170305e-04  6.32602676e-05  9.17170305e-04 -1.05587837e-06 
 9.18170305e-04  0.00000000e+00  9.18170305e-04  0.00000000e+00  9.18170305e-04  1.20000000e+00  9.18170305e-04 -6.31289634e-05  9.18170305e-04  1.17562647e-06 
 9.19170305e-04  0.00000000e+00  9.19170305e-04  0.00000000e+00  9.19170305e-04  1.20000000e+00  9.19170305e-04  6.32578851e-05  9.19170305e-04 -1.05588596e-06 
 9.20170305e-04  0.00000000e+00  9.20170305e-04  0.00000000e+00  9.20170305e-04  1.20000000e+00  9.20170305e-04 -6.31265816e-05  9.20170305e-04  1.17563405e-06 
 9.21170305e-04  0.00000000e+00  9.21170305e-04  0.00000000e+00  9.21170305e-04  1.20000000e+00  9.21170305e-04  6.32555028e-05  9.21170305e-04 -1.05589353e-06 
 9.22170305e-04  0.00000000e+00  9.22170305e-04  0.00000000e+00  9.22170305e-04  1.20000000e+00  9.22170305e-04 -6.31241999e-05  9.22170305e-04  1.17564163e-06 
 9.23170305e-04  0.00000000e+00  9.23170305e-04  0.00000000e+00  9.23170305e-04  1.20000000e+00  9.23170305e-04  6.32531207e-05  9.23170305e-04 -1.05590111e-06 
 9.24170305e-04  0.00000000e+00  9.24170305e-04  0.00000000e+00  9.24170305e-04  1.20000000e+00  9.24170305e-04 -6.31218185e-05  9.24170305e-04  1.17564920e-06 
 9.25170305e-04  0.00000000e+00  9.25170305e-04  0.00000000e+00  9.25170305e-04  1.20000000e+00  9.25170305e-04  6.32507389e-05  9.25170305e-04 -1.05590867e-06 
 9.26170305e-04  0.00000000e+00  9.26170305e-04  0.00000000e+00  9.26170305e-04  1.20000000e+00  9.26170305e-04 -6.31194373e-05  9.26170305e-04  1.17565676e-06 
 9.27170305e-04  0.00000000e+00  9.27170305e-04  0.00000000e+00  9.27170305e-04  1.20000000e+00  9.27170305e-04  6.32483572e-05  9.27170305e-04 -1.05591624e-06 
 9.28170305e-04  0.00000000e+00  9.28170305e-04  0.00000000e+00  9.28170305e-04  1.20000000e+00  9.28170305e-04 -6.31170564e-05  9.28170305e-04  1.17566432e-06 
 9.29170305e-04  0.00000000e+00  9.29170305e-04  0.00000000e+00  9.29170305e-04  1.20000000e+00  9.29170305e-04  6.32459758e-05  9.29170305e-04 -1.05592379e-06 
 9.30170305e-04  0.00000000e+00  9.30170305e-04  0.00000000e+00  9.30170305e-04  1.20000000e+00  9.30170305e-04 -6.31146757e-05  9.30170305e-04  1.17567188e-06 
 9.31170305e-04  0.00000000e+00  9.31170305e-04  0.00000000e+00  9.31170305e-04  1.20000000e+00  9.31170305e-04  6.32435946e-05  9.31170305e-04 -1.05593134e-06 
 9.32170305e-04  0.00000000e+00  9.32170305e-04  0.00000000e+00  9.32170305e-04  1.20000000e+00  9.32170305e-04 -6.31122952e-05  9.32170305e-04  1.17567943e-06 
 9.33170305e-04  0.00000000e+00  9.33170305e-04  0.00000000e+00  9.33170305e-04  1.20000000e+00  9.33170305e-04  6.32412136e-05  9.33170305e-04 -1.05593889e-06 
 9.34170305e-04  0.00000000e+00  9.34170305e-04  0.00000000e+00  9.34170305e-04  1.20000000e+00  9.34170305e-04 -6.31099149e-05  9.34170305e-04  1.17568698e-06 
 9.35170305e-04  0.00000000e+00  9.35170305e-04  0.00000000e+00  9.35170305e-04  1.20000000e+00  9.35170305e-04  6.32388328e-05  9.35170305e-04 -1.05594643e-06 
 9.36170305e-04  0.00000000e+00  9.36170305e-04  0.00000000e+00  9.36170305e-04  1.20000000e+00  9.36170305e-04 -6.31075349e-05  9.36170305e-04  1.17569451e-06 
 9.37170305e-04  0.00000000e+00  9.37170305e-04  0.00000000e+00  9.37170305e-04  1.20000000e+00  9.37170305e-04  6.32364523e-05  9.37170305e-04 -1.05595396e-06 
 9.38170305e-04  0.00000000e+00  9.38170305e-04  0.00000000e+00  9.38170305e-04  1.20000000e+00  9.38170305e-04 -6.31051551e-05  9.38170305e-04  1.17570205e-06 
 9.39170305e-04  0.00000000e+00  9.39170305e-04  0.00000000e+00  9.39170305e-04  1.20000000e+00  9.39170305e-04  6.32340719e-05  9.39170305e-04 -1.05596149e-06 
 9.40170305e-04  0.00000000e+00  9.40170305e-04  0.00000000e+00  9.40170305e-04  1.20000000e+00  9.40170305e-04 -6.31027755e-05  9.40170305e-04  1.17570958e-06 
 9.41170305e-04  0.00000000e+00  9.41170305e-04  0.00000000e+00  9.41170305e-04  1.20000000e+00  9.41170305e-04  6.32316918e-05  9.41170305e-04 -1.05596902e-06 
 9.42170305e-04  0.00000000e+00  9.42170305e-04  0.00000000e+00  9.42170305e-04  1.20000000e+00  9.42170305e-04 -6.31003961e-05  9.42170305e-04  1.17571710e-06 
 9.43170305e-04  0.00000000e+00  9.43170305e-04  0.00000000e+00  9.43170305e-04  1.20000000e+00  9.43170305e-04  6.32293119e-05  9.43170305e-04 -1.05597654e-06 
 9.44170305e-04  0.00000000e+00  9.44170305e-04  0.00000000e+00  9.44170305e-04  1.20000000e+00  9.44170305e-04 -6.30980170e-05  9.44170305e-04  1.17572462e-06 
 9.45170305e-04  0.00000000e+00  9.45170305e-04  0.00000000e+00  9.45170305e-04  1.20000000e+00  9.45170305e-04  6.32269322e-05  9.45170305e-04 -1.05598405e-06 
 9.46170305e-04  0.00000000e+00  9.46170305e-04  0.00000000e+00  9.46170305e-04  1.20000000e+00  9.46170305e-04 -6.30956381e-05  9.46170305e-04  1.17573213e-06 
 9.47170305e-04  0.00000000e+00  9.47170305e-04  0.00000000e+00  9.47170305e-04  1.20000000e+00  9.47170305e-04  6.32245528e-05  9.47170305e-04 -1.05599156e-06 
 9.48170305e-04  0.00000000e+00  9.48170305e-04  0.00000000e+00  9.48170305e-04  1.20000000e+00  9.48170305e-04 -6.30932594e-05  9.48170305e-04  1.17573964e-06 
 9.49085152e-04  0.00000000e+00  9.49085152e-04  0.00000000e+00  9.49085152e-04  1.20000000e+00  9.49085152e-04  6.32220628e-05  9.49085152e-04 -1.05599941e-06 
 9.50000000e-04  0.00000000e+00  9.50000000e-04  0.00000000e+00  9.50000000e-04  1.20000000e+00  9.50000000e-04 -6.30906596e-05  9.50000000e-04  1.17574784e-06 
 9.50000100e-04  1.20000000e-01  9.50000100e-04  0.00000000e+00  9.50000100e-04  1.20000000e+00  9.50000100e-04 -2.46189597e-06  9.50000100e-04  5.81773115e-08 
 9.50000300e-04  3.60000000e-01  9.50000300e-04  0.00000000e+00  9.50000300e-04  1.20000000e+00  9.50000300e-04  1.99481409e-06  9.50000300e-04  4.75002010e-08 
 9.50000567e-04  6.80829691e-01  9.50000567e-04  0.00000000e+00  9.50000567e-04  1.20000000e+00  9.50000567e-04 -1.85733101e-05  9.50000567e-04  7.09328849e-08 
 9.50000917e-04  1.10067843e+00  9.50000917e-04  0.00000000e+00  9.50000917e-04  1.20000000e+00  9.50000917e-04  6.52603334e-04  9.50000917e-04  5.47979530e-05 
 9.50001000e-04  1.20000000e+00  9.50001000e-04  0.00000000e+00  9.50001000e-04  1.20000000e+00  9.50001000e-04 -3.96652078e-04  9.50001000e-04 -4.23582564e-04 
 9.50001032e-04  1.20000000e+00  9.50001032e-04  0.00000000e+00  9.50001032e-04  1.20000000e+00  9.50001032e-04  5.02118490e-05  9.50001032e-04  7.10819465e-05 
 9.50001095e-04  1.20000000e+00  9.50001095e-04  0.00000000e+00  9.50001095e-04  1.20000000e+00  9.50001095e-04  8.10021052e-05  9.50001095e-04  2.80859010e-05 
 9.50001222e-04  1.20000000e+00  9.50001222e-04  0.00000000e+00  9.50001222e-04  1.20000000e+00  9.50001222e-04 -3.36642214e-05  9.50001222e-04 -3.59505829e-05 
 9.50001476e-04  1.20000000e+00  9.50001476e-04  0.00000000e+00  9.50001476e-04  1.20000000e+00  9.50001476e-04  6.34739174e-05  9.50001476e-04  4.03286861e-05 
 9.50001983e-04  1.20000000e+00  9.50001983e-04  0.00000000e+00  9.50001983e-04  1.20000000e+00  9.50001983e-04 -4.90998871e-05  9.50001983e-04 -4.09306326e-05 
 9.50002997e-04  1.20000000e+00  9.50002997e-04  0.00000000e+00  9.50002997e-04  1.20000000e+00  9.50002997e-04  5.64437211e-05  9.50002997e-04  4.15124134e-05 
 9.50005026e-04  1.20000000e+00  9.50005026e-04  0.00000000e+00  9.50005026e-04  1.20000000e+00  9.50005026e-04 -5.27619844e-05  9.50005026e-04 -4.15604513e-05 
 9.50009084e-04  1.20000000e+00  9.50009084e-04  0.00000000e+00  9.50009084e-04  1.20000000e+00  9.50009084e-04  5.46410085e-05  9.50009084e-04  4.17548890e-05 
 9.50017201e-04  1.20000000e+00  9.50017201e-04  0.00000000e+00  9.50017201e-04  1.20000000e+00  9.50017201e-04 -5.36387069e-05  9.50017201e-04 -4.16842875e-05 
 9.50033433e-04  1.20000000e+00  9.50033433e-04  0.00000000e+00  9.50033433e-04  1.20000000e+00  9.50033433e-04  5.41963596e-05  9.50033433e-04  4.18126933e-05 
 9.50065898e-04  1.20000000e+00  9.50065898e-04  0.00000000e+00  9.50065898e-04  1.20000000e+00  9.50065898e-04 -5.38525346e-05  9.50065898e-04 -4.17132480e-05 
 9.50130827e-04  1.20000000e+00  9.50130827e-04  0.00000000e+00  9.50130827e-04  1.20000000e+00  9.50130827e-04  5.40867249e-05  9.50130827e-04  4.18269725e-05 
 9.50260686e-04  1.20000000e+00  9.50260686e-04  0.00000000e+00  9.50260686e-04  1.20000000e+00  9.50260686e-04 -5.39051296e-05  9.50260686e-04 -4.17203660e-05 
 9.50520404e-04  1.20000000e+00  9.50520404e-04  0.00000000e+00  9.50520404e-04  1.20000000e+00  9.50520404e-04  5.40596755e-05  9.50520404e-04  4.18305317e-05 
 9.51039840e-04  1.20000000e+00  9.51039840e-04  0.00000000e+00  9.51039840e-04  1.20000000e+00  9.51039840e-04 -5.39180483e-05  9.51039840e-04 -4.17221381e-05 
 9.52039840e-04  1.20000000e+00  9.52039840e-04  0.00000000e+00  9.52039840e-04  1.20000000e+00  9.52039840e-04  5.40531525e-05  9.52039840e-04  4.18314327e-05 
 9.53039840e-04  1.20000000e+00  9.53039840e-04  0.00000000e+00  9.53039840e-04  1.20000000e+00  9.53039840e-04 -5.39205864e-05  9.53039840e-04 -4.17227526e-05 
 9.54039840e-04  1.20000000e+00  9.54039840e-04  0.00000000e+00  9.54039840e-04  1.20000000e+00  9.54039840e-04  5.40521216e-05  9.54039840e-04  4.18320514e-05 
 9.55039840e-04  1.20000000e+00  9.55039840e-04  0.00000000e+00  9.55039840e-04  1.20000000e+00  9.55039840e-04 -5.39208374e-05  9.55039840e-04 -4.17233687e-05 
 9.56039840e-04  1.20000000e+00  9.56039840e-04  0.00000000e+00  9.56039840e-04  1.20000000e+00  9.56039840e-04  5.40517268e-05  9.56039840e-04  4.18326704e-05 
 9.57039840e-04  1.20000000e+00  9.57039840e-04  0.00000000e+00  9.57039840e-04  1.20000000e+00  9.57039840e-04 -5.39207934e-05  9.57039840e-04 -4.17239847e-05 
 9.58039840e-04  1.20000000e+00  9.58039840e-04  0.00000000e+00  9.58039840e-04  1.20000000e+00  9.58039840e-04  5.40514781e-05  9.58039840e-04  4.18332892e-05 
 9.59039840e-04  1.20000000e+00  9.59039840e-04  0.00000000e+00  9.59039840e-04  1.20000000e+00  9.59039840e-04 -5.39206648e-05  9.59039840e-04 -4.17246006e-05 
 9.60039840e-04  1.20000000e+00  9.60039840e-04  0.00000000e+00  9.60039840e-04  1.20000000e+00  9.60039840e-04  5.40512766e-05  9.60039840e-04  4.18339079e-05 
 9.61039840e-04  1.20000000e+00  9.61039840e-04  0.00000000e+00  9.61039840e-04  1.20000000e+00  9.61039840e-04 -5.39205068e-05  9.61039840e-04 -4.17252163e-05 
 9.62039840e-04  1.20000000e+00  9.62039840e-04  0.00000000e+00  9.62039840e-04  1.20000000e+00  9.62039840e-04  5.40510920e-05  9.62039840e-04  4.18345264e-05 
 9.63039840e-04  1.20000000e+00  9.63039840e-04  0.00000000e+00  9.63039840e-04  1.20000000e+00  9.63039840e-04 -5.39203378e-05  9.63039840e-04 -4.17258317e-05 
 9.64039840e-04  1.20000000e+00  9.64039840e-04  0.00000000e+00  9.64039840e-04  1.20000000e+00  9.64039840e-04  5.40509136e-05  9.64039840e-04  4.18351446e-05 
 9.65039840e-04  1.20000000e+00  9.65039840e-04  0.00000000e+00  9.65039840e-04  1.20000000e+00  9.65039840e-04 -5.39201645e-05  9.65039840e-04 -4.17264469e-05 
 9.66039840e-04  1.20000000e+00  9.66039840e-04  0.00000000e+00  9.66039840e-04  1.20000000e+00  9.66039840e-04  5.40507376e-05  9.66039840e-04  4.18357626e-05 
 9.67039840e-04  1.20000000e+00  9.67039840e-04  0.00000000e+00  9.67039840e-04  1.20000000e+00  9.67039840e-04 -5.39199895e-05  9.67039840e-04 -4.17270619e-05 
 9.68039840e-04  1.20000000e+00  9.68039840e-04  0.00000000e+00  9.68039840e-04  1.20000000e+00  9.68039840e-04  5.40505622e-05  9.68039840e-04  4.18363803e-05 
 9.69039840e-04  1.20000000e+00  9.69039840e-04  0.00000000e+00  9.69039840e-04  1.20000000e+00  9.69039840e-04 -5.39198137e-05  9.69039840e-04 -4.17276766e-05 
 9.70039840e-04  1.20000000e+00  9.70039840e-04  0.00000000e+00  9.70039840e-04  1.20000000e+00  9.70039840e-04  5.40503871e-05  9.70039840e-04  4.18369979e-05 
 9.71039840e-04  1.20000000e+00  9.71039840e-04  0.00000000e+00  9.71039840e-04  1.20000000e+00  9.71039840e-04 -5.39196374e-05  9.71039840e-04 -4.17282911e-05 
 9.72039840e-04  1.20000000e+00  9.72039840e-04  0.00000000e+00  9.72039840e-04  1.20000000e+00  9.72039840e-04  5.40502119e-05  9.72039840e-04  4.18376151e-05 
 9.73039840e-04  1.20000000e+00  9.73039840e-04  0.00000000e+00  9.73039840e-04  1.20000000e+00  9.73039840e-04 -5.39194609e-05  9.73039840e-04 -4.17289054e-05 
 9.74039840e-04  1.20000000e+00  9.74039840e-04  0.00000000e+00  9.74039840e-04  1.20000000e+00  9.74039840e-04  5.40500366e-05  9.74039840e-04  4.18382322e-05 
 9.75039840e-04  1.20000000e+00  9.75039840e-04  0.00000000e+00  9.75039840e-04  1.20000000e+00  9.75039840e-04 -5.39192842e-05  9.75039840e-04 -4.17295194e-05 
 9.76039840e-04  1.20000000e+00  9.76039840e-04  0.00000000e+00  9.76039840e-04  1.20000000e+00  9.76039840e-04  5.40498611e-05  9.76039840e-04  4.18388490e-05 
 9.77039840e-04  1.20000000e+00  9.77039840e-04  0.00000000e+00  9.77039840e-04  1.20000000e+00  9.77039840e-04 -5.39191073e-05  9.77039840e-04 -4.17301332e-05 
 9.78039840e-04  1.20000000e+00  9.78039840e-04  0.00000000e+00  9.78039840e-04  1.20000000e+00  9.78039840e-04  5.40496855e-05  9.78039840e-04  4.18394656e-05 
 9.79039840e-04  1.20000000e+00  9.79039840e-04  0.00000000e+00  9.79039840e-04  1.20000000e+00  9.79039840e-04 -5.39189302e-05  9.79039840e-04 -4.17307468e-05 
 9.80039840e-04  1.20000000e+00  9.80039840e-04  0.00000000e+00  9.80039840e-04  1.20000000e+00  9.80039840e-04  5.40495096e-05  9.80039840e-04  4.18400819e-05 
 9.81039840e-04  1.20000000e+00  9.81039840e-04  0.00000000e+00  9.81039840e-04  1.20000000e+00  9.81039840e-04 -5.39187529e-05  9.81039840e-04 -4.17313601e-05 
 9.82039840e-04  1.20000000e+00  9.82039840e-04  0.00000000e+00  9.82039840e-04  1.20000000e+00  9.82039840e-04  5.40493336e-05  9.82039840e-04  4.18406980e-05 
 9.83039840e-04  1.20000000e+00  9.83039840e-04  0.00000000e+00  9.83039840e-04  1.20000000e+00  9.83039840e-04 -5.39185754e-05  9.83039840e-04 -4.17319732e-05 
 9.84039840e-04  1.20000000e+00  9.84039840e-04  0.00000000e+00  9.84039840e-04  1.20000000e+00  9.84039840e-04  5.40491575e-05  9.84039840e-04  4.18413139e-05 
 9.85039840e-04  1.20000000e+00  9.85039840e-04  0.00000000e+00  9.85039840e-04  1.20000000e+00  9.85039840e-04 -5.39183978e-05  9.85039840e-04 -4.17325860e-05 
 9.86039840e-04  1.20000000e+00  9.86039840e-04  0.00000000e+00  9.86039840e-04  1.20000000e+00  9.86039840e-04  5.40489811e-05  9.86039840e-04  4.18419295e-05 
 9.87039840e-04  1.20000000e+00  9.87039840e-04  0.00000000e+00  9.87039840e-04  1.20000000e+00  9.87039840e-04 -5.39182200e-05  9.87039840e-04 -4.17331986e-05 
 9.88039840e-04  1.20000000e+00  9.88039840e-04  0.00000000e+00  9.88039840e-04  1.20000000e+00  9.88039840e-04  5.40488045e-05  9.88039840e-04  4.18425449e-05 
 9.89039840e-04  1.20000000e+00  9.89039840e-04  0.00000000e+00  9.89039840e-04  1.20000000e+00  9.89039840e-04 -5.39180419e-05  9.89039840e-04 -4.17338110e-05 
 9.90039840e-04  1.20000000e+00  9.90039840e-04  0.00000000e+00  9.90039840e-04  1.20000000e+00  9.90039840e-04  5.40486278e-05  9.90039840e-04  4.18431601e-05 
 9.91039840e-04  1.20000000e+00  9.91039840e-04  0.00000000e+00  9.91039840e-04  1.20000000e+00  9.91039840e-04 -5.39178638e-05  9.91039840e-04 -4.17344232e-05 
 9.92039840e-04  1.20000000e+00  9.92039840e-04  0.00000000e+00  9.92039840e-04  1.20000000e+00  9.92039840e-04  5.40484509e-05  9.92039840e-04  4.18437750e-05 
 9.93039840e-04  1.20000000e+00  9.93039840e-04  0.00000000e+00  9.93039840e-04  1.20000000e+00  9.93039840e-04 -5.39176854e-05  9.93039840e-04 -4.17350351e-05 
 9.94039840e-04  1.20000000e+00  9.94039840e-04  0.00000000e+00  9.94039840e-04  1.20000000e+00  9.94039840e-04  5.40482738e-05  9.94039840e-04  4.18443897e-05 
 9.95039840e-04  1.20000000e+00  9.95039840e-04  0.00000000e+00  9.95039840e-04  1.20000000e+00  9.95039840e-04 -5.39175068e-05  9.95039840e-04 -4.17356468e-05 
 9.96039840e-04  1.20000000e+00  9.96039840e-04  0.00000000e+00  9.96039840e-04  1.20000000e+00  9.96039840e-04  5.40480965e-05  9.96039840e-04  4.18450042e-05 
 9.97039840e-04  1.20000000e+00  9.97039840e-04  0.00000000e+00  9.97039840e-04  1.20000000e+00  9.97039840e-04 -5.39173281e-05  9.97039840e-04 -4.17362582e-05 
 9.98039840e-04  1.20000000e+00  9.98039840e-04  0.00000000e+00  9.98039840e-04  1.20000000e+00  9.98039840e-04  5.40479191e-05  9.98039840e-04  4.18456184e-05 
 9.99039840e-04  1.20000000e+00  9.99039840e-04  0.00000000e+00  9.99039840e-04  1.20000000e+00  9.99039840e-04 -5.39171492e-05  9.99039840e-04 -4.17368694e-05 
 1.00000100e-03  1.20000000e+00  1.00000100e-03  0.00000000e+00  1.00000100e-03  1.20000000e+00  1.00000100e-03  5.40477379e-05  1.00000100e-03  4.18462448e-05 
 1.00000110e-03  1.08000000e+00  1.00000110e-03  0.00000000e+00  1.00000110e-03  1.20000000e+00  1.00000110e-03  4.95430164e-07  1.00000110e-03 -3.95283466e-07 
 1.00000130e-03  8.40000000e-01  1.00000130e-03  0.00000000e+00  1.00000130e-03  1.20000000e+00  1.00000130e-03 -7.05351153e-07  1.00000130e-03 -7.53954134e-09 
 1.00000165e-03  4.20000000e-01  1.00000165e-03  0.00000000e+00  1.00000165e-03  1.20000000e+00  1.00000165e-03 -5.99531501e-06  1.00000165e-03  3.44687423e-07 
 1.00000200e-03  0.00000000e+00  1.00000200e-03  0.00000000e+00  1.00000200e-03  1.20000000e+00  1.00000200e-03  2.36975844e-05  1.00000200e-03 -3.90324839e-07 
 1.00000204e-03  0.00000000e+00  1.00000204e-03  0.00000000e+00  1.00000204e-03  1.20000000e+00  1.00000204e-03 -3.14764898e-05  1.00000204e-03 -2.58175056e-08 
 1.00000212e-03  0.00000000e+00  1.00000212e-03  0.00000000e+00  1.00000212e-03  1.20000000e+00  1.00000212e-03  1.17274904e-05  1.00000212e-03  8.81489746e-07 
 1.00000227e-03  0.00000000e+00  1.00000227e-03  0.00000000e+00  1.00000227e-03  1.20000000e+00  1.00000227e-03 -8.00903104e-06  1.00000227e-03 -1.02898448e-06 
 1.00000258e-03  0.00000000e+00  1.00000258e-03  0.00000000e+00  1.00000258e-03  1.20000000e+00  1.00000258e-03  6.08076212e-06  1.00000258e-03  1.23376027e-06 
 1.00000319e-03  0.00000000e+00  1.00000319e-03  0.00000000e+00  1.00000319e-03  1.20000000e+00  1.00000319e-03 -4.90804845e-06  1.00000319e-03 -1.14608363e-06 
 1.00000443e-03  0.00000000e+00  1.00000443e-03  0.00000000e+00  1.00000443e-03  1.20000000e+00  1.00000443e-03  4.53618554e-06  1.00000443e-03  1.27942617e-06 
 1.00000689e-03  0.00000000e+00  1.00000689e-03  0.00000000e+00  1.00000689e-03  1.20000000e+00  1.00000689e-03 -4.14256619e-06  1.00000689e-03 -1.16591468e-06 
 1.00001182e-03  0.00000000e+00  1.00001182e-03  0.00000000e+00  1.00001182e-03  1.20000000e+00  1.00001182e-03  4.15553338e-06  1.00001182e-03  1.28861969e-06 
 1.00002167e-03  0.00000000e+00  1.00002167e-03  0.00000000e+00  1.00002167e-03  1.20000000e+00  1.00002167e-03 -3.95287375e-06  1.00002167e-03 -1.17033355e-06 
 1.00004139e-03  0.00000000e+00  1.00004139e-03  0.00000000e+00  1.00004139e-03  1.20000000e+00  1.00004139e-03  4.06082443e-06  1.00004139e-03  1.29078543e-06 
 1.00008082e-03  0.00000000e+00  1.00008082e-03  0.00000000e+00  1.00008082e-03  1.20000000e+00  1.00008082e-03 -3.90556806e-06  1.00008082e-03 -1.17140537e-06 
 1.00015967e-03  0.00000000e+00  1.00015967e-03  0.00000000e+00  1.00015967e-03  1.20000000e+00  1.00015967e-03  4.03717710e-06  1.00015967e-03  1.29131867e-06 
 1.00031738e-03  0.00000000e+00  1.00031738e-03  0.00000000e+00  1.00031738e-03  1.20000000e+00  1.00031738e-03 -3.89374914e-06  1.00031738e-03 -1.17167127e-06 
 1.00063279e-03  0.00000000e+00  1.00063279e-03  0.00000000e+00  1.00063279e-03  1.20000000e+00  1.00063279e-03  4.03126721e-06  1.00063279e-03  1.29145147e-06 
 1.00126363e-03  0.00000000e+00  1.00126363e-03  0.00000000e+00  1.00126363e-03  1.20000000e+00  1.00126363e-03 -3.89079479e-06  1.00126363e-03 -1.17173762e-06 
 1.00226363e-03  0.00000000e+00  1.00226363e-03  0.00000000e+00  1.00226363e-03  1.20000000e+00  1.00226363e-03  4.02966111e-06  1.00226363e-03  1.29148753e-06 
 1.00326363e-03  0.00000000e+00  1.00326363e-03  0.00000000e+00  1.00326363e-03  1.20000000e+00  1.00326363e-03 -3.88955232e-06  1.00326363e-03 -1.17176551e-06 
 1.00426363e-03  0.00000000e+00  1.00426363e-03  0.00000000e+00  1.00426363e-03  1.20000000e+00  1.00426363e-03  4.02841859e-06  1.00426363e-03  1.29151541e-06 
 1.00526363e-03  0.00000000e+00  1.00526363e-03  0.00000000e+00  1.00526363e-03  1.20000000e+00  1.00526363e-03 -3.88830995e-06  1.00526363e-03 -1.17179339e-06 
 1.00626363e-03  0.00000000e+00  1.00626363e-03  0.00000000e+00  1.00626363e-03  1.20000000e+00  1.00626363e-03  4.02717606e-06  1.00626363e-03  1.29154329e-06 
 1.00726363e-03  0.00000000e+00  1.00726363e-03  0.00000000e+00  1.00726363e-03  1.20000000e+00  1.00726363e-03 -3.88706764e-06  1.00726363e-03 -1.17182126e-06 
 1.00826363e-03  0.00000000e+00  1.00826363e-03  0.00000000e+00  1.00826363e-03  1.20000000e+00  1.00826363e-03  4.02593355e-06  1.00826363e-03  1.29157116e-06 
 1.00926363e-03  0.00000000e+00  1.00926363e-03  0.00000000e+00  1.00926363e-03  1.20000000e+00  1.00926363e-03 -3.88582536e-06  1.00926363e-03 -1.17184912e-06 
 1.01026363e-03  0.00000000e+00  1.01026363e-03  0.00000000e+00  1.01026363e-03  1.20000000e+00  1.01026363e-03  4.02469107e-06  1.01026363e-03  1.29159902e-06 
 1.01126363e-03  0.00000000e+00  1.01126363e-03  0.00000000e+00  1.01126363e-03  1.20000000e+00  1.01126363e-03 -3.88458313e-06  1.01126363e-03 -1.17187698e-06 
 1.01226363e-03  0.00000000e+00  1.01226363e-03  0.00000000e+00  1.01226363e-03  1.20000000e+00  1.01226363e-03  4.02344862e-06  1.01226363e-03  1.29162687e-06 
 1.01326363e-03  0.00000000e+00  1.01326363e-03  0.00000000e+00  1.01326363e-03  1.20000000e+00  1.01326363e-03 -3.88334093e-06  1.01326363e-03 -1.17190482e-06 
 1.01426363e-03  0.00000000e+00  1.01426363e-03  0.00000000e+00  1.01426363e-03  1.20000000e+00  1.01426363e-03  4.02220620e-06  1.01426363e-03  1.29165471e-06 
 1.01526363e-03  0.00000000e+00  1.01526363e-03  0.00000000e+00  1.01526363e-03  1.20000000e+00  1.01526363e-03 -3.88209877e-06  1.01526363e-03 -1.17193265e-06 
 1.01626363e-03  0.00000000e+00  1.01626363e-03  0.00000000e+00  1.01626363e-03  1.20000000e+00  1.01626363e-03  4.02096381e-06  1.01626363e-03  1.29168255e-06 
 1.01726363e-03  0.00000000e+00  1.01726363e-03  0.00000000e+00  1.01726363e-03  1.20000000e+00  1.01726363e-03 -3.88085664e-06  1.01726363e-03 -1.17196048e-06 
 1.01826363e-03  0.00000000e+00  1.01826363e-03  0.00000000e+00  1.01826363e-03  1.20000000e+00  1.01826363e-03  4.01972146e-06  1.01826363e-03  1.29171037e-06 
 1.01926363e-03  0.00000000e+00  1.01926363e-03  0.00000000e+00  1.01926363e-03  1.20000000e+00  1.01926363e-03 -3.87961454e-06  1.01926363e-03 -1.17198830e-06 
 1.02026363e-03  0.00000000e+00  1.02026363e-03  0.00000000e+00  1.02026363e-03  1.20000000e+00  1.02026363e-03  4.01847914e-06  1.02026363e-03  1.29173819e-06 
 1.02126363e-03  0.00000000e+00  1.02126363e-03  0.00000000e+00  1.02126363e-03  1.20000000e+00  1.02126363e-03 -3.87837247e-06  1.02126363e-03 -1.17201610e-06 
 1.02226363e-03  0.00000000e+00  1.02226363e-03  0.00000000e+00  1.02226363e-03  1.20000000e+00  1.02226363e-03  4.01723686e-06  1.02226363e-03  1.29176599e-06 
 1.02326363e-03  0.00000000e+00  1.02326363e-03  0.00000000e+00  1.02326363e-03  1.20000000e+00  1.02326363e-03 -3.87713045e-06  1.02326363e-03 -1.17204390e-06 
 1.02426363e-03  0.00000000e+00  1.02426363e-03  0.00000000e+00  1.02426363e-03  1.20000000e+00  1.02426363e-03  4.01599460e-06  1.02426363e-03  1.29179379e-06 
 1.02526363e-03  0.00000000e+00  1.02526363e-03  0.00000000e+00  1.02526363e-03  1.20000000e+00  1.02526363e-03 -3.87588845e-06  1.02526363e-03 -1.17207169e-06 
 1.02626363e-03  0.00000000e+00  1.02626363e-03  0.00000000e+00  1.02626363e-03  1.20000000e+00  1.02626363e-03  4.01475239e-06  1.02626363e-03  1.29182158e-06 
 1.02726363e-03  0.00000000e+00  1.02726363e-03  0.00000000e+00  1.02726363e-03  1.20000000e+00  1.02726363e-03 -3.87464649e-06  1.02726363e-03 -1.17209947e-06 
 1.02826363e-03  0.00000000e+00  1.02826363e-03  0.00000000e+00  1.02826363e-03  1.20000000e+00  1.02826363e-03  4.01351020e-06  1.02826363e-03  1.29184936e-06 
 1.02926363e-03  0.00000000e+00  1.02926363e-03  0.00000000e+00  1.02926363e-03  1.20000000e+00  1.02926363e-03 -3.87340456e-06  1.02926363e-03 -1.17212724e-06 
 1.03026363e-03  0.00000000e+00  1.03026363e-03  0.00000000e+00  1.03026363e-03  1.20000000e+00  1.03026363e-03  4.01226805e-06  1.03026363e-03  1.29187713e-06 
 1.03126363e-03  0.00000000e+00  1.03126363e-03  0.00000000e+00  1.03126363e-03  1.20000000e+00  1.03126363e-03 -3.87216266e-06  1.03126363e-03 -1.17215500e-06 
 1.03226363e-03  0.00000000e+00  1.03226363e-03  0.00000000e+00  1.03226363e-03  1.20000000e+00  1.03226363e-03  4.01102594e-06  1.03226363e-03  1.29190489e-06 
 1.03326363e-03  0.00000000e+00  1.03326363e-03  0.00000000e+00  1.03326363e-03  1.20000000e+00  1.03326363e-03 -3.87092080e-06  1.03326363e-03 -1.17218276e-06 
 1.03426363e-03  0.00000000e+00  1.03426363e-03  0.00000000e+00  1.03426363e-03  1.20000000e+00  1.03426363e-03  4.00978385e-06  1.03426363e-03  1.29193264e-06 
 1.03526363e-03  0.00000000e+00  1.03526363e-03  0.00000000e+00  1.03526363e-03  1.20000000e+00  1.03526363e-03 -3.86967897e-06  1.03526363e-03 -1.17221050e-06 
 1.03626363e-03  0.00000000e+00  1.03626363e-03  0.00000000e+00  1.03626363e-03  1.20000000e+00  1.03626363e-03  4.00854180e-06  1.03626363e-03  1.29196038e-06 
 1.03726363e-03  0.00000000e+00  1.03726363e-03  0.00000000e+00  1.03726363e-03  1.20000000e+00  1.03726363e-03 -3.86843718e-06  1.03726363e-03 -1.17223824e-06 
 1.03826363e-03  0.00000000e+00  1.03826363e-03  0.00000000e+00  1.03826363e-03  1.20000000e+00  1.03826363e-03  4.00729979e-06  1.03826363e-03  1.29198812e-06 
 1.03926363e-03  0.00000000e+00  1.03926363e-03  0.00000000e+00  1.03926363e-03  1.20000000e+00  1.03926363e-03 -3.86719542e-06  1.03926363e-03 -1.17226596e-06 
 1.04026363e-03  0.00000000e+00  1.04026363e-03  0.00000000e+00  1.04026363e-03  1.20000000e+00  1.04026363e-03  4.00605780e-06  1.04026363e-03  1.29201584e-06 
 1.04126363e-03  0.00000000e+00  1.04126363e-03  0.00000000e+00  1.04126363e-03  1.20000000e+00  1.04126363e-03 -3.86595369e-06  1.04126363e-03 -1.17229368e-06 
 1.04226363e-03  0.00000000e+00  1.04226363e-03  0.00000000e+00  1.04226363e-03  1.20000000e+00  1.04226363e-03  4.00481586e-06  1.04226363e-03  1.29204356e-06 
 1.04326363e-03  0.00000000e+00  1.04326363e-03  0.00000000e+00  1.04326363e-03  1.20000000e+00  1.04326363e-03 -3.86471200e-06  1.04326363e-03 -1.17232139e-06 
 1.04426363e-03  0.00000000e+00  1.04426363e-03  0.00000000e+00  1.04426363e-03  1.20000000e+00  1.04426363e-03  4.00357394e-06  1.04426363e-03  1.29207126e-06 
 1.04526363e-03  0.00000000e+00  1.04526363e-03  0.00000000e+00  1.04526363e-03  1.20000000e+00  1.04526363e-03 -3.86347034e-06  1.04526363e-03 -1.17234909e-06 
 1.04626363e-03  0.00000000e+00  1.04626363e-03  0.00000000e+00  1.04626363e-03  1.20000000e+00  1.04626363e-03  4.00233206e-06  1.04626363e-03  1.29209896e-06 
 1.04726363e-03  0.00000000e+00  1.04726363e-03  0.00000000e+00  1.04726363e-03  1.20000000e+00  1.04726363e-03 -3.86222871e-06  1.04726363e-03 -1.17237678e-06 
 1.04826363e-03  0.00000000e+00  1.04826363e-03  0.00000000e+00  1.04826363e-03  1.20000000e+00  1.04826363e-03  4.00109021e-06  1.04826363e-03  1.29212665e-06 
 1.04913181e-03  0.00000000e+00  1.04913181e-03  0.00000000e+00  1.04913181e-03  1.20000000e+00  1.04913181e-03 -3.86089287e-06  1.04913181e-03 -1.17240656e-06 
 1.05000000e-03  0.00000000e+00  1.05000000e-03  0.00000000e+00  1.05000000e-03  1.20000000e+00  1.05000000e-03  3.99965986e-06  1.05000000e-03  1.29215853e-06 
 1.05000010e-03  1.20000000e-01  1.05000010e-03  0.00000000e+00  1.05000010e-03  1.20000000e+00  1.05000010e-03  1.72334076e-06  1.05000010e-03  3.81969834e-08 
 1.05000030e-03  3.60000000e-01  1.05000030e-03  0.00000000e+00  1.05000030e-03  1.20000000e+00  1.05000030e-03 -1.60284888e-06  1.05000030e-03  5.77652384e-08 
 1.05000065e-03  7.80000000e-01  1.05000065e-03  0.00000000e+00  1.05000065e-03  1.20000000e+00  1.05000065e-03  5.39988014e-06  1.05000065e-03  7.59133498e-08 
 1.05000100e-03  1.20000000e+00  1.05000100e-03  0.00000000e+00  1.05000100e-03  1.20000000e+00  1.05000100e-03 -1.43280943e-05  1.05000100e-03  2.08711344e-08 
 1.05000104e-03  1.20000000e+00  1.05000104e-03  0.00000000e+00  1.05000104e-03  1.20000000e+00  1.05000104e-03  1.85995413e-05  1.05000104e-03  2.55443466e-07 
 1.05000112e-03  1.20000000e+00  1.05000112e-03  0.00000000e+00  1.05000112e-03  1.20000000e+00  1.05000112e-03 -8.75729142e-06  1.05000112e-03 -3.31460533e-07 
 1.05000128e-03  1.20000000e+00  1.05000128e-03  0.00000000e+00  1.05000128e-03  1.20000000e+00  1.05000128e-03  4.26420348e-06  1.05000128e-03  4.80180813e-07 
 1.05000161e-03  1.20000000e+00  1.05000161e-03  0.00000000e+00  1.05000161e-03  1.20000000e+00  1.05000161e-03 -2.16980692e-06  1.05000161e-03 -3.49458337e-07 
 1.05000226e-03  1.20000000e+00  1.05000226e-03  0.00000000e+00  1.05000226e-03  1.20000000e+00  1.05000226e-03  1.42781873e-06  1.05000226e-03  4.58829833e-07 
 1.05000355e-03  1.20000000e+00  1.05000355e-03  0.00000000e+00  1.05000355e-03  1.20000000e+00  1.05000355e-03 -8.72386237e-07  1.05000355e-03 -3.32852373e-07 
 1.05000615e-03  1.20000000e+00  1.05000615e-03  0.00000000e+00  1.05000615e-03  1.20000000e+00  1.05000615e-03  8.08781507e-07  1.05000615e-03  4.49252711e-07 
 1.05001133e-03  1.20000000e+00  1.05001133e-03  0.00000000e+00  1.05001133e-03  1.20000000e+00  1.05001133e-03 -5.70303414e-07  1.05001133e-03 -3.27769852e-07 
 1.05002171e-03  1.20000000e+00  1.05002171e-03  0.00000000e+00  1.05002171e-03  1.20000000e+00  1.05002171e-03  6.59547535e-07  1.05002171e-03  4.46641064e-07 
 1.05004246e-03  1.20000000e+00  1.05004246e-03  0.00000000e+00  1.05004246e-03  1.20000000e+00  1.05004246e-03 -4.96155739e-07  1.05004246e-03 -3.26446759e-07 
 1.05008395e-03  1.20000000e+00  1.05008395e-03  0.00000000e+00  1.05008395e-03  1.20000000e+00  1.05008395e-03  6.22581548e-07  1.05008395e-03  4.45975268e-07 
 1.05016694e-03  1.20000000e+00  1.05016694e-03  0.00000000e+00  1.05016694e-03  1.20000000e+00  1.05016694e-03 -4.77704281e-07  1.05016694e-03 -3.26112793e-07 
 1.05033293e-03  1.20000000e+00  1.05033293e-03  0.00000000e+00  1.05033293e-03  1.20000000e+00  1.05033293e-03  6.13361410e-07  1.05033293e-03  4.45808024e-07 
 1.05066490e-03  1.20000000e+00  1.05066490e-03  0.00000000e+00  1.05066490e-03  1.20000000e+00  1.05066490e-03 -4.73096752e-07  1.05066490e-03 -3.26029103e-07 
 1.05132884e-03  1.20000000e+00  1.05132884e-03  0.00000000e+00  1.05132884e-03  1.20000000e+00  1.05132884e-03  6.11057709e-07  1.05132884e-03  4.45766163e-07 
 1.05232884e-03  1.20000000e+00  1.05232884e-03  0.00000000e+00  1.05232884e-03  1.20000000e+00  1.05232884e-03 -4.71819355e-07  1.05232884e-03 -3.26005880e-07 
 1.05332884e-03  1.20000000e+00  1.05332884e-03  0.00000000e+00  1.05332884e-03  1.20000000e+00  1.05332884e-03  6.10038203e-07  1.05332884e-03  4.45747628e-07 
 1.05432884e-03  1.20000000e+00  1.05432884e-03  0.00000000e+00  1.05432884e-03  1.20000000e+00  1.05432884e-03 -4.70800069e-07  1.05432884e-03 -3.25987343e-07 
 1.05532884e-03  1.20000000e+00  1.05532884e-03  0.00000000e+00  1.05532884e-03  1.20000000e+00  1.05532884e-03  6.09018800e-07  1.05532884e-03  4.45729090e-07 
 1.05632884e-03  1.20000000e+00  1.05632884e-03  0.00000000e+00  1.05632884e-03  1.20000000e+00  1.05632884e-03 -4.69780887e-07  1.05632884e-03 -3.25968802e-07 
 1.05732884e-03  1.20000000e+00  1.05732884e-03  0.00000000e+00  1.05732884e-03  1.20000000e+00  1.05732884e-03  6.07999503e-07  1.05732884e-03  4.45710547e-07 
 1.05832884e-03  1.20000000e+00  1.05832884e-03  0.00000000e+00  1.05832884e-03  1.20000000e+00  1.05832884e-03 -4.68761810e-07  1.05832884e-03 -3.25950257e-07 
 1.05932884e-03  1.20000000e+00  1.05932884e-03  0.00000000e+00  1.05932884e-03  1.20000000e+00  1.05932884e-03  6.06980310e-07  1.05932884e-03  4.45692001e-07 
 1.06032884e-03  1.20000000e+00  1.06032884e-03  0.00000000e+00  1.06032884e-03  1.20000000e+00  1.06032884e-03 -4.67742837e-07  1.06032884e-03 -3.25931708e-07 
 1.06132884e-03  1.20000000e+00  1.06132884e-03  0.00000000e+00  1.06132884e-03  1.20000000e+00  1.06132884e-03  6.05961221e-07  1.06132884e-03  4.45673450e-07 
 1.06232884e-03  1.20000000e+00  1.06232884e-03  0.00000000e+00  1.06232884e-03  1.20000000e+00  1.06232884e-03 -4.66723969e-07  1.06232884e-03 -3.25913156e-07 
 1.06332884e-03  1.20000000e+00  1.06332884e-03  0.00000000e+00  1.06332884e-03  1.20000000e+00  1.06332884e-03  6.04942237e-07  1.06332884e-03  4.45654896e-07 
 1.06432884e-03  1.20000000e+00  1.06432884e-03  0.00000000e+00  1.06432884e-03  1.20000000e+00  1.06432884e-03 -4.65705205e-07  1.06432884e-03 -3.25894599e-07 
 1.06532884e-03  1.20000000e+00  1.06532884e-03  0.00000000e+00  1.06532884e-03  1.20000000e+00  1.06532884e-03  6.03923357e-07  1.06532884e-03  4.45636338e-07 
 1.06632884e-03  1.20000000e+00  1.06632884e-03  0.00000000e+00  1.06632884e-03  1.20000000e+00  1.06632884e-03 -4.64686546e-07  1.06632884e-03 -3.25876039e-07 
 1.06732884e-03  1.20000000e+00  1.06732884e-03  0.00000000e+00  1.06732884e-03  1.20000000e+00  1.06732884e-03  6.02904582e-07  1.06732884e-03  4.45617776e-07 
 1.06832884e-03  1.20000000e+00  1.06832884e-03  0.00000000e+00  1.06832884e-03  1.20000000e+00  1.06832884e-03 -4.63667991e-07  1.06832884e-03 -3.25857475e-07 
 1.06932884e-03  1.20000000e+00  1.06932884e-03  0.00000000e+00  1.06932884e-03  1.20000000e+00  1.06932884e-03  6.01885912e-07  1.06932884e-03  4.45599210e-07 
 1.07032884e-03  1.20000000e+00  1.07032884e-03  0.00000000e+00  1.07032884e-03  1.20000000e+00  1.07032884e-03 -4.62649541e-07  1.07032884e-03 -3.25838906e-07 
 1.07132884e-03  1.20000000e+00  1.07132884e-03  0.00000000e+00  1.07132884e-03  1.20000000e+00  1.07132884e-03  6.00867346e-07  1.07132884e-03  4.45580641e-07 
 1.07232884e-03  1.20000000e+00  1.07232884e-03  0.00000000e+00  1.07232884e-03  1.20000000e+00  1.07232884e-03 -4.61631195e-07  1.07232884e-03 -3.25820334e-07 
 1.07332884e-03  1.20000000e+00  1.07332884e-03  0.00000000e+00  1.07332884e-03  1.20000000e+00  1.07332884e-03  5.99848884e-07  1.07332884e-03  4.45562067e-07 
 1.07432884e-03  1.20000000e+00  1.07432884e-03  0.00000000e+00  1.07432884e-03  1.20000000e+00  1.07432884e-03 -4.60612954e-07  1.07432884e-03 -3.25801759e-07 
 1.07532884e-03  1.20000000e+00  1.07532884e-03  0.00000000e+00  1.07532884e-03  1.20000000e+00  1.07532884e-03  5.98830527e-07  1.07532884e-03  4.45543490e-07 
 1.07632884e-03  1.20000000e+00  1.07632884e-03  0.00000000e+00  1.07632884e-03  1.20000000e+00  1.07632884e-03 -4.59594817e-07  1.07632884e-03 -3.25783179e-07 
 1.07732884e-03  1.20000000e+00  1.07732884e-03  0.00000000e+00  1.07732884e-03  1.20000000e+00  1.07732884e-03  5.97812274e-07  1.07732884e-03  4.45524909e-07 
 1.07832884e-03  1.20000000e+00  1.07832884e-03  0.00000000e+00  1.07832884e-03  1.20000000e+00  1.07832884e-03 -4.58576784e-07  1.07832884e-03 -3.25764595e-07 
 1.07932884e-03  1.20000000e+00  1.07932884e-03  0.00000000e+00  1.07932884e-03  1.20000000e+00  1.07932884e-03  5.96794127e-07  1.07932884e-03  4.45506323e-07 
 1.08032884e-03  1.20000000e+00  1.08032884e-03  0.00000000e+00  1.08032884e-03  1.20000000e+00  1.08032884e-03 -4.57558856e-07  1.08032884e-03 -3.25746008e-07 
 1.08132884e-03  1.20000000e+00  1.08132884e-03  0.00000000e+00  1.08132884e-03  1.20000000e+00  1.08132884e-03  5.95776083e-07  1.08132884e-03  4.45487735e-07 
 1.08232884e-03  1.20000000e+00  1.08232884e-03  0.00000000e+00  1.08232884e-03  1.20000000e+00  1.08232884e-03 -4.56541033e-07  1.08232884e-03 -3.25727417e-07 
 1.08332884e-03  1.20000000e+00  1.08332884e-03  0.00000000e+00  1.08332884e-03  1.20000000e+00  1.08332884e-03  5.94758144e-07  1.08332884e-03  4.45469142e-07 
 1.08432884e-03  1.20000000e+00  1.08432884e-03  0.00000000e+00  1.08432884e-03  1.20000000e+00  1.08432884e-03 -4.55523314e-07  1.08432884e-03 -3.25708821e-07 
 1.08532884e-03  1.20000000e+00  1.08532884e-03  0.00000000e+00  1.08532884e-03  1.20000000e+00  1.08532884e-03  5.93740309e-07  1.08532884e-03  4.45450545e-07 
 1.08632884e-03  1.20000000e+00  1.08632884e-03  0.00000000e+00  1.08632884e-03  1.20000000e+00  1.08632884e-03 -4.54505699e-07  1.08632884e-03 -3.25690222e-07 
 1.08732884e-03  1.20000000e+00  1.08732884e-03  0.00000000e+00  1.08732884e-03  1.20000000e+00  1.08732884e-03  5.92722579e-07  1.08732884e-03  4.45431944e-07 
 1.08832884e-03  1.20000000e+00  1.08832884e-03  0.00000000e+00  1.08832884e-03  1.20000000e+00  1.08832884e-03 -4.53488188e-07  1.08832884e-03 -3.25671619e-07 
 1.08932884e-03  1.20000000e+00  1.08932884e-03  0.00000000e+00  1.08932884e-03  1.20000000e+00  1.08932884e-03  5.91704953e-07  1.08932884e-03  4.45413340e-07 
 1.09032884e-03  1.20000000e+00  1.09032884e-03  0.00000000e+00  1.09032884e-03  1.20000000e+00  1.09032884e-03 -4.52470783e-07  1.09032884e-03 -3.25653013e-07 
 1.09132884e-03  1.20000000e+00  1.09132884e-03  0.00000000e+00  1.09132884e-03  1.20000000e+00  1.09132884e-03  5.90687432e-07  1.09132884e-03  4.45394731e-07 
 1.09232884e-03  1.20000000e+00  1.09232884e-03  0.00000000e+00  1.09232884e-03  1.20000000e+00  1.09232884e-03 -4.51453481e-07  1.09232884e-03 -3.25634402e-07 
 1.09332884e-03  1.20000000e+00  1.09332884e-03  0.00000000e+00  1.09332884e-03  1.20000000e+00  1.09332884e-03  5.89670015e-07  1.09332884e-03  4.45376119e-07 
 1.09432884e-03  1.20000000e+00  1.09432884e-03  0.00000000e+00  1.09432884e-03  1.20000000e+00  1.09432884e-03 -4.50436284e-07  1.09432884e-03 -3.25615787e-07 
 1.09532884e-03  1.20000000e+00  1.09532884e-03  0.00000000e+00  1.09532884e-03  1.20000000e+00  1.09532884e-03  5.88652703e-07  1.09532884e-03  4.45357503e-07 
 1.09632884e-03  1.20000000e+00  1.09632884e-03  0.00000000e+00  1.09632884e-03  1.20000000e+00  1.09632884e-03 -4.49419191e-07  1.09632884e-03 -3.25597169e-07 
 1.09732884e-03  1.20000000e+00  1.09732884e-03  0.00000000e+00  1.09732884e-03  1.20000000e+00  1.09732884e-03  5.87635495e-07  1.09732884e-03  4.45338884e-07 
 1.09832884e-03  1.20000000e+00  1.09832884e-03  0.00000000e+00  1.09832884e-03  1.20000000e+00  1.09832884e-03 -4.48402203e-07  1.09832884e-03 -3.25578547e-07 
 1.09916492e-03  1.20000000e+00  1.09916492e-03  0.00000000e+00  1.09916492e-03  1.20000000e+00  1.09916492e-03  5.86518693e-07  1.09916492e-03  4.45318434e-07 
 1.10000100e-03  1.20000000e+00  1.10000100e-03  0.00000000e+00  1.10000100e-03  1.20000000e+00  1.10000100e-03 -4.47185966e-07  1.10000100e-03 -3.25556269e-07 
 1.10000110e-03  1.08000000e+00  1.10000110e-03  0.00000000e+00  1.10000110e-03  1.20000000e+00  1.10000110e-03 -1.08646235e-06  1.10000110e-03  3.18334128e-08 
 1.10000130e-03  8.40000000e-01  1.10000130e-03  0.00000000e+00  1.10000130e-03  1.20000000e+00  1.10000130e-03  9.97973682e-07  1.10000130e-03  9.52774037e-08 
 1.10000165e-03  4.20000000e-01  1.10000165e-03  0.00000000e+00  1.10000165e-03  1.20000000e+00  1.10000165e-03 -7.69846234e-06  1.10000165e-03  2.13541997e-08 
 1.10000200e-03  6.24209573e-11  1.10000200e-03  0.00000000e+00  1.10000200e-03  1.20000000e+00  1.10000200e-03  2.53556162e-05  1.10000200e-03  1.07918062e-07 
 1.10000204e-03  0.00000000e+00  1.10000204e-03  0.00000000e+00  1.10000204e-03  1.20000000e+00  1.10000204e-03 -3.12730739e-05  1.10000204e-03 -2.40116721e-07 
 1.10000212e-03  0.00000000e+00  1.10000212e-03  0.00000000e+00  1.10000212e-03  1.20000000e+00  1.10000212e-03  1.16354758e-05  1.10000212e-03  9.07360449e-07 
 1.10000227e-03  0.00000000e+00  1.10000227e-03  0.00000000e+00  1.10000227e-03  1.20000000e+00  1.10000227e-03 -7.93278793e-06  1.10000227e-03 -1.01321452e-06 
 1.10000258e-03  0.00000000e+00  1.10000258e-03  0.00000000e+00  1.10000258e-03  1.20000000e+00  1.10000258e-03  6.02156372e-06  1.10000258e-03  1.20441213e-06 
 1.10000320e-03  0.00000000e+00  1.10000320e-03  0.00000000e+00  1.10000320e-03  1.20000000e+00  1.10000320e-03 -4.85750232e-06  1.10000320e-03 -1.11129104e-06 
 1.10000444e-03  0.00000000e+00  1.10000444e-03  0.00000000e+00  1.10000444e-03  1.20000000e+00  1.10000444e-03  4.48984972e-06  1.10000444e-03  1.24220844e-06 
 1.10000691e-03  0.00000000e+00  1.10000691e-03  0.00000000e+00  1.10000691e-03  1.20000000e+00  1.10000691e-03 -4.09833386e-06  1.10000691e-03 -1.12754881e-06 
 1.10001186e-03  0.00000000e+00  1.10001186e-03  0.00000000e+00  1.10001186e-03  1.20000000e+00  1.10001186e-03  4.11231785e-06  1.10001186e-03  1.24970005e-06 
 1.10002176e-03  0.00000000e+00  1.10002176e-03  0.00000000e+00  1.10002176e-03  1.20000000e+00  1.10002176e-03 -3.91019010e-06  1.10002176e-03 -1.13113734e-06 
 1.10004155e-03  0.00000000e+00  1.10004155e-03  0.00000000e+00  1.10004155e-03  1.20000000e+00  1.10004155e-03  4.01838087e-06  1.10004155e-03  1.25145564e-06 
 1.10008114e-03  0.00000000e+00  1.10008114e-03  0.00000000e+00  1.10008114e-03  1.20000000e+00  1.10008114e-03 -3.86326950e-06  1.10008114e-03 -1.13200535e-06 
 1.10016033e-03  0.00000000e+00  1.10016033e-03  0.00000000e+00  1.10016033e-03  1.20000000e+00  1.10016033e-03  3.99492599e-06  1.10016033e-03  1.25188729e-06 
 1.10031869e-03  0.00000000e+00  1.10031869e-03  0.00000000e+00  1.10031869e-03  1.20000000e+00  1.10031869e-03 -3.85154675e-06  1.10031869e-03 -1.13222055e-06 
 1.10063543e-03  0.00000000e+00  1.10063543e-03  0.00000000e+00  1.10063543e-03  1.20000000e+00  1.10063543e-03  3.98906413e-06  1.10063543e-03  1.25199475e-06 
 1.10126889e-03  0.00000000e+00  1.10126889e-03  0.00000000e+00  1.10126889e-03  1.20000000e+00  1.10126889e-03 -3.84861653e-06  1.10126889e-03 -1.13227423e-06 
 1.10226889e-03  0.00000000e+00  1.10226889e-03  0.00000000e+00  1.10226889e-03  1.20000000e+00  1.10226889e-03  3.98746840e-06  1.10226889e-03  1.25202397e-06 
 1.10326889e-03  0.00000000e+00  1.10326889e-03  0.00000000e+00  1.10326889e-03  1.20000000e+00  1.10326889e-03 -3.84737912e-06  1.10326889e-03 -1.13229689e-06 
 1.10426889e-03  0.00000000e+00  1.10426889e-03  0.00000000e+00  1.10426889e-03  1.20000000e+00  1.10426889e-03  3.98623077e-06  1.10426889e-03  1.25204663e-06 
 1.10526889e-03  0.00000000e+00  1.10526889e-03  0.00000000e+00  1.10526889e-03  1.20000000e+00  1.10526889e-03 -3.84614174e-06  1.10526889e-03 -1.13231954e-06 
 1.10626889e-03  0.00000000e+00  1.10626889e-03  0.00000000e+00  1.10626889e-03  1.20000000e+00  1.10626889e-03  3.98499318e-06  1.10626889e-03  1.25206928e-06 
 1.10726889e-03  0.00000000e+00  1.10726889e-03  0.00000000e+00  1.10726889e-03  1.20000000e+00  1.10726889e-03 -3.84490440e-06  1.10726889e-03 -1.13234218e-06 
 1.10826889e-03  0.00000000e+00  1.10826889e-03  0.00000000e+00  1.10826889e-03  1.20000000e+00  1.10826889e-03  3.98375562e-06  1.10826889e-03  1.25209192e-06 
 1.10926889e-03  0.00000000e+00  1.10926889e-03  0.00000000e+00  1.10926889e-03  1.20000000e+00  1.10926889e-03 -3.84366709e-06  1.10926889e-03 -1.13236482e-06 
 1.11026889e-03  0.00000000e+00  1.11026889e-03  0.00000000e+00  1.11026889e-03  1.20000000e+00  1.11026889e-03  3.98251809e-06  1.11026889e-03  1.25211455e-06 
 1.11126889e-03  0.00000000e+00  1.11126889e-03  0.00000000e+00  1.11126889e-03  1.20000000e+00  1.11126889e-03 -3.84242981e-06  1.11126889e-03 -1.13238744e-06 
 1.11226889e-03  0.00000000e+00  1.11226889e-03  0.00000000e+00  1.11226889e-03  1.20000000e+00  1.11226889e-03  3.98128059e-06  1.11226889e-03  1.25213718e-06 
 1.11326889e-03  0.00000000e+00  1.11326889e-03  0.00000000e+00  1.11326889e-03  1.20000000e+00  1.11326889e-03 -3.84119257e-06  1.11326889e-03 -1.13241006e-06 
 1.11426889e-03  0.00000000e+00  1.11426889e-03  0.00000000e+00  1.11426889e-03  1.20000000e+00  1.11426889e-03  3.98004313e-06  1.11426889e-03  1.25215979e-06 
 1.11526889e-03  0.00000000e+00  1.11526889e-03  0.00000000e+00  1.11526889e-03  1.20000000e+00  1.11526889e-03 -3.83995536e-06  1.11526889e-03 -1.13243267e-06 
 1.11626889e-03  0.00000000e+00  1.11626889e-03  0.00000000e+00  1.11626889e-03  1.20000000e+00  1.11626889e-03  3.97880571e-06  1.11626889e-03  1.25218240e-06 
 1.11726889e-03  0.00000000e+00  1.11726889e-03  0.00000000e+00  1.11726889e-03  1.20000000e+00  1.11726889e-03 -3.83871818e-06  1.11726889e-03 -1.13245527e-06 
 1.11826889e-03  0.00000000e+00  1.11826889e-03  0.00000000e+00  1.11826889e-03  1.20000000e+00  1.11826889e-03  3.97756831e-06  1.11826889e-03  1.25220500e-06 
 1.11926889e-03  0.00000000e+00  1.11926889e-03  0.00000000e+00  1.11926889e-03  1.20000000e+00  1.11926889e-03 -3.83748104e-06  1.11926889e-03 -1.13247787e-06 
 1.12026889e-03  0.00000000e+00  1.12026889e-03  0.00000000e+00  1.12026889e-03  1.20000000e+00  1.12026889e-03  3.97633095e-06  1.12026889e-03  1.25222760e-06 
 1.12126889e-03  0.00000000e+00  1.12126889e-03  0.00000000e+00  1.12126889e-03  1.20000000e+00  1.12126889e-03 -3.83624393e-06  1.12126889e-03 -1.13250045e-06 
 1.12226889e-03  0.00000000e+00  1.12226889e-03  0.00000000e+00  1.12226889e-03  1.20000000e+00  1.12226889e-03  3.97509362e-06  1.12226889e-03  1.25225018e-06 
 1.12326889e-03  0.00000000e+00  1.12326889e-03  0.00000000e+00  1.12326889e-03  1.20000000e+00  1.12326889e-03 -3.83500685e-06  1.12326889e-03 -1.13252303e-06 
 1.12426889e-03  0.00000000e+00  1.12426889e-03  0.00000000e+00  1.12426889e-03  1.20000000e+00  1.12426889e-03  3.97385633e-06  1.12426889e-03  1.25227276e-06 
 1.12526889e-03  0.00000000e+00  1.12526889e-03  0.00000000e+00  1.12526889e-03  1.20000000e+00  1.12526889e-03 -3.83376981e-06  1.12526889e-03 -1.13254560e-06 
 1.12626889e-03  0.00000000e+00  1.12626889e-03  0.00000000e+00  1.12626889e-03  1.20000000e+00  1.12626889e-03  3.97261907e-06  1.12626889e-03  1.25229533e-06 
 1.12726889e-03  0.00000000e+00  1.12726889e-03  0.00000000e+00  1.12726889e-03  1.20000000e+00  1.12726889e-03 -3.83253280e-06  1.12726889e-03 -1.13256816e-06 
 1.12826889e-03  0.00000000e+00  1.12826889e-03  0.00000000e+00  1.12826889e-03  1.20000000e+00  1.12826889e-03  3.97138184e-06  1.12826889e-03  1.25231789e-06 
 1.12926889e-03  0.00000000e+00  1.12926889e-03  0.00000000e+00  1.12926889e-03  1.20000000e+00  1.12926889e-03 -3.83129582e-06  1.12926889e-03 -1.13259072e-06 
 1.13026889e-03  0.00000000e+00  1.13026889e-03  0.00000000e+00  1.13026889e-03  1.20000000e+00  1.13026889e-03  3.97014465e-06  1.13026889e-03  1.25234044e-06 
 1.13126889e-03  0.00000000e+00  1.13126889e-03  0.00000000e+00  1.13126889e-03  1.20000000e+00  1.13126889e-03 -3.83005888e-06  1.13126889e-03 -1.13261326e-06 
 1.13226889e-03  0.00000000e+00  1.13226889e-03  0.00000000e+00  1.13226889e-03  1.20000000e+00  1.13226889e-03  3.96890749e-06  1.13226889e-03  1.25236298e-06 
 1.13326889e-03  0.00000000e+00  1.13326889e-03  0.00000000e+00  1.13326889e-03  1.20000000e+00  1.13326889e-03 -3.82882197e-06  1.13326889e-03 -1.13263580e-06 
 1.13426889e-03  0.00000000e+00  1.13426889e-03  0.00000000e+00  1.13426889e-03  1.20000000e+00  1.13426889e-03  3.96767036e-06  1.13426889e-03  1.25238552e-06 
 1.13526889e-03  0.00000000e+00  1.13526889e-03  0.00000000e+00  1.13526889e-03  1.20000000e+00  1.13526889e-03 -3.82758509e-06  1.13526889e-03 -1.13265833e-06 
 1.13626889e-03  0.00000000e+00  1.13626889e-03  0.00000000e+00  1.13626889e-03  1.20000000e+00  1.13626889e-03  3.96643326e-06  1.13626889e-03  1.25240805e-06 
 1.13726889e-03  0.00000000e+00  1.13726889e-03  0.00000000e+00  1.13726889e-03  1.20000000e+00  1.13726889e-03 -3.82634825e-06  1.13726889e-03 -1.13268085e-06 
 1.13826889e-03  0.00000000e+00  1.13826889e-03  0.00000000e+00  1.13826889e-03  1.20000000e+00  1.13826889e-03  3.96519620e-06  1.13826889e-03  1.25243057e-06 
 1.13926889e-03  0.00000000e+00  1.13926889e-03  0.00000000e+00  1.13926889e-03  1.20000000e+00  1.13926889e-03 -3.82511144e-06  1.13926889e-03 -1.13270337e-06 
 1.14026889e-03  0.00000000e+00  1.14026889e-03  0.00000000e+00  1.14026889e-03  1.20000000e+00  1.14026889e-03  3.96395918e-06  1.14026889e-03  1.25245308e-06 
 1.14126889e-03  0.00000000e+00  1.14126889e-03  0.00000000e+00  1.14126889e-03  1.20000000e+00  1.14126889e-03 -3.82387466e-06  1.14126889e-03 -1.13272587e-06 
 1.14226889e-03  0.00000000e+00  1.14226889e-03  0.00000000e+00  1.14226889e-03  1.20000000e+00  1.14226889e-03  3.96272218e-06  1.14226889e-03  1.25247558e-06 
 1.14326889e-03  0.00000000e+00  1.14326889e-03  0.00000000e+00  1.14326889e-03  1.20000000e+00  1.14326889e-03 -3.82263792e-06  1.14326889e-03 -1.13274837e-06 
 1.14426889e-03  0.00000000e+00  1.14426889e-03  0.00000000e+00  1.14426889e-03  1.20000000e+00  1.14426889e-03  3.96148522e-06  1.14426889e-03  1.25249808e-06 
 1.14526889e-03  0.00000000e+00  1.14526889e-03  0.00000000e+00  1.14526889e-03  1.20000000e+00  1.14526889e-03 -3.82140121e-06  1.14526889e-03 -1.13277086e-06 
 1.14626889e-03  0.00000000e+00  1.14626889e-03  0.00000000e+00  1.14626889e-03  1.20000000e+00  1.14626889e-03  3.96024829e-06  1.14626889e-03  1.25252057e-06 
 1.14726889e-03  0.00000000e+00  1.14726889e-03  0.00000000e+00  1.14726889e-03  1.20000000e+00  1.14726889e-03 -3.82016453e-06  1.14726889e-03 -1.13279334e-06 
 1.14826889e-03  0.00000000e+00  1.14826889e-03  0.00000000e+00  1.14826889e-03  1.20000000e+00  1.14826889e-03  3.95901140e-06  1.14826889e-03  1.25254305e-06 
 1.14913445e-03  0.00000000e+00  1.14913445e-03  0.00000000e+00  1.14913445e-03  1.20000000e+00  1.14913445e-03 -3.81883185e-06  1.14913445e-03 -1.13281756e-06 
 1.15000000e-03  2.60208521e-10  1.15000000e-03  0.00000000e+00  1.15000000e-03  1.20000000e+00  1.15000000e-03  3.95758242e-06  1.15000000e-03  1.25256901e-06 
 1.15000010e-03  1.20000000e-01  1.15000010e-03  0.00000000e+00  1.15000010e-03  1.20000000e+00  1.15000010e-03  1.71770325e-06  1.15000010e-03  4.34221343e-08 
 1.15000030e-03  3.60000000e-01  1.15000030e-03  0.00000000e+00  1.15000030e-03  1.20000000e+00  1.15000030e-03 -1.59830328e-06  1.15000030e-03  5.47276840e-08 
 1.15000065e-03  7.80000000e-01  1.15000065e-03  0.00000000e+00  1.15000065e-03  1.20000000e+00  1.15000065e-03  5.39605696e-06  1.15000065e-03  7.80124960e-08 
 1.15000100e-03  1.20000000e+00  1.15000100e-03  0.00000000e+00  1.15000100e-03  1.20000000e+00  1.15000100e-03 -1.43250175e-05  1.15000100e-03  1.95369138e-08 
 1.15000104e-03  1.20000000e+00  1.15000104e-03  0.00000000e+00  1.15000104e-03  1.20000000e+00  1.15000104e-03  1.86005406e-05  1.15000104e-03  2.54432991e-07 
 1.15000112e-03  1.20000000e+00  1.15000112e-03  0.00000000e+00  1.15000112e-03  1.20000000e+00  1.15000112e-03 -8.75785639e-06  1.15000112e-03 -3.31120202e-07 
 1.15000128e-03  1.20000000e+00  1.15000128e-03  0.00000000e+00  1.15000128e-03  1.20000000e+00  1.15000128e-03  4.26463747e-06  1.15000128e-03  4.80004849e-07 
 1.15000161e-03  1.20000000e+00  1.15000161e-03  0.00000000e+00  1.15000161e-03  1.20000000e+00  1.15000161e-03 -2.17018522e-06  1.15000161e-03 -3.49341316e-07 
 1.15000226e-03  1.20000000e+00  1.15000226e-03  0.00000000e+00  1.15000226e-03  1.20000000e+00  1.15000226e-03  1.42817123e-06  1.15000226e-03  4.58737814e-07 
 1.15000355e-03  1.20000000e+00  1.15000355e-03  0.00000000e+00  1.15000355e-03  1.20000000e+00  1.15000355e-03 -8.72726166e-07  1.15000355e-03 -3.32771878e-07 
 1.15000615e-03  1.20000000e+00  1.15000615e-03  0.00000000e+00  1.15000615e-03  1.20000000e+00  1.15000615e-03  8.09115351e-07  1.15000615e-03  4.49177741e-07 
 1.15001133e-03  1.20000000e+00  1.15001133e-03  0.00000000e+00  1.15001133e-03  1.20000000e+00  1.15001133e-03 -5.70634148e-07  1.15001133e-03 -3.27697594e-07 
 1.15002171e-03  1.20000000e+00  1.15002171e-03  0.00000000e+00  1.15002171e-03  1.20000000e+00  1.15002171e-03  6.59876810e-07  1.15002171e-03  4.46570144e-07 
 1.15004246e-03  1.20000000e+00  1.15004246e-03  0.00000000e+00  1.15004246e-03  1.20000000e+00  1.15004246e-03 -4.96484198e-07  1.15004246e-03 -3.26376509e-07 
 1.15008395e-03  1.20000000e+00  1.15008395e-03  0.00000000e+00  1.15008395e-03  1.20000000e+00  1.15008395e-03  6.22909687e-07  1.15008395e-03  4.45905346e-07 
 1.15016695e-03  1.20000000e+00  1.15016695e-03  0.00000000e+00  1.15016695e-03  1.20000000e+00  1.15016695e-03 -4.78032173e-07  1.15016695e-03 -3.26043041e-07 
 1.15033293e-03  1.20000000e+00  1.15033293e-03  0.00000000e+00  1.15033293e-03  1.20000000e+00  1.15033293e-03  6.13689265e-07  1.15033293e-03  4.45738352e-07 
 1.15066490e-03  1.20000000e+00  1.15066490e-03  0.00000000e+00  1.15066490e-03  1.20000000e+00  1.15066490e-03 -4.73424502e-07  1.15066490e-03 -3.25959476e-07 
 1.15132885e-03  1.20000000e+00  1.15132885e-03  0.00000000e+00  1.15132885e-03  1.20000000e+00  1.15132885e-03  6.11385494e-07  1.15132885e-03  4.45696553e-07 
 1.15232885e-03  1.20000000e+00  1.15232885e-03  0.00000000e+00  1.15232885e-03  1.20000000e+00  1.15232885e-03 -4.72147063e-07  1.15232885e-03 -3.25936288e-07 
 1.15332885e-03  1.20000000e+00  1.15332885e-03  0.00000000e+00  1.15332885e-03  1.20000000e+00  1.15332885e-03  6.10365949e-07  1.15332885e-03  4.45678046e-07 
 1.15432885e-03  1.20000000e+00  1.15432885e-03  0.00000000e+00  1.15432885e-03  1.20000000e+00  1.15432885e-03 -4.71127739e-07  1.15432885e-03 -3.25917778e-07 
 1.15532885e-03  1.20000000e+00  1.15532885e-03  0.00000000e+00  1.15532885e-03  1.20000000e+00  1.15532885e-03  6.09346509e-07  1.15532885e-03  4.45659535e-07 
 1.15632885e-03  1.20000000e+00  1.15632885e-03  0.00000000e+00  1.15632885e-03  1.20000000e+00  1.15632885e-03 -4.70108519e-07  1.15632885e-03 -3.25899264e-07 
 1.15732885e-03  1.20000000e+00  1.15732885e-03  0.00000000e+00  1.15732885e-03  1.20000000e+00  1.15732885e-03  6.08327173e-07  1.15732885e-03  4.45641020e-07 
 1.15832885e-03  1.20000000e+00  1.15832885e-03  0.00000000e+00  1.15832885e-03  1.20000000e+00  1.15832885e-03 -4.69089404e-07  1.15832885e-03 -3.25880747e-07 
 1.15932885e-03  1.20000000e+00  1.15932885e-03  0.00000000e+00  1.15932885e-03  1.20000000e+00  1.15932885e-03  6.07307942e-07  1.15932885e-03  4.45622501e-07 
 1.16032885e-03  1.20000000e+00  1.16032885e-03  0.00000000e+00  1.16032885e-03  1.20000000e+00  1.16032885e-03 -4.68070393e-07  1.16032885e-03 -3.25862225e-07 
 1.16132885e-03  1.20000000e+00  1.16132885e-03  0.00000000e+00  1.16132885e-03  1.20000000e+00  1.16132885e-03  6.06288815e-07  1.16132885e-03  4.45603977e-07 
 1.16232885e-03  1.20000000e+00  1.16232885e-03  0.00000000e+00  1.16232885e-03  1.20000000e+00  1.16232885e-03 -4.67051486e-07  1.16232885e-03 -3.25843700e-07 
 1.16332885e-03  1.20000000e+00  1.16332885e-03  0.00000000e+00  1.16332885e-03  1.20000000e+00  1.16332885e-03  6.05269793e-07  1.16332885e-03  4.45585451e-07 
 1.16432885e-03  1.20000000e+00  1.16432885e-03  0.00000000e+00  1.16432885e-03  1.20000000e+00  1.16432885e-03 -4.66032685e-07  1.16432885e-03 -3.25825171e-07 
 1.16532885e-03  1.20000000e+00  1.16532885e-03  0.00000000e+00  1.16532885e-03  1.20000000e+00  1.16532885e-03  6.04250875e-07  1.16532885e-03  4.45566920e-07 
 1.16632885e-03  1.20000000e+00  1.16632885e-03  0.00000000e+00  1.16632885e-03  1.20000000e+00  1.16632885e-03 -4.65013987e-07  1.16632885e-03 -3.25806638e-07 
 1.16732885e-03  1.20000000e+00  1.16732885e-03  0.00000000e+00  1.16732885e-03  1.20000000e+00  1.16732885e-03  6.03232062e-07  1.16732885e-03  4.45548386e-07 
 1.16832885e-03  1.20000000e+00  1.16832885e-03  0.00000000e+00  1.16832885e-03  1.20000000e+00  1.16832885e-03 -4.63995394e-07  1.16832885e-03 -3.25788101e-07 
 1.16932885e-03  1.20000000e+00  1.16932885e-03  0.00000000e+00  1.16932885e-03  1.20000000e+00  1.16932885e-03  6.02213353e-07  1.16932885e-03  4.45529847e-07 
 1.17032885e-03  1.20000000e+00  1.17032885e-03  0.00000000e+00  1.17032885e-03  1.20000000e+00  1.17032885e-03 -4.62976906e-07  1.17032885e-03 -3.25769560e-07 
 1.17132885e-03  1.20000000e+00  1.17132885e-03  0.00000000e+00  1.17132885e-03  1.20000000e+00  1.17132885e-03  6.01194749e-07  1.17132885e-03  4.45511305e-07 
 1.17232885e-03  1.20000000e+00  1.17232885e-03  0.00000000e+00  1.17232885e-03  1.20000000e+00  1.17232885e-03 -4.61958522e-07  1.17232885e-03 -3.25751016e-07 
 1.17332885e-03  1.20000000e+00  1.17332885e-03  0.00000000e+00  1.17332885e-03  1.20000000e+00  1.17332885e-03  6.00176250e-07  1.17332885e-03  4.45492759e-07 
 1.17432885e-03  1.20000000e+00  1.17432885e-03  0.00000000e+00  1.17432885e-03  1.20000000e+00  1.17432885e-03 -4.60940242e-07  1.17432885e-03 -3.25732467e-07 
 1.17532885e-03  1.20000000e+00  1.17532885e-03  0.00000000e+00  1.17532885e-03  1.20000000e+00  1.17532885e-03  5.99157855e-07  1.17532885e-03  4.45474208e-07 
 1.17632885e-03  1.20000000e+00  1.17632885e-03  0.00000000e+00  1.17632885e-03  1.20000000e+00  1.17632885e-03 -4.59922067e-07  1.17632885e-03 -3.25713915e-07 
 1.17732885e-03  1.20000000e+00  1.17732885e-03  0.00000000e+00  1.17732885e-03  1.20000000e+00  1.17732885e-03  5.98139564e-07  1.17732885e-03  4.45455655e-07 
 1.17832885e-03  1.20000000e+00  1.17832885e-03  0.00000000e+00  1.17832885e-03  1.20000000e+00  1.17832885e-03 -4.58903997e-07  1.17832885e-03 -3.25695359e-07 
 1.17932885e-03  1.20000000e+00  1.17932885e-03  0.00000000e+00  1.17932885e-03  1.20000000e+00  1.17932885e-03  5.97121378e-07  1.17932885e-03  4.45437097e-07 
 1.18032885e-03  1.20000000e+00  1.18032885e-03  0.00000000e+00  1.18032885e-03  1.20000000e+00  1.18032885e-03 -4.57886030e-07  1.18032885e-03 -3.25676799e-07 
 1.18132885e-03  1.20000000e+00  1.18132885e-03  0.00000000e+00  1.18132885e-03  1.20000000e+00  1.18132885e-03  5.96103296e-07  1.18132885e-03  4.45418535e-07 
 1.18232885e-03  1.20000000e+00  1.18232885e-03  0.00000000e+00  1.18232885e-03  1.20000000e+00  1.18232885e-03 -4.56868169e-07  1.18232885e-03 -3.25658235e-07 
 1.18332885e-03  1.20000000e+00  1.18332885e-03  0.00000000e+00  1.18332885e-03  1.20000000e+00  1.18332885e-03  5.95085319e-07  1.18332885e-03  4.45399970e-07 
 1.18432885e-03  1.20000000e+00  1.18432885e-03  0.00000000e+00  1.18432885e-03  1.20000000e+00  1.18432885e-03 -4.55850412e-07  1.18432885e-03 -3.25639667e-07 
 1.18532885e-03  1.20000000e+00  1.18532885e-03  0.00000000e+00  1.18532885e-03  1.20000000e+00  1.18532885e-03  5.94067446e-07  1.18532885e-03  4.45381400e-07 
 1.18632885e-03  1.20000000e+00  1.18632885e-03  0.00000000e+00  1.18632885e-03  1.20000000e+00  1.18632885e-03 -4.54832759e-07  1.18632885e-03 -3.25621095e-07 
 1.18732885e-03  1.20000000e+00  1.18732885e-03  0.00000000e+00  1.18732885e-03  1.20000000e+00  1.18732885e-03  5.93049678e-07  1.18732885e-03  4.45362827e-07 
 1.18832885e-03  1.20000000e+00  1.18832885e-03  0.00000000e+00  1.18832885e-03  1.20000000e+00  1.18832885e-03 -4.53815211e-07  1.18832885e-03 -3.25602520e-07 
 1.18932885e-03  1.20000000e+00  1.18932885e-03  0.00000000e+00  1.18932885e-03  1.20000000e+00  1.18932885e-03  5.92032014e-07  1.18932885e-03  4.45344250e-07 
 1.19032885e-03  1.20000000e+00  1.19032885e-03  0.00000000e+00  1.19032885e-03  1.20000000e+00  1.19032885e-03 -4.52797766e-07  1.19032885e-03 -3.25583940e-07 
 1.19132885e-03  1.20000000e+00  1.19132885e-03  0.00000000e+00  1.19132885e-03  1.20000000e+00  1.19132885e-03  5.91014455e-07  1.19132885e-03  4.45325669e-07 
 1.19232885e-03  1.20000000e+00  1.19232885e-03  0.00000000e+00  1.19232885e-03  1.20000000e+00  1.19232885e-03 -4.51780427e-07  1.19232885e-03 -3.25565357e-07 
 1.19332885e-03  1.20000000e+00  1.19332885e-03  0.00000000e+00  1.19332885e-03  1.20000000e+00  1.19332885e-03  5.89997000e-07  1.19332885e-03  4.45307084e-07 
 1.19432885e-03  1.20000000e+00  1.19432885e-03  0.00000000e+00  1.19432885e-03  1.20000000e+00  1.19432885e-03 -4.50763192e-07  1.19432885e-03 -3.25546770e-07 
 1.19532885e-03  1.20000000e+00  1.19532885e-03  0.00000000e+00  1.19532885e-03  1.20000000e+00  1.19532885e-03  5.88979650e-07  1.19532885e-03  4.45288495e-07 
 1.19632885e-03  1.20000000e+00  1.19632885e-03  0.00000000e+00  1.19632885e-03  1.20000000e+00  1.19632885e-03 -4.49746061e-07  1.19632885e-03 -3.25528179e-07 
 1.19732885e-03  1.20000000e+00  1.19732885e-03  0.00000000e+00  1.19732885e-03  1.20000000e+00  1.19732885e-03  5.87962404e-07  1.19732885e-03  4.45269903e-07 
 1.19832885e-03  1.20000000e+00  1.19832885e-03  0.00000000e+00  1.19832885e-03  1.20000000e+00  1.19832885e-03 -4.48729035e-07  1.19832885e-03 -3.25509584e-07 
 1.19916492e-03  1.20000000e+00  1.19916492e-03  0.00000000e+00  1.19916492e-03  1.20000000e+00  1.19916492e-03  5.86845557e-07  1.19916492e-03  4.45249483e-07 
 1.20000100e-03  1.20000000e+00  1.20000100e-03  0.00000000e+00  1.20000100e-03  1.20000000e+00  1.20000100e-03 -4.47512746e-07  1.20000100e-03 -3.25487338e-07 
 1.20000110e-03  1.08000000e+00  1.20000110e-03  0.00000000e+00  1.20000110e-03  1.20000000e+00  1.20000110e-03 -1.08650529e-06  1.20000110e-03  3.18622429e-08 
 1.20000130e-03  8.40000000e-01  1.20000130e-03  0.00000000e+00  1.20000130e-03  1.20000000e+00  1.20000130e-03  9.98008082e-07  1.20000130e-03  9.52577094e-08 
 1.20000165e-03  4.20000000e-01  1.20000165e-03  0.00000000e+00  1.20000165e-03  1.20000000e+00  1.20000165e-03 -7.69849229e-06  1.20000165e-03  2.13698916e-08 
 1.20000200e-03  6.24209573e-11  1.20000200e-03  0.00000000e+00  1.20000200e-03  1.20000000e+00  1.20000200e-03  2.53556421e-05  1.20000200e-03  1.07905688e-07 
 1.20000204e-03  0.00000000e+00  1.20000204e-03  0.00000000e+00  1.20000204e-03  1.20000000e+00  1.20000204e-03 -3.12730669e-05  1.20000204e-03 -2.40121457e-07 
 1.20000212e-03  0.00000000e+00  1.20000212e-03  0.00000000e+00  1.20000212e-03  1.20000000e+00  1.20000212e-03  1.16354725e-05  1.20000212e-03  9.07362248e-07 
 1.20000227e-03  0.00000000e+00  1.20000227e-03  0.00000000e+00  1.20000227e-03  1.20000000e+00  1.20000227e-03 -7.93278557e-06  1.20000227e-03 -1.01321560e-06 
 1.20000258e-03  0.00000000e+00  1.20000258e-03  0.00000000e+00  1.20000258e-03  1.20000000e+00  1.20000258e-03  6.02156180e-06  1.20000258e-03  1.20441296e-06 
 1.20000320e-03  0.00000000e+00  1.20000320e-03  0.00000000e+00  1.20000320e-03  1.20000000e+00  1.20000320e-03 -4.85750060e-06  1.20000320e-03 -1.11129176e-06 
 1.20000444e-03  0.00000000e+00  1.20000444e-03  0.00000000e+00  1.20000444e-03  1.20000000e+00  1.20000444e-03  4.48984809e-06  1.20000444e-03  1.24220911e-06 
 1.20000691e-03  0.00000000e+00  1.20000691e-03  0.00000000e+00  1.20000691e-03  1.20000000e+00  1.20000691e-03 -4.09833228e-06  1.20000691e-03 -1.12754946e-06 
 1.20001186e-03  0.00000000e+00  1.20001186e-03  0.00000000e+00  1.20001186e-03  1.20000000e+00  1.20001186e-03  4.11231629e-06  1.20001186e-03  1.24970068e-06 
 1.20002176e-03  0.00000000e+00  1.20002176e-03  0.00000000e+00  1.20002176e-03  1.20000000e+00  1.20002176e-03 -3.91018855e-06  1.20002176e-03 -1.13113797e-06 
 1.20004155e-03  0.00000000e+00  1.20004155e-03  0.00000000e+00  1.20004155e-03  1.20000000e+00  1.20004155e-03  4.01837933e-06  1.20004155e-03  1.25145627e-06 
 1.20008114e-03  0.00000000e+00  1.20008114e-03  0.00000000e+00  1.20008114e-03  1.20000000e+00  1.20008114e-03 -3.86326796e-06  1.20008114e-03 -1.13200598e-06 
 1.20016033e-03  0.00000000e+00  1.20016033e-03  0.00000000e+00  1.20016033e-03  1.20000000e+00  1.20016033e-03  3.99492445e-06  1.20016033e-03  1.25188791e-06 
 1.20031869e-03  0.00000000e+00  1.20031869e-03  0.00000000e+00  1.20031869e-03  1.20000000e+00  1.20031869e-03 -3.85154521e-06  1.20031869e-03 -1.13222117e-06 
 1.20063543e-03  0.00000000e+00  1.20063543e-03  0.00000000e+00  1.20063543e-03  1.20000000e+00  1.20063543e-03  3.98906259e-06  1.20063543e-03  1.25199537e-06 
 1.20126889e-03  0.00000000e+00  1.20126889e-03  0.00000000e+00  1.20126889e-03  1.20000000e+00  1.20126889e-03 -3.84861499e-06  1.20126889e-03 -1.13227486e-06 
 1.20226889e-03  0.00000000e+00  1.20226889e-03  0.00000000e+00  1.20226889e-03  1.20000000e+00  1.20226889e-03  3.98746686e-06  1.20226889e-03  1.25202460e-06 
 1.20326889e-03  0.00000000e+00  1.20326889e-03  0.00000000e+00  1.20326889e-03  1.20000000e+00  1.20326889e-03 -3.84737758e-06  1.20326889e-03 -1.13229752e-06 
 1.20426889e-03  0.00000000e+00  1.20426889e-03  0.00000000e+00  1.20426889e-03  1.20000000e+00  1.20426889e-03  3.98622923e-06  1.20426889e-03  1.25204725e-06 
 1.20526889e-03  0.00000000e+00  1.20526889e-03  0.00000000e+00  1.20526889e-03  1.20000000e+00  1.20526889e-03 -3.84614021e-06  1.20526889e-03 -1.13232017e-06 
 1.20626889e-03  0.00000000e+00  1.20626889e-03  0.00000000e+00  1.20626889e-03  1.20000000e+00  1.20626889e-03  3.98499164e-06  1.20626889e-03  1.25206990e-06 
 1.20726889e-03  0.00000000e+00  1.20726889e-03  0.00000000e+00  1.20726889e-03  1.20000000e+00  1.20726889e-03 -3.84490286e-06  1.20726889e-03 -1.13234281e-06 
 1.20826889e-03  0.00000000e+00  1.20826889e-03  0.00000000e+00  1.20826889e-03  1.20000000e+00  1.20826889e-03  3.98375408e-06  1.20826889e-03  1.25209254e-06 
 1.20926889e-03  0.00000000e+00  1.20926889e-03  0.00000000e+00  1.20926889e-03  1.20000000e+00  1.20926889e-03 -3.84366555e-06  1.20926889e-03 -1.13236544e-06 
 1.21026889e-03  0.00000000e+00  1.21026889e-03  0.00000000e+00  1.21026889e-03  1.20000000e+00  1.21026889e-03  3.98251655e-06  1.21026889e-03  1.25211518e-06 
 1.21126889e-03  0.00000000e+00  1.21126889e-03  0.00000000e+00  1.21126889e-03  1.20000000e+00  1.21126889e-03 -3.84242828e-06  1.21126889e-03 -1.13238807e-06 
 1.21226889e-03  0.00000000e+00  1.21226889e-03  0.00000000e+00  1.21226889e-03  1.20000000e+00  1.21226889e-03  3.98127906e-06  1.21226889e-03  1.25213780e-06 
 1.21326889e-03  0.00000000e+00  1.21326889e-03  0.00000000e+00  1.21326889e-03  1.20000000e+00  1.21326889e-03 -3.84119103e-06  1.21326889e-03 -1.13241069e-06 
 1.21426889e-03  0.00000000e+00  1.21426889e-03  0.00000000e+00  1.21426889e-03  1.20000000e+00  1.21426889e-03  3.98004160e-06  1.21426889e-03  1.25216042e-06 
 1.21526889e-03  0.00000000e+00  1.21526889e-03  0.00000000e+00  1.21526889e-03  1.20000000e+00  1.21526889e-03 -3.83995382e-06  1.21526889e-03 -1.13243330e-06 
 1.21626889e-03  0.00000000e+00  1.21626889e-03  0.00000000e+00  1.21626889e-03  1.20000000e+00  1.21626889e-03  3.97880417e-06  1.21626889e-03  1.25218303e-06 
 1.21726889e-03  0.00000000e+00  1.21726889e-03  0.00000000e+00  1.21726889e-03  1.20000000e+00  1.21726889e-03 -3.83871665e-06  1.21726889e-03 -1.13245590e-06 
 1.21826889e-03  0.00000000e+00  1.21826889e-03  0.00000000e+00  1.21826889e-03  1.20000000e+00  1.21826889e-03  3.97756678e-06  1.21826889e-03  1.25220563e-06 
 1.21926889e-03  0.00000000e+00  1.21926889e-03  0.00000000e+00  1.21926889e-03  1.20000000e+00  1.21926889e-03 -3.83747951e-06  1.21926889e-03 -1.13247849e-06 
 1.22026889e-03  0.00000000e+00  1.22026889e-03  0.00000000e+00  1.22026889e-03  1.20000000e+00  1.22026889e-03  3.97632942e-06  1.22026889e-03  1.25222822e-06 
 1.22126889e-03  0.00000000e+00  1.22126889e-03  0.00000000e+00  1.22126889e-03  1.20000000e+00  1.22126889e-03 -3.83624240e-06  1.22126889e-03 -1.13250108e-06 
 1.22226889e-03  0.00000000e+00  1.22226889e-03  0.00000000e+00  1.22226889e-03  1.20000000e+00  1.22226889e-03  3.97509209e-06  1.22226889e-03  1.25225080e-06 
 1.22326889e-03  0.00000000e+00  1.22326889e-03  0.00000000e+00  1.22326889e-03  1.20000000e+00  1.22326889e-03 -3.83500532e-06  1.22326889e-03 -1.13252366e-06 
 1.22413445e-03  0.00000000e+00  1.22413445e-03  0.00000000e+00  1.22413445e-03  1.20000000e+00  1.22413445e-03  3.97375870e-06  1.22413445e-03  1.25227513e-06 
 1.22500000e-03  0.00000000e+00  1.22500000e-03  0.00000000e+00  1.22500000e-03  1.20000000e+00  1.22500000e-03 -3.83357613e-06  1.22500000e-03 -1.13254973e-06 
 1.22500010e-03  0.00000000e+00  1.22500010e-03  1.20000000e-01  1.22500010e-03  1.20000000e+00  1.22500010e-03 -1.40993381e-06  1.22500010e-03  7.66663196e-08 
 1.22500030e-03  0.00000000e+00  1.22500030e-03  3.60000000e-01  1.22500030e-03  1.20000000e+00  1.22500030e-03  1.39145225e-06  1.22500030e-03  6.36789352e-08 
 1.22500065e-03  0.00000000e+00  1.22500065e-03  7.80000000e-01  1.22500065e-03  1.20000000e+00  1.22500065e-03 -1.14730564e-06  1.22500065e-03  4.62567249e-08 
 1.22500100e-03  0.00000000e+00  1.22500100e-03  1.20000000e+00  1.22500100e-03  1.20000000e+00  1.22500100e-03  1.17606521e-06  1.22500100e-03  8.19907991e-08 
 1.22500107e-03  0.00000000e+00  1.22500107e-03  1.20000000e+00  1.22500107e-03  1.20000000e+00  1.22500107e-03  2.11740680e-07  1.22500107e-03  5.14880771e-08 
 1.22500120e-03  0.00000000e+00  1.22500120e-03  1.20000000e+00  1.22500120e-03  1.20000000e+00  1.22500120e-03 -6.16427535e-08  1.22500120e-03  6.49038626e-08 
 1.22500147e-03  0.00000000e+00  1.22500147e-03  1.20000000e+00  1.22500147e-03  1.20000000e+00  1.22500147e-03  1.90928292e-07  1.22500147e-03  5.62230201e-08 
 1.22500200e-03  0.00000000e+00  1.22500200e-03  1.20000000e+00  1.22500200e-03  1.20000000e+00  1.22500200e-03 -4.71917179e-08  1.22500200e-03  6.29083300e-08 
 1.22500297e-03  0.00000000e+00  1.22500297e-03  1.20000000e+00  1.22500297e-03  1.20000000e+00  1.22500297e-03  1.82924797e-07  1.22500297e-03  5.71649091e-08 
 1.22500489e-03  0.00000000e+00  1.22500489e-03  1.20000000e+00  1.22500489e-03  1.20000000e+00  1.22500489e-03 -4.28127375e-08  1.22500489e-03  6.24271016e-08 
 1.22500874e-03  0.00000000e+00  1.22500874e-03  1.20000000e+00  1.22500874e-03  1.20000000e+00  1.22500874e-03  1.80717935e-07  1.22500874e-03  5.73991043e-08 
 1.22501644e-03  0.00000000e+00  1.22501644e-03  1.20000000e+00  1.22501644e-03  1.20000000e+00  1.22501644e-03 -4.17056780e-08  1.22501644e-03  6.23115873e-08 
 1.22503184e-03  0.00000000e+00  1.22503184e-03  1.20000000e+00  1.22503184e-03  1.20000000e+00  1.22503184e-03  1.80163585e-07  1.22503184e-03  5.74564682e-08 
 1.22506264e-03  0.00000000e+00  1.22506264e-03  1.20000000e+00  1.22506264e-03  1.20000000e+00  1.22506264e-03 -4.14283076e-08  1.22506264e-03  6.22830032e-08 
 1.22512424e-03  0.00000000e+00  1.22512424e-03  1.20000000e+00  1.22512424e-03  1.20000000e+00  1.22512424e-03  1.80024852e-07  1.22512424e-03  5.74707356e-08 
 1.22524744e-03  0.00000000e+00  1.22524744e-03  1.20000000e+00  1.22524744e-03  1.20000000e+00  1.22524744e-03 -4.13589295e-08  1.22524744e-03  6.22758757e-08 
 1.22549384e-03  0.00000000e+00  1.22549384e-03  1.20000000e+00  1.22549384e-03  1.20000000e+00  1.22549384e-03  1.79990161e-07  1.22549384e-03  5.74742981e-08 
 1.22598663e-03  0.00000000e+00  1.22598663e-03  1.20000000e+00  1.22598663e-03  1.20000000e+00  1.22598663e-03 -4.13415826e-08  1.22598663e-03  6.22740946e-08 
 1.22697222e-03  0.00000000e+00  1.22697222e-03  1.20000000e+00  1.22697222e-03  1.20000000e+00  1.22697222e-03  1.79981487e-07  1.22697222e-03  5.74751884e-08 
 1.22797222e-03  0.00000000e+00  1.22797222e-03  1.20000000e+00  1.22797222e-03  1.20000000e+00  1.22797222e-03 -4.13358417e-08  1.22797222e-03  6.22735054e-08 
 1.22897222e-03  0.00000000e+00  1.22897222e-03  1.20000000e+00  1.22897222e-03  1.20000000e+00  1.22897222e-03  1.79975789e-07  1.22897222e-03  5.74757734e-08 
 1.22997222e-03  0.00000000e+00  1.22997222e-03  1.20000000e+00  1.22997222e-03  1.20000000e+00  1.22997222e-03 -4.13301425e-08  1.22997222e-03  6.22729206e-08 
 1.23097222e-03  0.00000000e+00  1.23097222e-03  1.20000000e+00  1.23097222e-03  1.20000000e+00  1.23097222e-03  1.79970089e-07  1.23097222e-03  5.74763581e-08 
 1.23197222e-03  0.00000000e+00  1.23197222e-03  1.20000000e+00  1.23197222e-03  1.20000000e+00  1.23197222e-03 -4.13244431e-08  1.23197222e-03  6.22723359e-08 
 1.23297222e-03  0.00000000e+00  1.23297222e-03  1.20000000e+00  1.23297222e-03  1.20000000e+00  1.23297222e-03  1.79964390e-07  1.23297222e-03  5.74769431e-08 
 1.23397222e-03  0.00000000e+00  1.23397222e-03  1.20000000e+00  1.23397222e-03  1.20000000e+00  1.23397222e-03 -4.13187437e-08  1.23397222e-03  6.22717510e-08 
 1.23497222e-03  0.00000000e+00  1.23497222e-03  1.20000000e+00  1.23497222e-03  1.20000000e+00  1.23497222e-03  1.79958691e-07  1.23497222e-03  5.74775277e-08 
 1.23597222e-03  0.00000000e+00  1.23597222e-03  1.20000000e+00  1.23597222e-03  1.20000000e+00  1.23597222e-03 -4.13130442e-08  1.23597222e-03  6.22711664e-08 
 1.23697222e-03  0.00000000e+00  1.23697222e-03  1.20000000e+00  1.23697222e-03  1.20000000e+00  1.23697222e-03  1.79952991e-07  1.23697222e-03  5.74781125e-08 
 1.23797222e-03  0.00000000e+00  1.23797222e-03  1.20000000e+00  1.23797222e-03  1.20000000e+00  1.23797222e-03 -4.13073446e-08  1.23797222e-03  6.22705816e-08 
 1.23897222e-03  0.00000000e+00  1.23897222e-03  1.20000000e+00  1.23897222e-03  1.20000000e+00  1.23897222e-03  1.79947291e-07  1.23897222e-03  5.74786973e-08 
 1.23997222e-03  0.00000000e+00  1.23997222e-03  1.20000000e+00  1.23997222e-03  1.20000000e+00  1.23997222e-03 -4.13016450e-08  1.23997222e-03  6.22699971e-08 
 1.24097222e-03  0.00000000e+00  1.24097222e-03  1.20000000e+00  1.24097222e-03  1.20000000e+00  1.24097222e-03  1.79941592e-07  1.24097222e-03  5.74792818e-08 
 1.24197222e-03  0.00000000e+00  1.24197222e-03  1.20000000e+00  1.24197222e-03  1.20000000e+00  1.24197222e-03 -4.12959453e-08  1.24197222e-03  6.22694124e-08 
 1.24297222e-03  0.00000000e+00  1.24297222e-03  1.20000000e+00  1.24297222e-03  1.20000000e+00  1.24297222e-03  1.79935892e-07  1.24297222e-03  5.74798664e-08 
 1.24397222e-03  0.00000000e+00  1.24397222e-03  1.20000000e+00  1.24397222e-03  1.20000000e+00  1.24397222e-03 -4.12902455e-08  1.24397222e-03  6.22688279e-08 
 1.24497222e-03  0.00000000e+00  1.24497222e-03  1.20000000e+00  1.24497222e-03  1.20000000e+00  1.24497222e-03  1.79930192e-07  1.24497222e-03  5.74804508e-08 
 1.24597222e-03  0.00000000e+00  1.24597222e-03  1.20000000e+00  1.24597222e-03  1.20000000e+00  1.24597222e-03 -4.12845454e-08  1.24597222e-03  6.22682433e-08 
 1.24697222e-03  0.00000000e+00  1.24697222e-03  1.20000000e+00  1.24697222e-03  1.20000000e+00  1.24697222e-03  1.79924492e-07  1.24697222e-03  5.74810354e-08 
 1.24797222e-03  0.00000000e+00  1.24797222e-03  1.20000000e+00  1.24797222e-03  1.20000000e+00  1.24797222e-03 -4.12788454e-08  1.24797222e-03  6.22676590e-08 
 1.24897222e-03  0.00000000e+00  1.24897222e-03  1.20000000e+00  1.24897222e-03  1.20000000e+00  1.24897222e-03  1.79918792e-07  1.24897222e-03  5.74816199e-08 
 1.24948611e-03  0.00000000e+00  1.24948611e-03  1.20000000e+00  1.24948611e-03  1.20000000e+00  1.24948611e-03 -4.12704494e-08  1.24948611e-03  6.22667980e-08 
 1.25000000e-03  0.00000000e+00  1.25000000e-03  1.20000000e+00  1.25000000e-03  1.20000000e+00  1.25000000e-03  1.79907700e-07  1.25000000e-03  5.74827568e-08 
 1.25000010e-03  1.20000000e-01  1.25000010e-03  1.20000000e+00  1.25000010e-03  1.20000000e+00  1.25000010e-03  2.49527286e-07  1.25000010e-03  5.94454541e-08 
 1.25000030e-03  3.60000000e-01  1.25000030e-03  1.20000000e+00  1.25000030e-03  1.20000000e+00  1.25000030e-03 -3.01915462e-07  1.25000030e-03  5.91160667e-08 
 1.25000065e-03  7.80000000e-01  1.25000065e-03  1.20000000e+00  1.25000065e-03  1.20000000e+00  1.25000065e-03  4.20572297e-06  1.25000065e-03  6.39415348e-08 
 1.25000082e-03  9.90000000e-01  1.25000082e-03  1.20000000e+00  1.25000082e-03  1.20000000e+00  1.25000082e-03 -2.53397310e-05  1.25000082e-03 -3.84352144e-09 
 1.25000100e-03  1.20000000e+00  1.25000100e-03  1.20000000e+00  1.25000100e-03  1.20000000e+00  1.25000100e-03  5.04210558e-05  1.25000100e-03  3.23121425e-07 
 1.25000103e-03  1.20000000e+00  1.25000103e-03  1.20000000e+00  1.25000103e-03  1.20000000e+00  1.25000103e-03 -1.89825605e-05  1.25000103e-03 -5.13791701e-07 
 1.25000110e-03  1.20000000e+00  1.25000110e-03  1.20000000e+00  1.25000110e-03  1.20000000e+00  1.25000110e-03  3.63784175e-06  1.25000110e-03  8.22970921e-07 
 1.25000124e-03  1.20000000e+00  1.25000124e-03  1.20000000e+00  1.25000124e-03  1.20000000e+00  1.25000124e-03  2.03582080e-06  1.25000124e-03 -6.37728814e-07 
 1.25000152e-03  1.20000000e+00  1.25000152e-03  1.20000000e+00  1.25000152e-03  1.20000000e+00  1.25000152e-03 -3.95438446e-06  1.25000152e-03  6.95735304e-07 
 1.25000208e-03  1.20000000e+00  1.25000208e-03  1.20000000e+00  1.25000208e-03  1.20000000e+00  1.25000208e-03  4.95996888e-06  1.25000208e-03 -5.40694350e-07 
 1.25000320e-03  1.20000000e+00  1.25000320e-03  1.20000000e+00  1.25000320e-03  1.20000000e+00  1.25000320e-03 -5.21834918e-06  1.25000320e-03  6.41994529e-07 
 1.25000544e-03  1.20000000e+00  1.25000544e-03  1.20000000e+00  1.25000544e-03  1.20000000e+00  1.25000544e-03  5.54535991e-06  1.25000544e-03 -5.12839039e-07 
 1.25000992e-03  1.20000000e+00  1.25000992e-03  1.20000000e+00  1.25000992e-03  1.20000000e+00  1.25000992e-03 -5.49982106e-06  1.25000992e-03  6.27856402e-07 
 1.25001888e-03  1.20000000e+00  1.25001888e-03  1.20000000e+00  1.25001888e-03  1.20000000e+00  1.25001888e-03  5.68333224e-06  1.25001888e-03 -5.05721590e-07 
 1.25003680e-03  1.20000000e+00  1.25003680e-03  1.20000000e+00  1.25003680e-03  1.20000000e+00  1.25003680e-03 -5.56812467e-06  1.25003680e-03  6.24286073e-07 
 1.25007264e-03  1.20000000e+00  1.25007264e-03  1.20000000e+00  1.25007264e-03  1.20000000e+00  1.25007264e-03  5.71731343e-06  1.25007264e-03 -5.03933597e-07 
 1.25014432e-03  1.20000000e+00  1.25014432e-03  1.20000000e+00  1.25014432e-03  1.20000000e+00  1.25014432e-03 -5.58507302e-06  1.25014432e-03  6.23391372e-07 
 1.25028768e-03  1.20000000e+00  1.25028768e-03  1.20000000e+00  1.25028768e-03  1.20000000e+00  1.25028768e-03  5.72577692e-06  1.25028768e-03 -5.03486074e-07 
 1.25057440e-03  1.20000000e+00  1.25057440e-03  1.20000000e+00  1.25057440e-03  1.20000000e+00  1.25057440e-03 -5.58930216e-06  1.25057440e-03  6.23167566e-07 
 1.25114784e-03  1.20000000e+00  1.25114784e-03  1.20000000e+00  1.25114784e-03  1.20000000e+00  1.25114784e-03  5.72789080e-06  1.25114784e-03 -5.03374160e-07 
 1.25214784e-03  1.20000000e+00  1.25214784e-03  1.20000000e+00  1.25214784e-03  1.20000000e+00  1.25214784e-03 -5.59041068e-06  1.25214784e-03  6.23108867e-07 
 1.25314784e-03  1.20000000e+00  1.25314784e-03  1.20000000e+00  1.25314784e-03  1.20000000e+00  1.25314784e-03  5.72869872e-06  1.25314784e-03 -5.03331373e-07 
 1.25414784e-03  1.20000000e+00  1.25414784e-03  1.20000000e+00  1.25414784e-03  1.20000000e+00  1.25414784e-03 -5.59121855e-06  1.25414784e-03  6.23066079e-07 
 1.25514784e-03  1.20000000e+00  1.25514784e-03  1.20000000e+00  1.25514784e-03  1.20000000e+00  1.25514784e-03  5.72950651e-06  1.25514784e-03 -5.03288584e-07 
 1.25614784e-03  1.20000000e+00  1.25614784e-03  1.20000000e+00  1.25614784e-03  1.20000000e+00  1.25614784e-03 -5.59202630e-06  1.25614784e-03  6.23023288e-07 
 1.25714784e-03  1.20000000e+00  1.25714784e-03  1.20000000e+00  1.25714784e-03  1.20000000e+00  1.25714784e-03  5.73031420e-06  1.25714784e-03 -5.03245793e-07 
 1.25814784e-03  1.20000000e+00  1.25814784e-03  1.20000000e+00  1.25814784e-03  1.20000000e+00  1.25814784e-03 -5.59283393e-06  1.25814784e-03  6.22980496e-07 
 1.25914784e-03  1.20000000e+00  1.25914784e-03  1.20000000e+00  1.25914784e-03  1.20000000e+00  1.25914784e-03  5.73112176e-06  1.25914784e-03 -5.03203000e-07 
 1.26014784e-03  1.20000000e+00  1.26014784e-03  1.20000000e+00  1.26014784e-03  1.20000000e+00  1.26014784e-03 -5.59364145e-06  1.26014784e-03  6.22937702e-07 
 1.26114784e-03  1.20000000e+00  1.26114784e-03  1.20000000e+00  1.26114784e-03  1.20000000e+00  1.26114784e-03  5.73192921e-06  1.26114784e-03 -5.03160206e-07 
 1.26214784e-03  1.20000000e+00  1.26214784e-03  1.20000000e+00  1.26214784e-03  1.20000000e+00  1.26214784e-03 -5.59444885e-06  1.26214784e-03  6.22894906e-07 
 1.26314784e-03  1.20000000e+00  1.26314784e-03  1.20000000e+00  1.26314784e-03  1.20000000e+00  1.26314784e-03  5.73273655e-06  1.26314784e-03 -5.03117409e-07 
 1.26414784e-03  1.20000000e+00  1.26414784e-03  1.20000000e+00  1.26414784e-03  1.20000000e+00  1.26414784e-03 -5.59525613e-06  1.26414784e-03  6.22852109e-07 
 1.26514784e-03  1.20000000e+00  1.26514784e-03  1.20000000e+00  1.26514784e-03  1.20000000e+00  1.26514784e-03  5.73354377e-06  1.26514784e-03 -5.03074611e-07 
 1.26614784e-03  1.20000000e+00  1.26614784e-03  1.20000000e+00  1.26614784e-03  1.20000000e+00  1.26614784e-03 -5.59606330e-06  1.26614784e-03  6.22809309e-07 
 1.26714784e-03  1.20000000e+00  1.26714784e-03  1.20000000e+00  1.26714784e-03  1.20000000e+00  1.26714784e-03  5.73435087e-06  1.26714784e-03 -5.03031810e-07 
 1.26814784e-03  1.20000000e+00  1.26814784e-03  1.20000000e+00  1.26814784e-03  1.20000000e+00  1.26814784e-03 -5.59687035e-06  1.26814784e-03  6.22766508e-07 
 1.26914784e-03  1.20000000e+00  1.26914784e-03  1.20000000e+00  1.26914784e-03  1.20000000e+00  1.26914784e-03  5.73515786e-06  1.26914784e-03 -5.02989008e-07 
 1.27014784e-03  1.20000000e+00  1.27014784e-03  1.20000000e+00  1.27014784e-03  1.20000000e+00  1.27014784e-03 -5.59767729e-06  1.27014784e-03  6.22723704e-07 
 1.27114784e-03  1.20000000e+00  1.27114784e-03  1.20000000e+00  1.27114784e-03  1.20000000e+00  1.27114784e-03  5.73596473e-06  1.27114784e-03 -5.02946204e-07 
 1.27214784e-03  1.20000000e+00  1.27214784e-03  1.20000000e+00  1.27214784e-03  1.20000000e+00  1.27214784e-03 -5.59848411e-06  1.27214784e-03  6.22680899e-07 
 1.27314784e-03  1.20000000e+00  1.27314784e-03  1.20000000e+00  1.27314784e-03  1.20000000e+00  1.27314784e-03  5.73677148e-06  1.27314784e-03 -5.02903398e-07 
 1.27414784e-03  1.20000000e+00  1.27414784e-03  1.20000000e+00  1.27414784e-03  1.20000000e+00  1.27414784e-03 -5.59929081e-06  1.27414784e-03  6.22638091e-07 
 1.27514784e-03  1.20000000e+00  1.27514784e-03  1.20000000e+00  1.27514784e-03  1.20000000e+00  1.27514784e-03  5.73757812e-06  1.27514784e-03 -5.02860589e-07 
 1.27614784e-03  1.20000000e+00  1.27614784e-03  1.20000000e+00  1.27614784e-03  1.20000000e+00  1.27614784e-03 -5.60009740e-06  1.27614784e-03  6.22595282e-07 
 1.27714784e-03  1.20000000e+00  1.27714784e-03  1.20000000e+00  1.27714784e-03  1.20000000e+00  1.27714784e-03  5.73838464e-06  1.27714784e-03 -5.02817779e-07 
 1.27814784e-03  1.20000000e+00  1.27814784e-03  1.20000000e+00  1.27814784e-03  1.20000000e+00  1.27814784e-03 -5.60090388e-06  1.27814784e-03  6.22552471e-07 
 1.27914784e-03  1.20000000e+00  1.27914784e-03  1.20000000e+00  1.27914784e-03  1.20000000e+00  1.27914784e-03  5.73919105e-06  1.27914784e-03 -5.02774968e-07 
 1.28014784e-03  1.20000000e+00  1.28014784e-03  1.20000000e+00  1.28014784e-03  1.20000000e+00  1.28014784e-03 -5.60171023e-06  1.28014784e-03  6.22509659e-07 
 1.28114784e-03  1.20000000e+00  1.28114784e-03  1.20000000e+00  1.28114784e-03  1.20000000e+00  1.28114784e-03  5.73999734e-06  1.28114784e-03 -5.02732154e-07 
 1.28214784e-03  1.20000000e+00  1.28214784e-03  1.20000000e+00  1.28214784e-03  1.20000000e+00  1.28214784e-03 -5.60251647e-06  1.28214784e-03  6.22466844e-07 
 1.28314784e-03  1.20000000e+00  1.28314784e-03  1.20000000e+00  1.28314784e-03  1.20000000e+00  1.28314784e-03  5.74080352e-06  1.28314784e-03 -5.02689338e-07 
 1.28414784e-03  1.20000000e+00  1.28414784e-03  1.20000000e+00  1.28414784e-03  1.20000000e+00  1.28414784e-03 -5.60332260e-06  1.28414784e-03  6.22424027e-07 
 1.28514784e-03  1.20000000e+00  1.28514784e-03  1.20000000e+00  1.28514784e-03  1.20000000e+00  1.28514784e-03  5.74160958e-06  1.28514784e-03 -5.02646521e-07 
 1.28614784e-03  1.20000000e+00  1.28614784e-03  1.20000000e+00  1.28614784e-03  1.20000000e+00  1.28614784e-03 -5.60412861e-06  1.28614784e-03  6.22381209e-07 
 1.28714784e-03  1.20000000e+00  1.28714784e-03  1.20000000e+00  1.28714784e-03  1.20000000e+00  1.28714784e-03  5.74241552e-06  1.28714784e-03 -5.02603702e-07 
 1.28814784e-03  1.20000000e+00  1.28814784e-03  1.20000000e+00  1.28814784e-03  1.20000000e+00  1.28814784e-03 -5.60493450e-06  1.28814784e-03  6.22338388e-07 
 1.28914784e-03  1.20000000e+00  1.28914784e-03  1.20000000e+00  1.28914784e-03  1.20000000e+00  1.28914784e-03  5.74322135e-06  1.28914784e-03 -5.02560881e-07 
 1.29014784e-03  1.20000000e+00  1.29014784e-03  1.20000000e+00  1.29014784e-03  1.20000000e+00  1.29014784e-03 -5.60574028e-06  1.29014784e-03  6.22295566e-07 
 1.29114784e-03  1.20000000e+00  1.29114784e-03  1.20000000e+00  1.29114784e-03  1.20000000e+00  1.29114784e-03  5.74402706e-06  1.29114784e-03 -5.02518057e-07 
 1.29214784e-03  1.20000000e+00  1.29214784e-03  1.20000000e+00  1.29214784e-03  1.20000000e+00  1.29214784e-03 -5.60654594e-06  1.29214784e-03  6.22252741e-07 
 1.29314784e-03  1.20000000e+00  1.29314784e-03  1.20000000e+00  1.29314784e-03  1.20000000e+00  1.29314784e-03  5.74483265e-06  1.29314784e-03 -5.02475232e-07 
 1.29414784e-03  1.20000000e+00  1.29414784e-03  1.20000000e+00  1.29414784e-03  1.20000000e+00  1.29414784e-03 -5.60735148e-06  1.29414784e-03  6.22209915e-07 
 1.29514784e-03  1.20000000e+00  1.29514784e-03  1.20000000e+00  1.29514784e-03  1.20000000e+00  1.29514784e-03  5.74563813e-06  1.29514784e-03 -5.02432405e-07 
 1.29614784e-03  1.20000000e+00  1.29614784e-03  1.20000000e+00  1.29614784e-03  1.20000000e+00  1.29614784e-03 -5.60815691e-06  1.29614784e-03  6.22167087e-07 
 1.29714784e-03  1.20000000e+00  1.29714784e-03  1.20000000e+00  1.29714784e-03  1.20000000e+00  1.29714784e-03  5.74644350e-06  1.29714784e-03 -5.02389577e-07 
 1.29814784e-03  1.20000000e+00  1.29814784e-03  1.20000000e+00  1.29814784e-03  1.20000000e+00  1.29814784e-03 -5.60896223e-06  1.29814784e-03  6.22124258e-07 
 1.29907442e-03  1.20000000e+00  1.29907442e-03  1.20000000e+00  1.29907442e-03  1.20000000e+00  1.29907442e-03  5.74728065e-06  1.29907442e-03 -5.02345049e-07 
 1.30000100e-03  1.20000000e+00  1.30000100e-03  1.20000000e+00  1.30000100e-03  1.20000000e+00  1.30000100e-03 -5.60983122e-06  1.30000100e-03  6.22078031e-07 
 1.30000110e-03  1.08000000e+00  1.30000110e-03  1.20000000e+00  1.30000110e-03  1.20000000e+00  1.30000110e-03  8.70221637e-07  1.30000110e-03  1.15164754e-07 
 1.30000130e-03  8.40000000e-01  1.30000130e-03  1.20000000e+00  1.30000130e-03  1.20000000e+00  1.30000130e-03 -3.60754960e-07  1.30000130e-03  3.21317511e-09 
 1.30000165e-03  4.20000000e-01  1.30000165e-03  1.20000000e+00  1.30000165e-03  1.20000000e+00  1.30000165e-03 -6.67875199e-06  1.30000165e-03  1.14885532e-07 
 1.30000200e-03  6.24209573e-11  1.30000200e-03  1.20000000e+00  1.30000200e-03  1.20000000e+00  1.30000200e-03  2.46965450e-05  1.30000200e-03  1.48912218e-08 
 1.30000204e-03  0.00000000e+00  1.30000204e-03  1.20000000e+00  1.30000204e-03  1.20000000e+00  1.30000204e-03 -3.21158592e-05  1.30000204e-03 -2.55209034e-07 
 1.30000211e-03  0.00000000e+00  1.30000211e-03  1.20000000e+00  1.30000211e-03  1.20000000e+00  1.30000211e-03  1.17197952e-05  1.30000211e-03  9.39189303e-07 
 1.30000227e-03  0.00000000e+00  1.30000227e-03  1.20000000e+00  1.30000227e-03  1.20000000e+00  1.30000227e-03 -7.76586081e-06  1.30000227e-03 -1.04755357e-06 
 1.30000257e-03  0.00000000e+00  1.30000257e-03  1.20000000e+00  1.30000257e-03  1.20000000e+00  1.30000257e-03  5.73936137e-06  1.30000257e-03  1.23817566e-06 
 1.30000319e-03  0.00000000e+00  1.30000319e-03  1.20000000e+00  1.30000319e-03  1.20000000e+00  1.30000319e-03 -4.52577069e-06  1.30000319e-03 -1.14443398e-06 
 1.30000441e-03  0.00000000e+00  1.30000441e-03  1.20000000e+00  1.30000441e-03  1.20000000e+00  1.30000441e-03  4.13554040e-06  1.30000441e-03  1.27496977e-06 
 1.30000686e-03  0.00000000e+00  1.30000686e-03  1.20000000e+00  1.30000686e-03  1.20000000e+00  1.30000686e-03 -3.73330238e-06  1.30000686e-03 -1.16010269e-06 
 1.30001175e-03  0.00000000e+00  1.30001175e-03  1.20000000e+00  1.30001175e-03  1.20000000e+00  1.30001175e-03  3.74203042e-06  1.30001175e-03  1.28214645e-06 
 1.30002154e-03  0.00000000e+00  1.30002154e-03  1.20000000e+00  1.30002154e-03  1.20000000e+00  1.30002154e-03 -3.53734637e-06  1.30002154e-03 -1.16352880e-06 
 1.30004113e-03  0.00000000e+00  1.30004113e-03  1.20000000e+00  1.30004113e-03  1.20000000e+00  1.30004113e-03  3.64422681e-06  1.30004113e-03  1.28381964e-06 
 1.30008029e-03  0.00000000e+00  1.30008029e-03  1.20000000e+00  1.30008029e-03  1.20000000e+00  1.30008029e-03 -3.48850463e-06  1.30008029e-03 -1.16435531e-06 
 1.30015862e-03  0.00000000e+00  1.30015862e-03  1.20000000e+00  1.30015862e-03  1.20000000e+00  1.30015862e-03  3.61981325e-06  1.30015862e-03  1.28423046e-06 
 1.30031528e-03  0.00000000e+00  1.30031528e-03  1.20000000e+00  1.30031528e-03  1.20000000e+00  1.30031528e-03 -3.47630358e-06  1.30031528e-03 -1.16456007e-06 
 1.30062860e-03  0.00000000e+00  1.30062860e-03  1.20000000e+00  1.30062860e-03  1.20000000e+00  1.30062860e-03  3.61371221e-06  1.30062860e-03  1.28433270e-06 
 1.30125523e-03  0.00000000e+00  1.30125523e-03  1.20000000e+00  1.30125523e-03  1.20000000e+00  1.30125523e-03 -3.47325391e-06  1.30125523e-03 -1.16461114e-06 
 1.30225523e-03  0.00000000e+00  1.30225523e-03  1.20000000e+00  1.30225523e-03  1.20000000e+00  1.30225523e-03  3.61205835e-06  1.30225523e-03  1.28436038e-06 
 1.30325523e-03  0.00000000e+00  1.30325523e-03  1.20000000e+00  1.30325523e-03  1.20000000e+00  1.30325523e-03 -3.47197996e-06  1.30325523e-03 -1.16463247e-06 
 1.30425523e-03  0.00000000e+00  1.30425523e-03  1.20000000e+00  1.30425523e-03  1.20000000e+00  1.30425523e-03  3.61078415e-06  1.30425523e-03  1.28438170e-06 
 1.30525523e-03  0.00000000e+00  1.30525523e-03  1.20000000e+00  1.30525523e-03  1.20000000e+00  1.30525523e-03 -3.47070605e-06  1.30525523e-03 -1.16465378e-06 
 1.30625523e-03  0.00000000e+00  1.30625523e-03  1.20000000e+00  1.30625523e-03  1.20000000e+00  1.30625523e-03  3.60951000e-06  1.30625523e-03  1.28440302e-06 
 1.30725523e-03  0.00000000e+00  1.30725523e-03  1.20000000e+00  1.30725523e-03  1.20000000e+00  1.30725523e-03 -3.46943219e-06  1.30725523e-03 -1.16467509e-06 
 1.30825523e-03  0.00000000e+00  1.30825523e-03  1.20000000e+00  1.30825523e-03  1.20000000e+00  1.30825523e-03  3.60823588e-06  1.30825523e-03  1.28442432e-06 
 1.30925523e-03  0.00000000e+00  1.30925523e-03  1.20000000e+00  1.30925523e-03  1.20000000e+00  1.30925523e-03 -3.46815836e-06  1.30925523e-03 -1.16469638e-06 
 1.31025523e-03  0.00000000e+00  1.31025523e-03  1.20000000e+00  1.31025523e-03  1.20000000e+00  1.31025523e-03  3.60696180e-06  1.31025523e-03  1.28444562e-06 
 1.31125523e-03  0.00000000e+00  1.31125523e-03  1.20000000e+00  1.31125523e-03  1.20000000e+00  1.31125523e-03 -3.46688458e-06  1.31125523e-03 -1.16471767e-06 
 1.31225523e-03  0.00000000e+00  1.31225523e-03  1.20000000e+00  1.31225523e-03  1.20000000e+00  1.31225523e-03  3.60568777e-06  1.31225523e-03  1.28446691e-06 
 1.31325523e-03  0.00000000e+00  1.31325523e-03  1.20000000e+00  1.31325523e-03  1.20000000e+00  1.31325523e-03 -3.46561084e-06  1.31325523e-03 -1.16473896e-06 
 1.31425523e-03  0.00000000e+00  1.31425523e-03  1.20000000e+00  1.31425523e-03  1.20000000e+00  1.31425523e-03  3.60441378e-06  1.31425523e-03  1.28448819e-06 
 1.31525523e-03  0.00000000e+00  1.31525523e-03  1.20000000e+00  1.31525523e-03  1.20000000e+00  1.31525523e-03 -3.46433714e-06  1.31525523e-03 -1.16476023e-06 
 1.31625523e-03  0.00000000e+00  1.31625523e-03  1.20000000e+00  1.31625523e-03  1.20000000e+00  1.31625523e-03  3.60313983e-06  1.31625523e-03  1.28450946e-06 
 1.31725523e-03  0.00000000e+00  1.31725523e-03  1.20000000e+00  1.31725523e-03  1.20000000e+00  1.31725523e-03 -3.46306348e-06  1.31725523e-03 -1.16478150e-06 
 1.31825523e-03  0.00000000e+00  1.31825523e-03  1.20000000e+00  1.31825523e-03  1.20000000e+00  1.31825523e-03  3.60186592e-06  1.31825523e-03  1.28453073e-06 
 1.31925523e-03  0.00000000e+00  1.31925523e-03  1.20000000e+00  1.31925523e-03  1.20000000e+00  1.31925523e-03 -3.46178986e-06  1.31925523e-03 -1.16480275e-06 
 1.32025523e-03  0.00000000e+00  1.32025523e-03  1.20000000e+00  1.32025523e-03  1.20000000e+00  1.32025523e-03  3.60059205e-06  1.32025523e-03  1.28455198e-06 
 1.32125523e-03  0.00000000e+00  1.32125523e-03  1.20000000e+00  1.32125523e-03  1.20000000e+00  1.32125523e-03 -3.46051628e-06  1.32125523e-03 -1.16482400e-06 
 1.32225523e-03  0.00000000e+00  1.32225523e-03  1.20000000e+00  1.32225523e-03  1.20000000e+00  1.32225523e-03  3.59931822e-06  1.32225523e-03  1.28457323e-06 
 1.32325523e-03  0.00000000e+00  1.32325523e-03  1.20000000e+00  1.32325523e-03  1.20000000e+00  1.32325523e-03 -3.45924275e-06  1.32325523e-03 -1.16484524e-06 
 1.32425523e-03  0.00000000e+00  1.32425523e-03  1.20000000e+00  1.32425523e-03  1.20000000e+00  1.32425523e-03  3.59804444e-06  1.32425523e-03  1.28459447e-06 
 1.32525523e-03  0.00000000e+00  1.32525523e-03  1.20000000e+00  1.32525523e-03  1.20000000e+00  1.32525523e-03 -3.45796925e-06  1.32525523e-03 -1.16486648e-06 
 1.32625523e-03  0.00000000e+00  1.32625523e-03  1.20000000e+00  1.32625523e-03  1.20000000e+00  1.32625523e-03  3.59677069e-06  1.32625523e-03  1.28461570e-06 
 1.32725523e-03  0.00000000e+00  1.32725523e-03  1.20000000e+00  1.32725523e-03  1.20000000e+00  1.32725523e-03 -3.45669580e-06  1.32725523e-03 -1.16488770e-06 
 1.32825523e-03  0.00000000e+00  1.32825523e-03  1.20000000e+00  1.32825523e-03  1.20000000e+00  1.32825523e-03  3.59549699e-06  1.32825523e-03  1.28463693e-06 
 1.32925523e-03  0.00000000e+00  1.32925523e-03  1.20000000e+00  1.32925523e-03  1.20000000e+00  1.32925523e-03 -3.45542239e-06  1.32925523e-03 -1.16490892e-06 
 1.33025523e-03  0.00000000e+00  1.33025523e-03  1.20000000e+00  1.33025523e-03  1.20000000e+00  1.33025523e-03  3.59422333e-06  1.33025523e-03  1.28465814e-06 
 1.33125523e-03  0.00000000e+00  1.33125523e-03  1.20000000e+00  1.33125523e-03  1.20000000e+00  1.33125523e-03 -3.45414902e-06  1.33125523e-03 -1.16493013e-06 
 1.33225523e-03  0.00000000e+00  1.33225523e-03  1.20000000e+00  1.33225523e-03  1.20000000e+00  1.33225523e-03  3.59294971e-06  1.33225523e-03  1.28467935e-06 
 1.33325523e-03  0.00000000e+00  1.33325523e-03  1.20000000e+00  1.33325523e-03  1.20000000e+00  1.33325523e-03 -3.45287569e-06  1.33325523e-03 -1.16495133e-06 
 1.33425523e-03  0.00000000e+00  1.33425523e-03  1.20000000e+00  1.33425523e-03  1.20000000e+00  1.33425523e-03  3.59167613e-06  1.33425523e-03  1.28470055e-06 
 1.33525523e-03  0.00000000e+00  1.33525523e-03  1.20000000e+00  1.33525523e-03  1.20000000e+00  1.33525523e-03 -3.45160240e-06  1.33525523e-03 -1.16497252e-06 
 1.33625523e-03  0.00000000e+00  1.33625523e-03  1.20000000e+00  1.33625523e-03  1.20000000e+00  1.33625523e-03  3.59040259e-06  1.33625523e-03  1.28472174e-06 
 1.33725523e-03  0.00000000e+00  1.33725523e-03  1.20000000e+00  1.33725523e-03  1.20000000e+00  1.33725523e-03 -3.45032916e-06  1.33725523e-03 -1.16499371e-06 
 1.33825523e-03  0.00000000e+00  1.33825523e-03  1.20000000e+00  1.33825523e-03  1.20000000e+00  1.33825523e-03  3.58912909e-06  1.33825523e-03  1.28474292e-06 
 1.33925523e-03  0.00000000e+00  1.33925523e-03  1.20000000e+00  1.33925523e-03  1.20000000e+00  1.33925523e-03 -3.44905595e-06  1.33925523e-03 -1.16501488e-06 
 1.34025523e-03  0.00000000e+00  1.34025523e-03  1.20000000e+00  1.34025523e-03  1.20000000e+00  1.34025523e-03  3.58785564e-06  1.34025523e-03  1.28476410e-06 
 1.34125523e-03  0.00000000e+00  1.34125523e-03  1.20000000e+00  1.34125523e-03  1.20000000e+00  1.34125523e-03 -3.44778279e-06  1.34125523e-03 -1.16503605e-06 
 1.34225523e-03  0.00000000e+00  1.34225523e-03  1.20000000e+00  1.34225523e-03  1.20000000e+00  1.34225523e-03  3.58658222e-06  1.34225523e-03  1.28478527e-06 
 1.34325523e-03  0.00000000e+00  1.34325523e-03  1.20000000e+00  1.34325523e-03  1.20000000e+00  1.34325523e-03 -3.44650967e-06  1.34325523e-03 -1.16505721e-06 
 1.34425523e-03  0.00000000e+00  1.34425523e-03  1.20000000e+00  1.34425523e-03  1.20000000e+00  1.34425523e-03  3.58530885e-06  1.34425523e-03  1.28480643e-06 
 1.34525523e-03  0.00000000e+00  1.34525523e-03  1.20000000e+00  1.34525523e-03  1.20000000e+00  1.34525523e-03 -3.44523659e-06  1.34525523e-03 -1.16507836e-06 
 1.34625523e-03  0.00000000e+00  1.34625523e-03  1.20000000e+00  1.34625523e-03  1.20000000e+00  1.34625523e-03  3.58403552e-06  1.34625523e-03  1.28482758e-06 
 1.34725523e-03  0.00000000e+00  1.34725523e-03  1.20000000e+00  1.34725523e-03  1.20000000e+00  1.34725523e-03 -3.44396355e-06  1.34725523e-03 -1.16509951e-06 
 1.34825523e-03  0.00000000e+00  1.34825523e-03  1.20000000e+00  1.34825523e-03  1.20000000e+00  1.34825523e-03  3.58276223e-06  1.34825523e-03  1.28484872e-06 
 1.34912761e-03  0.00000000e+00  1.34912761e-03  1.20000000e+00  1.34912761e-03  1.20000000e+00  1.34912761e-03 -3.44259744e-06  1.34912761e-03 -1.16512219e-06 
 1.35000000e-03  0.00000000e+00  1.35000000e-03  1.20000000e+00  1.35000000e-03  1.20000000e+00  1.35000000e-03  3.58130273e-06  1.35000000e-03  1.28487294e-06 
 1.35000010e-03  1.20000000e-01  1.35000010e-03  1.20000000e+00  1.35000010e-03  1.20000000e+00  1.35000010e-03  1.75190047e-06  1.35000010e-03  4.51711219e-08 
 1.35000030e-03  3.60000000e-01  1.35000030e-03  1.20000000e+00  1.35000030e-03  1.20000000e+00  1.35000030e-03 -1.61261552e-06  1.35000030e-03  5.28772975e-08 
 1.35000058e-03  7.00512176e-01  1.35000058e-03  1.20000000e+00  1.35000058e-03  1.20000000e+00  1.35000058e-03 -1.17710093e-05  1.35000058e-03  1.07008645e-07 
 1.35000094e-03  1.12478861e+00  1.35000094e-03  1.20000000e+00  1.35000094e-03  1.20000000e+00  1.35000094e-03  1.14050406e+00  1.35000094e-03  1.16819719e+00 
 1.35000100e-03  1.20000000e+00  1.35000100e-03  1.20000000e+00  1.35000100e-03  1.20000000e+00  1.35000100e-03  1.22233299e+00  1.35000100e-03  1.20891760e+00 
 1.35000103e-03  1.20000000e+00  1.35000103e-03  1.20000000e+00  1.35000103e-03  1.20000000e+00  1.35000103e-03  1.20466293e+00  1.35000103e-03  1.20130796e+00 
 1.35000110e-03  1.20000000e+00  1.35000110e-03  1.20000000e+00  1.35000110e-03  1.20000000e+00  1.35000110e-03  1.19742282e+00  1.35000110e-03  1.19944847e+00 
 1.35000121e-03  1.20000000e+00  1.35000121e-03  1.20000000e+00  1.35000121e-03  1.20000000e+00  1.35000121e-03  1.20184934e+00  1.35000121e-03  1.20039569e+00 
 1.35000145e-03  1.20000000e+00  1.35000145e-03  1.20000000e+00  1.35000145e-03  1.20000000e+00  1.35000145e-03  1.19841014e+00  1.35000145e-03  1.19965056e+00 
 1.35000191e-03  1.20000000e+00  1.35000191e-03  1.20000000e+00  1.35000191e-03  1.20000000e+00  1.35000191e-03  1.20146261e+00  1.35000191e-03  1.20032982e+00 
 1.35000284e-03  1.20000000e+00  1.35000284e-03  1.20000000e+00  1.35000284e-03  1.20000000e+00  1.35000284e-03  1.19858563e+00  1.35000284e-03  1.19967811e+00 
 1.35000470e-03  1.20000000e+00  1.35000470e-03  1.20000000e+00  1.35000470e-03  1.20000000e+00  1.35000470e-03  1.20138030e+00  1.35000470e-03  1.20031728e+00 
 1.35000843e-03  1.20000000e+00  1.35000843e-03  1.20000000e+00  1.35000843e-03  1.20000000e+00  1.35000843e-03  1.19862613e+00  1.35000843e-03  1.19968416e+00 
 1.35001587e-03  1.20000000e+00  1.35001587e-03  1.20000000e+00  1.35001587e-03  1.20000000e+00  1.35001587e-03  1.20136051e+00  1.35001587e-03  1.20031434e+00 
 1.35003076e-03  1.20000000e+00  1.35003076e-03  1.20000000e+00  1.35003076e-03  1.20000000e+00  1.35003076e-03  1.19863606e+00  1.35003076e-03  1.19968562e+00 
 1.35006053e-03  1.20000000e+00  1.35006053e-03  1.20000000e+00  1.35006053e-03  1.20000000e+00  1.35006053e-03  1.20135561e+00  1.35006053e-03  1.20031361e+00 
 1.35012007e-03  1.20000000e+00  1.35012007e-03  1.20000000e+00  1.35012007e-03  1.20000000e+00  1.35012007e-03  1.19863853e+00  1.35012007e-03  1.19968598e+00 
 1.35023917e-03  1.20000000e+00  1.35023917e-03  1.20000000e+00  1.35023917e-03  1.20000000e+00  1.35023917e-03  1.20135439e+00  1.35023917e-03  1.20031343e+00 
 1.35047735e-03  1.20000000e+00  1.35047735e-03  1.20000000e+00  1.35047735e-03  1.20000000e+00  1.35047735e-03  1.19863915e+00  1.35047735e-03  1.19968607e+00 
 1.35095372e-03  1.20000000e+00  1.35095372e-03  1.20000000e+00  1.35095372e-03  1.20000000e+00  1.35095372e-03  1.20135409e+00  1.35095372e-03  1.20031339e+00 
 1.35190646e-03  1.20000000e+00  1.35190646e-03  1.20000000e+00  1.35190646e-03  1.20000000e+00  1.35190646e-03  1.19863930e+00  1.35190646e-03  1.19968610e+00 
 1.35290646e-03  1.20000000e+00  1.35290646e-03  1.20000000e+00  1.35290646e-03  1.20000000e+00  1.35290646e-03  1.20135399e+00  1.35290646e-03  1.20031337e+00 
 1.35390646e-03  1.20000000e+00  1.35390646e-03  1.20000000e+00  1.35390646e-03  1.20000000e+00  1.35390646e-03  1.19863940e+00  1.35390646e-03  1.19968611e+00 
 1.35490646e-03  1.20000000e+00  1.35490646e-03  1.20000000e+00  1.35490646e-03  1.20000000e+00  1.35490646e-03  1.20135389e+00  1.35490646e-03  1.20031336e+00 
 1.35590646e-03  1.20000000e+00  1.35590646e-03  1.20000000e+00  1.35590646e-03  1.20000000e+00  1.35590646e-03  1.19863950e+00  1.35590646e-03  1.19968613e+00 
 1.35690646e-03  1.20000000e+00  1.35690646e-03  1.20000000e+00  1.35690646e-03  1.20000000e+00  1.35690646e-03  1.20135379e+00  1.35690646e-03  1.20031334e+00 
 1.35790646e-03  1.20000000e+00  1.35790646e-03  1.20000000e+00  1.35790646e-03  1.20000000e+00  1.35790646e-03  1.19863960e+00  1.35790646e-03  1.19968614e+00 
 1.35890646e-03  1.20000000e+00  1.35890646e-03  1.20000000e+00  1.35890646e-03  1.20000000e+00  1.35890646e-03  1.20135370e+00  1.35890646e-03  1.20031333e+00 
 1.35990646e-03  1.20000000e+00  1.35990646e-03  1.20000000e+00  1.35990646e-03  1.20000000e+00  1.35990646e-03  1.19863969e+00  1.35990646e-03  1.19968616e+00 
 1.36090646e-03  1.20000000e+00  1.36090646e-03  1.20000000e+00  1.36090646e-03  1.20000000e+00  1.36090646e-03  1.20135360e+00  1.36090646e-03  1.20031332e+00 
 1.36190646e-03  1.20000000e+00  1.36190646e-03  1.20000000e+00  1.36190646e-03  1.20000000e+00  1.36190646e-03  1.19863979e+00  1.36190646e-03  1.19968617e+00 
 1.36290646e-03  1.20000000e+00  1.36290646e-03  1.20000000e+00  1.36290646e-03  1.20000000e+00  1.36290646e-03  1.20135350e+00  1.36290646e-03  1.20031330e+00 
 1.36390646e-03  1.20000000e+00  1.36390646e-03  1.20000000e+00  1.36390646e-03  1.20000000e+00  1.36390646e-03  1.19863989e+00  1.36390646e-03  1.19968618e+00 
 1.36490646e-03  1.20000000e+00  1.36490646e-03  1.20000000e+00  1.36490646e-03  1.20000000e+00  1.36490646e-03  1.20135340e+00  1.36490646e-03  1.20031329e+00 
 1.36590646e-03  1.20000000e+00  1.36590646e-03  1.20000000e+00  1.36590646e-03  1.20000000e+00  1.36590646e-03  1.19863999e+00  1.36590646e-03  1.19968620e+00 
 1.36690646e-03  1.20000000e+00  1.36690646e-03  1.20000000e+00  1.36690646e-03  1.20000000e+00  1.36690646e-03  1.20135331e+00  1.36690646e-03  1.20031327e+00 
 1.36790646e-03  1.20000000e+00  1.36790646e-03  1.20000000e+00  1.36790646e-03  1.20000000e+00  1.36790646e-03  1.19864009e+00  1.36790646e-03  1.19968621e+00 
 1.36890646e-03  1.20000000e+00  1.36890646e-03  1.20000000e+00  1.36890646e-03  1.20000000e+00  1.36890646e-03  1.20135321e+00  1.36890646e-03  1.20031326e+00 
 1.36990646e-03  1.20000000e+00  1.36990646e-03  1.20000000e+00  1.36990646e-03  1.20000000e+00  1.36990646e-03  1.19864018e+00  1.36990646e-03  1.19968623e+00 
 1.37090646e-03  1.20000000e+00  1.37090646e-03  1.20000000e+00  1.37090646e-03  1.20000000e+00  1.37090646e-03  1.20135311e+00  1.37090646e-03  1.20031324e+00 
 1.37190646e-03  1.20000000e+00  1.37190646e-03  1.20000000e+00  1.37190646e-03  1.20000000e+00  1.37190646e-03  1.19864028e+00  1.37190646e-03  1.19968624e+00 
 1.37290646e-03  1.20000000e+00  1.37290646e-03  1.20000000e+00  1.37290646e-03  1.20000000e+00  1.37290646e-03  1.20135302e+00  1.37290646e-03  1.20031323e+00 
 1.37390646e-03  1.20000000e+00  1.37390646e-03  1.20000000e+00  1.37390646e-03  1.20000000e+00  1.37390646e-03  1.19864038e+00  1.37390646e-03  1.19968626e+00 
 1.37490646e-03  1.20000000e+00  1.37490646e-03  1.20000000e+00  1.37490646e-03  1.20000000e+00  1.37490646e-03  1.20135292e+00  1.37490646e-03  1.20031322e+00 
 1.37590646e-03  1.20000000e+00  1.37590646e-03  1.20000000e+00  1.37590646e-03  1.20000000e+00  1.37590646e-03  1.19864048e+00  1.37590646e-03  1.19968627e+00 
 1.37690646e-03  1.20000000e+00  1.37690646e-03  1.20000000e+00  1.37690646e-03  1.20000000e+00  1.37690646e-03  1.20135282e+00  1.37690646e-03  1.20031320e+00 
 1.37790646e-03  1.20000000e+00  1.37790646e-03  1.20000000e+00  1.37790646e-03  1.20000000e+00  1.37790646e-03  1.19864057e+00  1.37790646e-03  1.19968628e+00 
 1.37890646e-03  1.20000000e+00  1.37890646e-03  1.20000000e+00  1.37890646e-03  1.20000000e+00  1.37890646e-03  1.20135273e+00  1.37890646e-03  1.20031319e+00 
 1.37990646e-03  1.20000000e+00  1.37990646e-03  1.20000000e+00  1.37990646e-03  1.20000000e+00  1.37990646e-03  1.19864067e+00  1.37990646e-03  1.19968630e+00 
 1.38090646e-03  1.20000000e+00  1.38090646e-03  1.20000000e+00  1.38090646e-03  1.20000000e+00  1.38090646e-03  1.20135263e+00  1.38090646e-03  1.20031317e+00 
 1.38190646e-03  1.20000000e+00  1.38190646e-03  1.20000000e+00  1.38190646e-03  1.20000000e+00  1.38190646e-03  1.19864077e+00  1.38190646e-03  1.19968631e+00 
 1.38290646e-03  1.20000000e+00  1.38290646e-03  1.20000000e+00  1.38290646e-03  1.20000000e+00  1.38290646e-03  1.20135253e+00  1.38290646e-03  1.20031316e+00 
 1.38390646e-03  1.20000000e+00  1.38390646e-03  1.20000000e+00  1.38390646e-03  1.20000000e+00  1.38390646e-03  1.19864087e+00  1.38390646e-03  1.19968633e+00 
 1.38490646e-03  1.20000000e+00  1.38490646e-03  1.20000000e+00  1.38490646e-03  1.20000000e+00  1.38490646e-03  1.20135244e+00  1.38490646e-03  1.20031314e+00 
 1.38590646e-03  1.20000000e+00  1.38590646e-03  1.20000000e+00  1.38590646e-03  1.20000000e+00  1.38590646e-03  1.19864097e+00  1.38590646e-03  1.19968634e+00 
 1.38690646e-03  1.20000000e+00  1.38690646e-03  1.20000000e+00  1.38690646e-03  1.20000000e+00  1.38690646e-03  1.20135234e+00  1.38690646e-03  1.20031313e+00 
 1.38790646e-03  1.20000000e+00  1.38790646e-03  1.20000000e+00  1.38790646e-03  1.20000000e+00  1.38790646e-03  1.19864106e+00  1.38790646e-03  1.19968636e+00 
 1.38890646e-03  1.20000000e+00  1.38890646e-03  1.20000000e+00  1.38890646e-03  1.20000000e+00  1.38890646e-03  1.20135224e+00  1.38890646e-03  1.20031312e+00 
 1.38990646e-03  1.20000000e+00  1.38990646e-03  1.20000000e+00  1.38990646e-03  1.20000000e+00  1.38990646e-03  1.19864116e+00  1.38990646e-03  1.19968637e+00 
 1.39090646e-03  1.20000000e+00  1.39090646e-03  1.20000000e+00  1.39090646e-03  1.20000000e+00  1.39090646e-03  1.20135215e+00  1.39090646e-03  1.20031310e+00 
 1.39190646e-03  1.20000000e+00  1.39190646e-03  1.20000000e+00  1.39190646e-03  1.20000000e+00  1.39190646e-03  1.19864126e+00  1.39190646e-03  1.19968638e+00 
 1.39290646e-03  1.20000000e+00  1.39290646e-03  1.20000000e+00  1.39290646e-03  1.20000000e+00  1.39290646e-03  1.20135205e+00  1.39290646e-03  1.20031309e+00 
 1.39390646e-03  1.20000000e+00  1.39390646e-03  1.20000000e+00  1.39390646e-03  1.20000000e+00  1.39390646e-03  1.19864136e+00  1.39390646e-03  1.19968640e+00 
 1.39490646e-03  1.20000000e+00  1.39490646e-03  1.20000000e+00  1.39490646e-03  1.20000000e+00  1.39490646e-03  1.20135195e+00  1.39490646e-03  1.20031307e+00 
 1.39590646e-03  1.20000000e+00  1.39590646e-03  1.20000000e+00  1.39590646e-03  1.20000000e+00  1.39590646e-03  1.19864145e+00  1.39590646e-03  1.19968641e+00 
 1.39690646e-03  1.20000000e+00  1.39690646e-03  1.20000000e+00  1.39690646e-03  1.20000000e+00  1.39690646e-03  1.20135186e+00  1.39690646e-03  1.20031306e+00 
 1.39790646e-03  1.20000000e+00  1.39790646e-03  1.20000000e+00  1.39790646e-03  1.20000000e+00  1.39790646e-03  1.19864155e+00  1.39790646e-03  1.19968643e+00 
 1.39890646e-03  1.20000000e+00  1.39890646e-03  1.20000000e+00  1.39890646e-03  1.20000000e+00  1.39890646e-03  1.20135176e+00  1.39890646e-03  1.20031304e+00 
 1.39945373e-03  1.20000000e+00  1.39945373e-03  1.20000000e+00  1.39945373e-03  1.20000000e+00  1.39945373e-03  1.19864169e+00  1.39945373e-03  1.19968645e+00 
 1.40000100e-03  1.20000000e+00  1.40000100e-03  1.20000000e+00  1.40000100e-03  1.20000000e+00  1.40000100e-03  1.20135158e+00  1.40000100e-03  1.20031302e+00 
 1.40000110e-03  1.08000000e+00  1.40000110e-03  1.20000000e+00  1.40000110e-03  1.20000000e+00  1.40000110e-03  1.20011041e+00  1.40000110e-03  1.20001548e+00 
 1.40000130e-03  8.40000000e-01  1.40000130e-03  1.20000000e+00  1.40000130e-03  1.20000000e+00  1.40000130e-03  1.19990894e+00  1.40000130e-03  1.19998834e+00 
 1.40000165e-03  4.20000000e-01  1.40000165e-03  1.20000000e+00  1.40000165e-03  1.20000000e+00  1.40000165e-03  1.20037156e+00  1.40000165e-03  1.20000994e+00 
 1.40000200e-03  6.24209573e-11  1.40000200e-03  1.20000000e+00  1.40000200e-03  1.20000000e+00  1.40000200e-03  1.19935318e+00  1.40000200e-03  1.19999120e+00 
 1.40000204e-03  0.00000000e+00  1.40000204e-03  1.20000000e+00  1.40000204e-03  1.20000000e+00  1.40000204e-03  1.19989781e+00  1.40000204e-03  1.19999821e+00 
 1.40000212e-03  0.00000000e+00  1.40000212e-03  1.20000000e+00  1.40000212e-03  1.20000000e+00  1.40000212e-03  1.20012354e+00  1.40000212e-03  1.20000157e+00 
 1.40000227e-03  0.00000000e+00  1.40000227e-03  1.20000000e+00  1.40000227e-03  1.20000000e+00  1.40000227e-03  1.19990458e+00  1.40000227e-03  1.19999791e+00 
 1.40000258e-03  0.00000000e+00  1.40000258e-03  1.20000000e+00  1.40000258e-03  1.20000000e+00  1.40000258e-03  1.20008242e+00  1.40000258e-03  1.20000216e+00 
 1.40000319e-03  0.00000000e+00  1.40000319e-03  1.20000000e+00  1.40000319e-03  1.20000000e+00  1.40000319e-03  1.19992337e+00  1.40000319e-03  1.19999769e+00 
 1.40000442e-03  0.00000000e+00  1.40000442e-03  1.20000000e+00  1.40000442e-03  1.20000000e+00  1.40000442e-03  1.20007362e+00  1.40000442e-03  1.20000224e+00 
 1.40000687e-03  0.00000000e+00  1.40000687e-03  1.20000000e+00  1.40000687e-03  1.20000000e+00  1.40000687e-03  1.19992763e+00  1.40000687e-03  1.19999765e+00 
 1.40001178e-03  0.00000000e+00  1.40001178e-03  1.20000000e+00  1.40001178e-03  1.20000000e+00  1.40001178e-03  1.20007153e+00  1.40001178e-03  1.20000226e+00 
 1.40002160e-03  0.00000000e+00  1.40002160e-03  1.20000000e+00  1.40002160e-03  1.20000000e+00  1.40002160e-03  1.19992866e+00  1.40002160e-03  1.19999764e+00 
 1.40004124e-03  0.00000000e+00  1.40004124e-03  1.20000000e+00  1.40004124e-03  1.20000000e+00  1.40004124e-03  1.20007101e+00  1.40004124e-03  1.20000227e+00 
 1.40008052e-03  0.00000000e+00  1.40008052e-03  1.20000000e+00  1.40008052e-03  1.20000000e+00  1.40008052e-03  1.19992892e+00  1.40008052e-03  1.19999764e+00 
 1.40015909e-03  0.00000000e+00  1.40015909e-03  1.20000000e+00  1.40015909e-03  1.20000000e+00  1.40015909e-03  1.20007088e+00  1.40015909e-03  1.20000227e+00 
 1.40031621e-03  0.00000000e+00  1.40031621e-03  1.20000000e+00  1.40031621e-03  1.20000000e+00  1.40031621e-03  1.19992899e+00  1.40031621e-03  1.19999764e+00 
 1.40063047e-03  0.00000000e+00  1.40063047e-03  1.20000000e+00  1.40063047e-03  1.20000000e+00  1.40063047e-03  1.20007085e+00  1.40063047e-03  1.20000227e+00 
 1.40125897e-03  0.00000000e+00  1.40125897e-03  1.20000000e+00  1.40125897e-03  1.20000000e+00  1.40125897e-03  1.19992900e+00  1.40125897e-03  1.19999764e+00 
 1.40225897e-03  0.00000000e+00  1.40225897e-03  1.20000000e+00  1.40225897e-03  1.20000000e+00  1.40225897e-03  1.20007084e+00  1.40225897e-03  1.20000227e+00 
 1.40325897e-03  0.00000000e+00  1.40325897e-03  1.20000000e+00  1.40325897e-03  1.20000000e+00  1.40325897e-03  1.19992901e+00  1.40325897e-03  1.19999764e+00 
 1.40425897e-03  0.00000000e+00  1.40425897e-03  1.20000000e+00  1.40425897e-03  1.20000000e+00  1.40425897e-03  1.20007083e+00  1.40425897e-03  1.20000227e+00 
 1.40525897e-03  0.00000000e+00  1.40525897e-03  1.20000000e+00  1.40525897e-03  1.20000000e+00  1.40525897e-03  1.19992902e+00  1.40525897e-03  1.19999764e+00 
 1.40625897e-03  0.00000000e+00  1.40625897e-03  1.20000000e+00  1.40625897e-03  1.20000000e+00  1.40625897e-03  1.20007083e+00  1.40625897e-03  1.20000227e+00 
 1.40725897e-03  0.00000000e+00  1.40725897e-03  1.20000000e+00  1.40725897e-03  1.20000000e+00  1.40725897e-03  1.19992902e+00  1.40725897e-03  1.19999764e+00 
 1.40825897e-03  0.00000000e+00  1.40825897e-03  1.20000000e+00  1.40825897e-03  1.20000000e+00  1.40825897e-03  1.20007082e+00  1.40825897e-03  1.20000227e+00 
 1.40925897e-03  0.00000000e+00  1.40925897e-03  1.20000000e+00  1.40925897e-03  1.20000000e+00  1.40925897e-03  1.19992903e+00  1.40925897e-03  1.19999764e+00 
 1.41025897e-03  0.00000000e+00  1.41025897e-03  1.20000000e+00  1.41025897e-03  1.20000000e+00  1.41025897e-03  1.20007081e+00  1.41025897e-03  1.20000227e+00 
 1.41125897e-03  0.00000000e+00  1.41125897e-03  1.20000000e+00  1.41125897e-03  1.20000000e+00  1.41125897e-03  1.19992904e+00  1.41125897e-03  1.19999764e+00 
 1.41225897e-03  0.00000000e+00  1.41225897e-03  1.20000000e+00  1.41225897e-03  1.20000000e+00  1.41225897e-03  1.20007081e+00  1.41225897e-03  1.20000227e+00 
 1.41325897e-03  0.00000000e+00  1.41325897e-03  1.20000000e+00  1.41325897e-03  1.20000000e+00  1.41325897e-03  1.19992904e+00  1.41325897e-03  1.19999764e+00 
 1.41425897e-03  0.00000000e+00  1.41425897e-03  1.20000000e+00  1.41425897e-03  1.20000000e+00  1.41425897e-03  1.20007080e+00  1.41425897e-03  1.20000227e+00 
 1.41525897e-03  0.00000000e+00  1.41525897e-03  1.20000000e+00  1.41525897e-03  1.20000000e+00  1.41525897e-03  1.19992905e+00  1.41525897e-03  1.19999764e+00 
 1.41625897e-03  0.00000000e+00  1.41625897e-03  1.20000000e+00  1.41625897e-03  1.20000000e+00  1.41625897e-03  1.20007079e+00  1.41625897e-03  1.20000227e+00 
 1.41725897e-03  0.00000000e+00  1.41725897e-03  1.20000000e+00  1.41725897e-03  1.20000000e+00  1.41725897e-03  1.19992906e+00  1.41725897e-03  1.19999764e+00 
 1.41825897e-03  0.00000000e+00  1.41825897e-03  1.20000000e+00  1.41825897e-03  1.20000000e+00  1.41825897e-03  1.20007079e+00  1.41825897e-03  1.20000227e+00 
 1.41925897e-03  0.00000000e+00  1.41925897e-03  1.20000000e+00  1.41925897e-03  1.20000000e+00  1.41925897e-03  1.19992906e+00  1.41925897e-03  1.19999764e+00 
 1.42025897e-03  0.00000000e+00  1.42025897e-03  1.20000000e+00  1.42025897e-03  1.20000000e+00  1.42025897e-03  1.20007078e+00  1.42025897e-03  1.20000227e+00 
 1.42125897e-03  0.00000000e+00  1.42125897e-03  1.20000000e+00  1.42125897e-03  1.20000000e+00  1.42125897e-03  1.19992907e+00  1.42125897e-03  1.19999764e+00 
 1.42225897e-03  0.00000000e+00  1.42225897e-03  1.20000000e+00  1.42225897e-03  1.20000000e+00  1.42225897e-03  1.20007077e+00  1.42225897e-03  1.20000227e+00 
 1.42325897e-03  0.00000000e+00  1.42325897e-03  1.20000000e+00  1.42325897e-03  1.20000000e+00  1.42325897e-03  1.19992908e+00  1.42325897e-03  1.19999764e+00 
 1.42425897e-03  0.00000000e+00  1.42425897e-03  1.20000000e+00  1.42425897e-03  1.20000000e+00  1.42425897e-03  1.20007077e+00  1.42425897e-03  1.20000227e+00 
 1.42525897e-03  0.00000000e+00  1.42525897e-03  1.20000000e+00  1.42525897e-03  1.20000000e+00  1.42525897e-03  1.19992908e+00  1.42525897e-03  1.19999764e+00 
 1.42625897e-03  0.00000000e+00  1.42625897e-03  1.20000000e+00  1.42625897e-03  1.20000000e+00  1.42625897e-03  1.20007076e+00  1.42625897e-03  1.20000227e+00 
 1.42725897e-03  0.00000000e+00  1.42725897e-03  1.20000000e+00  1.42725897e-03  1.20000000e+00  1.42725897e-03  1.19992909e+00  1.42725897e-03  1.19999764e+00 
 1.42825897e-03  0.00000000e+00  1.42825897e-03  1.20000000e+00  1.42825897e-03  1.20000000e+00  1.42825897e-03  1.20007075e+00  1.42825897e-03  1.20000227e+00 
 1.42925897e-03  0.00000000e+00  1.42925897e-03  1.20000000e+00  1.42925897e-03  1.20000000e+00  1.42925897e-03  1.19992910e+00  1.42925897e-03  1.19999764e+00 
 1.43025897e-03  0.00000000e+00  1.43025897e-03  1.20000000e+00  1.43025897e-03  1.20000000e+00  1.43025897e-03  1.20007075e+00  1.43025897e-03  1.20000227e+00 
 1.43125897e-03  0.00000000e+00  1.43125897e-03  1.20000000e+00  1.43125897e-03  1.20000000e+00  1.43125897e-03  1.19992910e+00  1.43125897e-03  1.19999764e+00 
 1.43225897e-03  0.00000000e+00  1.43225897e-03  1.20000000e+00  1.43225897e-03  1.20000000e+00  1.43225897e-03  1.20007074e+00  1.43225897e-03  1.20000227e+00 
 1.43325897e-03  0.00000000e+00  1.43325897e-03  1.20000000e+00  1.43325897e-03  1.20000000e+00  1.43325897e-03  1.19992911e+00  1.43325897e-03  1.19999764e+00 
 1.43425897e-03  0.00000000e+00  1.43425897e-03  1.20000000e+00  1.43425897e-03  1.20000000e+00  1.43425897e-03  1.20007073e+00  1.43425897e-03  1.20000227e+00 
 1.43525897e-03  0.00000000e+00  1.43525897e-03  1.20000000e+00  1.43525897e-03  1.20000000e+00  1.43525897e-03  1.19992912e+00  1.43525897e-03  1.19999764e+00 
 1.43625897e-03  0.00000000e+00  1.43625897e-03  1.20000000e+00  1.43625897e-03  1.20000000e+00  1.43625897e-03  1.20007073e+00  1.43625897e-03  1.20000227e+00 
 1.43725897e-03  0.00000000e+00  1.43725897e-03  1.20000000e+00  1.43725897e-03  1.20000000e+00  1.43725897e-03  1.19992912e+00  1.43725897e-03  1.19999764e+00 
 1.43825897e-03  0.00000000e+00  1.43825897e-03  1.20000000e+00  1.43825897e-03  1.20000000e+00  1.43825897e-03  1.20007072e+00  1.43825897e-03  1.20000227e+00 
 1.43925897e-03  0.00000000e+00  1.43925897e-03  1.20000000e+00  1.43925897e-03  1.20000000e+00  1.43925897e-03  1.19992913e+00  1.43925897e-03  1.19999764e+00 
 1.44025897e-03  0.00000000e+00  1.44025897e-03  1.20000000e+00  1.44025897e-03  1.20000000e+00  1.44025897e-03  1.20007071e+00  1.44025897e-03  1.20000227e+00 
 1.44125897e-03  0.00000000e+00  1.44125897e-03  1.20000000e+00  1.44125897e-03  1.20000000e+00  1.44125897e-03  1.19992914e+00  1.44125897e-03  1.19999764e+00 
 1.44225897e-03  0.00000000e+00  1.44225897e-03  1.20000000e+00  1.44225897e-03  1.20000000e+00  1.44225897e-03  1.20007071e+00  1.44225897e-03  1.20000227e+00 
 1.44325897e-03  0.00000000e+00  1.44325897e-03  1.20000000e+00  1.44325897e-03  1.20000000e+00  1.44325897e-03  1.19992914e+00  1.44325897e-03  1.19999764e+00 
 1.44425897e-03  0.00000000e+00  1.44425897e-03  1.20000000e+00  1.44425897e-03  1.20000000e+00  1.44425897e-03  1.20007070e+00  1.44425897e-03  1.20000227e+00 
 1.44525897e-03  0.00000000e+00  1.44525897e-03  1.20000000e+00  1.44525897e-03  1.20000000e+00  1.44525897e-03  1.19992915e+00  1.44525897e-03  1.19999764e+00 
 1.44625897e-03  0.00000000e+00  1.44625897e-03  1.20000000e+00  1.44625897e-03  1.20000000e+00  1.44625897e-03  1.20007069e+00  1.44625897e-03  1.20000227e+00 
 1.44725897e-03  0.00000000e+00  1.44725897e-03  1.20000000e+00  1.44725897e-03  1.20000000e+00  1.44725897e-03  1.19992916e+00  1.44725897e-03  1.19999764e+00 
 1.44825897e-03  0.00000000e+00  1.44825897e-03  1.20000000e+00  1.44825897e-03  1.20000000e+00  1.44825897e-03  1.20007069e+00  1.44825897e-03  1.20000227e+00 
 1.44912948e-03  0.00000000e+00  1.44912948e-03  1.20000000e+00  1.44912948e-03  1.20000000e+00  1.44912948e-03  1.19992916e+00  1.44912948e-03  1.19999764e+00 
 1.45000000e-03  2.60208521e-10  1.45000000e-03  1.20000000e+00  1.45000000e-03  1.20000000e+00  1.45000000e-03  1.20007068e+00  1.45000000e-03  1.20000227e+00 
 1.45000010e-03  1.20000000e-01  1.45000010e-03  1.20000000e+00  1.45000010e-03  1.20000000e+00  1.45000010e-03  1.20000812e+00  1.45000010e-03  1.19999991e+00 
 1.45000030e-03  3.60000000e-01  1.45000030e-03  1.20000000e+00  1.45000030e-03  1.20000000e+00  1.45000030e-03  1.19999259e+00  1.45000030e-03  1.19999995e+00 
 1.45000065e-03  7.80000000e-01  1.45000065e-03  1.20000000e+00  1.45000065e-03  1.20000000e+00  1.45000065e-03  1.19998999e+00  1.45000065e-03  1.19997538e+00 
 1.45000100e-03  1.20000000e+00  1.45000100e-03  1.20000000e+00  1.45000100e-03  1.20000000e+00  1.45000100e-03  1.20177825e+00  1.45000100e-03  1.90053074e-02 
 1.45000104e-03  1.20000000e+00  1.45000104e-03  1.20000000e+00  1.45000104e-03  1.20000000e+00  1.45000104e-03  1.20108609e+00  1.45000104e-03  3.64500112e-03 
 1.45000111e-03  1.20000000e+00  1.45000111e-03  1.20000000e+00  1.45000111e-03  1.20000000e+00  1.45000111e-03  1.19972987e+00  1.45000111e-03 -1.38205766e-03 
 1.45000126e-03  1.20000000e+00  1.45000126e-03  1.20000000e+00  1.45000126e-03  1.20000000e+00  1.45000126e-03  1.20010722e+00  1.45000126e-03  9.86947754e-04 
 1.45000146e-03  1.20000000e+00  1.45000146e-03  1.20000000e+00  1.45000146e-03  1.20000000e+00  1.45000146e-03  1.19996712e+00  1.45000146e-03 -7.41876746e-04 
 1.45000179e-03  1.20000000e+00  1.45000179e-03  1.20000000e+00  1.45000179e-03  1.20000000e+00  1.45000179e-03  1.20000086e+00  1.45000179e-03  6.53482919e-04 
 1.45000244e-03  1.20000000e+00  1.45000244e-03  1.20000000e+00  1.45000244e-03  1.20000000e+00  1.45000244e-03  1.20001206e+00  1.45000244e-03 -5.98087204e-04 
 1.45000370e-03  1.20000000e+00  1.45000370e-03  1.20000000e+00  1.45000370e-03  1.20000000e+00  1.45000370e-03  1.19998165e+00  1.45000370e-03  5.86246378e-04 
 1.45000623e-03  1.20000000e+00  1.45000623e-03  1.20000000e+00  1.45000623e-03  1.20000000e+00  1.45000623e-03  1.20002112e+00  1.45000623e-03 -5.66804324e-04 
 1.45001127e-03  1.20000000e+00  1.45001127e-03  1.20000000e+00  1.45001127e-03  1.20000000e+00  1.45001127e-03  1.19997732e+00  1.45001127e-03  5.70504326e-04 
 1.45002135e-03  1.20000000e+00  1.45002135e-03  1.20000000e+00  1.45002135e-03  1.20000000e+00  1.45002135e-03  1.20002324e+00  1.45002135e-03 -5.59337126e-04 
 1.45004152e-03  1.20000000e+00  1.45004152e-03  1.20000000e+00  1.45004152e-03  1.20000000e+00  1.45004152e-03  1.19997627e+00  1.45004152e-03  5.66661592e-04 
 1.45008185e-03  1.20000000e+00  1.45008185e-03  1.20000000e+00  1.45008185e-03  1.20000000e+00  1.45008185e-03  1.20002376e+00  1.45008185e-03 -5.57491664e-04 
 1.45016252e-03  1.20000000e+00  1.45016252e-03  1.20000000e+00  1.45016252e-03  1.20000000e+00  1.45016252e-03  1.19997601e+00  1.45016252e-03  5.65706600e-04 
 1.45032385e-03  1.20000000e+00  1.45032385e-03  1.20000000e+00  1.45032385e-03  1.20000000e+00  1.45032385e-03  1.20002389e+00  1.45032385e-03 -5.57031620e-04 
 1.45064651e-03  1.20000000e+00  1.45064651e-03  1.20000000e+00  1.45064651e-03  1.20000000e+00  1.45064651e-03  1.19997595e+00  1.45064651e-03  5.65468207e-04 
 1.45129184e-03  1.20000000e+00  1.45129184e-03  1.20000000e+00  1.45129184e-03  1.20000000e+00  1.45129184e-03  1.20002392e+00  1.45129184e-03 -5.56916692e-04 
 1.45229184e-03  1.20000000e+00  1.45229184e-03  1.20000000e+00  1.45229184e-03  1.20000000e+00  1.45229184e-03  1.19997593e+00  1.45229184e-03  5.65402859e-04 
 1.45329184e-03  1.20000000e+00  1.45329184e-03  1.20000000e+00  1.45329184e-03  1.20000000e+00  1.45329184e-03  1.20002393e+00  1.45329184e-03 -5.56867258e-04 
 1.45429184e-03  1.20000000e+00  1.45429184e-03  1.20000000e+00  1.45429184e-03  1.20000000e+00  1.45429184e-03  1.19997592e+00  1.45429184e-03  5.65351605e-04 
 1.45529184e-03  1.20000000e+00  1.45529184e-03  1.20000000e+00  1.45529184e-03  1.20000000e+00  1.45529184e-03  1.20002395e+00  1.45529184e-03 -5.56817830e-04 
 1.45629184e-03  1.20000000e+00  1.45629184e-03  1.20000000e+00  1.45629184e-03  1.20000000e+00  1.45629184e-03  1.19997590e+00  1.45629184e-03  5.65300357e-04 
 1.45729184e-03  1.20000000e+00  1.45729184e-03  1.20000000e+00  1.45729184e-03  1.20000000e+00  1.45729184e-03  1.20002396e+00  1.45729184e-03 -5.56768409e-04 
 1.45829184e-03  1.20000000e+00  1.45829184e-03  1.20000000e+00  1.45829184e-03  1.20000000e+00  1.45829184e-03  1.19997589e+00  1.45829184e-03  5.65249116e-04 
 1.45929184e-03  1.20000000e+00  1.45929184e-03  1.20000000e+00  1.45929184e-03  1.20000000e+00  1.45929184e-03  1.20002398e+00  1.45929184e-03 -5.56718993e-04 
 1.46029184e-03  1.20000000e+00  1.46029184e-03  1.20000000e+00  1.46029184e-03  1.20000000e+00  1.46029184e-03  1.19997588e+00  1.46029184e-03  5.65197882e-04 
 1.46129184e-03  1.20000000e+00  1.46129184e-03  1.20000000e+00  1.46129184e-03  1.20000000e+00  1.46129184e-03  1.20002399e+00  1.46129184e-03 -5.56669584e-04 
 1.46229184e-03  1.20000000e+00  1.46229184e-03  1.20000000e+00  1.46229184e-03  1.20000000e+00  1.46229184e-03  1.19997586e+00  1.46229184e-03  5.65146654e-04 
 1.46329184e-03  1.20000000e+00  1.46329184e-03  1.20000000e+00  1.46329184e-03  1.20000000e+00  1.46329184e-03  1.20002400e+00  1.46329184e-03 -5.56620181e-04 
 1.46429184e-03  1.20000000e+00  1.46429184e-03  1.20000000e+00  1.46429184e-03  1.20000000e+00  1.46429184e-03  1.19997585e+00  1.46429184e-03  5.65095432e-04 
 1.46529184e-03  1.20000000e+00  1.46529184e-03  1.20000000e+00  1.46529184e-03  1.20000000e+00  1.46529184e-03  1.20002402e+00  1.46529184e-03 -5.56570783e-04 
 1.46629184e-03  1.20000000e+00  1.46629184e-03  1.20000000e+00  1.46629184e-03  1.20000000e+00  1.46629184e-03  1.19997583e+00  1.46629184e-03  5.65044217e-04 
 1.46729184e-03  1.20000000e+00  1.46729184e-03  1.20000000e+00  1.46729184e-03  1.20000000e+00  1.46729184e-03  1.20002403e+00  1.46729184e-03 -5.56521392e-04 
 1.46829184e-03  1.20000000e+00  1.46829184e-03  1.20000000e+00  1.46829184e-03  1.20000000e+00  1.46829184e-03  1.19997582e+00  1.46829184e-03  5.64993009e-04 
 1.46929184e-03  1.20000000e+00  1.46929184e-03  1.20000000e+00  1.46929184e-03  1.20000000e+00  1.46929184e-03  1.20002405e+00  1.46929184e-03 -5.56472007e-04 
 1.47029184e-03  1.20000000e+00  1.47029184e-03  1.20000000e+00  1.47029184e-03  1.20000000e+00  1.47029184e-03  1.19997581e+00  1.47029184e-03  5.64941807e-04 
 1.47129184e-03  1.20000000e+00  1.47129184e-03  1.20000000e+00  1.47129184e-03  1.20000000e+00  1.47129184e-03  1.20002406e+00  1.47129184e-03 -5.56422628e-04 
 1.47229184e-03  1.20000000e+00  1.47229184e-03  1.20000000e+00  1.47229184e-03  1.20000000e+00  1.47229184e-03  1.19997579e+00  1.47229184e-03  5.64890612e-04 
 1.47329184e-03  1.20000000e+00  1.47329184e-03  1.20000000e+00  1.47329184e-03  1.20000000e+00  1.47329184e-03  1.20002407e+00  1.47329184e-03 -5.56373256e-04 
 1.47429184e-03  1.20000000e+00  1.47429184e-03  1.20000000e+00  1.47429184e-03  1.20000000e+00  1.47429184e-03  1.19997578e+00  1.47429184e-03  5.64839423e-04 
 1.47529184e-03  1.20000000e+00  1.47529184e-03  1.20000000e+00  1.47529184e-03  1.20000000e+00  1.47529184e-03  1.20002409e+00  1.47529184e-03 -5.56323889e-04 
 1.47629184e-03  1.20000000e+00  1.47629184e-03  1.20000000e+00  1.47629184e-03  1.20000000e+00  1.47629184e-03  1.19997576e+00  1.47629184e-03  5.64788241e-04 
 1.47729184e-03  1.20000000e+00  1.47729184e-03  1.20000000e+00  1.47729184e-03  1.20000000e+00  1.47729184e-03  1.20002410e+00  1.47729184e-03 -5.56274529e-04 
 1.47829184e-03  1.20000000e+00  1.47829184e-03  1.20000000e+00  1.47829184e-03  1.20000000e+00  1.47829184e-03  1.19997575e+00  1.47829184e-03  5.64737065e-04 
 1.47929184e-03  1.20000000e+00  1.47929184e-03  1.20000000e+00  1.47929184e-03  1.20000000e+00  1.47929184e-03  1.20002412e+00  1.47929184e-03 -5.56225174e-04 
 1.48029184e-03  1.20000000e+00  1.48029184e-03  1.20000000e+00  1.48029184e-03  1.20000000e+00  1.48029184e-03  1.19997574e+00  1.48029184e-03  5.64685896e-04 
 1.48129184e-03  1.20000000e+00  1.48129184e-03  1.20000000e+00  1.48129184e-03  1.20000000e+00  1.48129184e-03  1.20002413e+00  1.48129184e-03 -5.56175826e-04 
 1.48229184e-03  1.20000000e+00  1.48229184e-03  1.20000000e+00  1.48229184e-03  1.20000000e+00  1.48229184e-03  1.19997572e+00  1.48229184e-03  5.64634733e-04 
 1.48329184e-03  1.20000000e+00  1.48329184e-03  1.20000000e+00  1.48329184e-03  1.20000000e+00  1.48329184e-03  1.20002414e+00  1.48329184e-03 -5.56126484e-04 
 1.48429184e-03  1.20000000e+00  1.48429184e-03  1.20000000e+00  1.48429184e-03  1.20000000e+00  1.48429184e-03  1.19997571e+00  1.48429184e-03  5.64583577e-04 
 1.48529184e-03  1.20000000e+00  1.48529184e-03  1.20000000e+00  1.48529184e-03  1.20000000e+00  1.48529184e-03  1.20002416e+00  1.48529184e-03 -5.56077147e-04 
 1.48629184e-03  1.20000000e+00  1.48629184e-03  1.20000000e+00  1.48629184e-03  1.20000000e+00  1.48629184e-03  1.19997569e+00  1.48629184e-03  5.64532427e-04 
 1.48729184e-03  1.20000000e+00  1.48729184e-03  1.20000000e+00  1.48729184e-03  1.20000000e+00  1.48729184e-03  1.20002417e+00  1.48729184e-03 -5.56027817e-04 
 1.48829184e-03  1.20000000e+00  1.48829184e-03  1.20000000e+00  1.48829184e-03  1.20000000e+00  1.48829184e-03  1.19997568e+00  1.48829184e-03  5.64481284e-04 
 1.48929184e-03  1.20000000e+00  1.48929184e-03  1.20000000e+00  1.48929184e-03  1.20000000e+00  1.48929184e-03  1.20002418e+00  1.48929184e-03 -5.55978493e-04 
 1.49029184e-03  1.20000000e+00  1.49029184e-03  1.20000000e+00  1.49029184e-03  1.20000000e+00  1.49029184e-03  1.19997567e+00  1.49029184e-03  5.64430147e-04 
 1.49129184e-03  1.20000000e+00  1.49129184e-03  1.20000000e+00  1.49129184e-03  1.20000000e+00  1.49129184e-03  1.20002420e+00  1.49129184e-03 -5.55929176e-04 
 1.49229184e-03  1.20000000e+00  1.49229184e-03  1.20000000e+00  1.49229184e-03  1.20000000e+00  1.49229184e-03  1.19997565e+00  1.49229184e-03  5.64379017e-04 
 1.49329184e-03  1.20000000e+00  1.49329184e-03  1.20000000e+00  1.49329184e-03  1.20000000e+00  1.49329184e-03  1.20002421e+00  1.49329184e-03 -5.55879864e-04 
 1.49429184e-03  1.20000000e+00  1.49429184e-03  1.20000000e+00  1.49429184e-03  1.20000000e+00  1.49429184e-03  1.19997564e+00  1.49429184e-03  5.64327894e-04 
 1.49529184e-03  1.20000000e+00  1.49529184e-03  1.20000000e+00  1.49529184e-03  1.20000000e+00  1.49529184e-03  1.20002423e+00  1.49529184e-03 -5.55830558e-04 
 1.49629184e-03  1.20000000e+00  1.49629184e-03  1.20000000e+00  1.49629184e-03  1.20000000e+00  1.49629184e-03  1.19997563e+00  1.49629184e-03  5.64276777e-04 
 1.49729184e-03  1.20000000e+00  1.49729184e-03  1.20000000e+00  1.49729184e-03  1.20000000e+00  1.49729184e-03  1.20002424e+00  1.49729184e-03 -5.55781259e-04 
 1.49829184e-03  1.20000000e+00  1.49829184e-03  1.20000000e+00  1.49829184e-03  1.20000000e+00  1.49829184e-03  1.19997561e+00  1.49829184e-03  5.64225666e-04 
 1.49914642e-03  1.20000000e+00  1.49914642e-03  1.20000000e+00  1.49914642e-03  1.20000000e+00  1.49914642e-03  1.20002426e+00  1.49914642e-03 -5.55727771e-04 
 1.50000100e-03  1.20000000e+00  1.50000100e-03  1.20000000e+00  1.50000100e-03  1.20000000e+00  1.50000100e-03  1.19997560e+00  1.50000100e-03  5.64165867e-04 
 1.50000110e-03  1.08000000e+00  1.50000110e-03  1.20000000e+00  1.50000110e-03  1.20000000e+00  1.50000110e-03  1.20001388e+00  1.50000110e-03  5.45850039e-05 
 1.50000130e-03  8.40000000e-01  1.50000130e-03  1.20000000e+00  1.50000130e-03  1.20000000e+00  1.50000130e-03  1.19999180e+00  1.50000130e-03 -3.97034530e-05 
 1.50000165e-03  4.20000000e-01  1.50000165e-03  1.20000000e+00  1.50000165e-03  1.20000000e+00  1.50000165e-03  1.19999939e+00  1.50000165e-03  3.34167091e-05 
 1.50000200e-03  6.24209573e-11  1.50000200e-03  1.20000000e+00  1.50000200e-03  1.20000000e+00  1.50000200e-03  1.20003411e+00  1.50000200e-03 -2.78741898e-05 
 1.50000204e-03  0.00000000e+00  1.50000204e-03  1.20000000e+00  1.50000204e-03  1.20000000e+00  1.50000204e-03  1.19992566e+00  1.50000204e-03 -7.99779070e-06 
 1.50000212e-03  0.00000000e+00  1.50000212e-03  1.20000000e+00  1.50000212e-03  1.20000000e+00  1.50000212e-03  1.20001039e+00  1.50000212e-03  3.75574572e-06 
 1.50000227e-03  0.00000000e+00  1.50000227e-03  1.20000000e+00  1.50000227e-03  1.20000000e+00  1.50000227e-03  1.20000409e+00  1.50000227e-03 -2.59337145e-06 
 1.50000258e-03  0.00000000e+00  1.50000258e-03  1.20000000e+00  1.50000258e-03  1.20000000e+00  1.50000258e-03  1.19999076e+00  1.50000258e-03  2.32654348e-06 
 1.50000319e-03  0.00000000e+00  1.50000319e-03  1.20000000e+00  1.50000319e-03  1.20000000e+00  1.50000319e-03  1.20001118e+00  1.50000319e-03 -2.03830556e-06 
 1.50000442e-03  0.00000000e+00  1.50000442e-03  1.20000000e+00  1.50000442e-03  1.20000000e+00  1.50000442e-03  1.19998774e+00  1.50000442e-03  2.07943537e-06 
 1.50000687e-03  0.00000000e+00  1.50000687e-03  1.20000000e+00  1.50000687e-03  1.20000000e+00  1.50000687e-03  1.20001258e+00  1.50000687e-03 -1.92147098e-06 
 1.50001178e-03  0.00000000e+00  1.50001178e-03  1.20000000e+00  1.50001178e-03  1.20000000e+00  1.50001178e-03  1.19998706e+00  1.50001178e-03  2.02258216e-06 
 1.50002161e-03  0.00000000e+00  1.50002161e-03  1.20000000e+00  1.50002161e-03  1.20000000e+00  1.50002161e-03  1.20001291e+00  1.50002161e-03 -1.89342840e-06 
 1.50004125e-03  0.00000000e+00  1.50004125e-03  1.20000000e+00  1.50004125e-03  1.20000000e+00  1.50004125e-03  1.19998690e+00  1.50004125e-03  2.00865294e-06 
 1.50008054e-03  0.00000000e+00  1.50008054e-03  1.20000000e+00  1.50008054e-03  1.20000000e+00  1.50008054e-03  1.20001299e+00  1.50008054e-03 -1.88648784e-06 
 1.50015913e-03  0.00000000e+00  1.50015913e-03  1.20000000e+00  1.50015913e-03  1.20000000e+00  1.50015913e-03  1.19998686e+00  1.50015913e-03  2.00518804e-06 
 1.50031629e-03  0.00000000e+00  1.50031629e-03  1.20000000e+00  1.50031629e-03  1.20000000e+00  1.50031629e-03  1.20001301e+00  1.50031629e-03 -1.88475703e-06 
 1.50063062e-03  0.00000000e+00  1.50063062e-03  1.20000000e+00  1.50063062e-03  1.20000000e+00  1.50063062e-03  1.19998685e+00  1.50063062e-03  2.00432290e-06 
 1.50125928e-03  0.00000000e+00  1.50125928e-03  1.20000000e+00  1.50125928e-03  1.20000000e+00  1.50125928e-03  1.20001301e+00  1.50125928e-03 -1.88432460e-06 
 1.50225928e-03  0.00000000e+00  1.50225928e-03  1.20000000e+00  1.50225928e-03  1.20000000e+00  1.50225928e-03  1.19998685e+00  1.50225928e-03  2.00408814e-06 
 1.50325928e-03  0.00000000e+00  1.50325928e-03  1.20000000e+00  1.50325928e-03  1.20000000e+00  1.50325928e-03  1.20001301e+00  1.50325928e-03 -1.88414340e-06 
 1.50425928e-03  0.00000000e+00  1.50425928e-03  1.20000000e+00  1.50425928e-03  1.20000000e+00  1.50425928e-03  1.19998685e+00  1.50425928e-03  2.00390693e-06 
 1.50525928e-03  0.00000000e+00  1.50525928e-03  1.20000000e+00  1.50525928e-03  1.20000000e+00  1.50525928e-03  1.20001302e+00  1.50525928e-03 -1.88396222e-06 
 1.50625928e-03  0.00000000e+00  1.50625928e-03  1.20000000e+00  1.50625928e-03  1.20000000e+00  1.50625928e-03  1.19998684e+00  1.50625928e-03  2.00372573e-06 
 1.50725928e-03  0.00000000e+00  1.50725928e-03  1.20000000e+00  1.50725928e-03  1.20000000e+00  1.50725928e-03  1.20001302e+00  1.50725928e-03 -1.88378106e-06 
 1.50825928e-03  0.00000000e+00  1.50825928e-03  1.20000000e+00  1.50825928e-03  1.20000000e+00  1.50825928e-03  1.19998684e+00  1.50825928e-03  2.00354456e-06 
 1.50925928e-03  0.00000000e+00  1.50925928e-03  1.20000000e+00  1.50925928e-03  1.20000000e+00  1.50925928e-03  1.20001302e+00  1.50925928e-03 -1.88359991e-06 
 1.51025928e-03  0.00000000e+00  1.51025928e-03  1.20000000e+00  1.51025928e-03  1.20000000e+00  1.51025928e-03  1.19998684e+00  1.51025928e-03  2.00336340e-06 
 1.51125928e-03  0.00000000e+00  1.51125928e-03  1.20000000e+00  1.51125928e-03  1.20000000e+00  1.51125928e-03  1.20001302e+00  1.51125928e-03 -1.88341879e-06 
 1.51225928e-03  0.00000000e+00  1.51225928e-03  1.20000000e+00  1.51225928e-03  1.20000000e+00  1.51225928e-03  1.19998684e+00  1.51225928e-03  2.00318227e-06 
 1.51325928e-03  0.00000000e+00  1.51325928e-03  1.20000000e+00  1.51325928e-03  1.20000000e+00  1.51325928e-03  1.20001302e+00  1.51325928e-03 -1.88323768e-06 
 1.51425928e-03  0.00000000e+00  1.51425928e-03  1.20000000e+00  1.51425928e-03  1.20000000e+00  1.51425928e-03  1.19998684e+00  1.51425928e-03  2.00300115e-06 
 1.51525928e-03  0.00000000e+00  1.51525928e-03  1.20000000e+00  1.51525928e-03  1.20000000e+00  1.51525928e-03  1.20001303e+00  1.51525928e-03 -1.88305659e-06 
 1.51625928e-03  0.00000000e+00  1.51625928e-03  1.20000000e+00  1.51625928e-03  1.20000000e+00  1.51625928e-03  1.19998683e+00  1.51625928e-03  2.00282005e-06 
 1.51725928e-03  0.00000000e+00  1.51725928e-03  1.20000000e+00  1.51725928e-03  1.20000000e+00  1.51725928e-03  1.20001303e+00  1.51725928e-03 -1.88287552e-06 
 1.51825928e-03  0.00000000e+00  1.51825928e-03  1.20000000e+00  1.51825928e-03  1.20000000e+00  1.51825928e-03  1.19998683e+00  1.51825928e-03  2.00263897e-06 
 1.51925928e-03  0.00000000e+00  1.51925928e-03  1.20000000e+00  1.51925928e-03  1.20000000e+00  1.51925928e-03  1.20001303e+00  1.51925928e-03 -1.88269447e-06 
 1.52025928e-03  0.00000000e+00  1.52025928e-03  1.20000000e+00  1.52025928e-03  1.20000000e+00  1.52025928e-03  1.19998683e+00  1.52025928e-03  2.00245791e-06 
 1.52125928e-03  0.00000000e+00  1.52125928e-03  1.20000000e+00  1.52125928e-03  1.20000000e+00  1.52125928e-03  1.20001303e+00  1.52125928e-03 -1.88251344e-06 
 1.52225928e-03  0.00000000e+00  1.52225928e-03  1.20000000e+00  1.52225928e-03  1.20000000e+00  1.52225928e-03  1.19998683e+00  1.52225928e-03  2.00227687e-06 
 1.52325928e-03  0.00000000e+00  1.52325928e-03  1.20000000e+00  1.52325928e-03  1.20000000e+00  1.52325928e-03  1.20001304e+00  1.52325928e-03 -1.88233243e-06 
 1.52425928e-03  0.00000000e+00  1.52425928e-03  1.20000000e+00  1.52425928e-03  1.20000000e+00  1.52425928e-03  1.19998682e+00  1.52425928e-03  2.00209584e-06 
 1.52525928e-03  0.00000000e+00  1.52525928e-03  1.20000000e+00  1.52525928e-03  1.20000000e+00  1.52525928e-03  1.20001304e+00  1.52525928e-03 -1.88215144e-06 
 1.52625928e-03  0.00000000e+00  1.52625928e-03  1.20000000e+00  1.52625928e-03  1.20000000e+00  1.52625928e-03  1.19998682e+00  1.52625928e-03  2.00191484e-06 
 1.52725928e-03  0.00000000e+00  1.52725928e-03  1.20000000e+00  1.52725928e-03  1.20000000e+00  1.52725928e-03  1.20001304e+00  1.52725928e-03 -1.88197046e-06 
 1.52825928e-03  0.00000000e+00  1.52825928e-03  1.20000000e+00  1.52825928e-03  1.20000000e+00  1.52825928e-03  1.19998682e+00  1.52825928e-03  2.00173385e-06 
 1.52925928e-03  0.00000000e+00  1.52925928e-03  1.20000000e+00  1.52925928e-03  1.20000000e+00  1.52925928e-03  1.20001304e+00  1.52925928e-03 -1.88178951e-06 
 1.53025928e-03  0.00000000e+00  1.53025928e-03  1.20000000e+00  1.53025928e-03  1.20000000e+00  1.53025928e-03  1.19998682e+00  1.53025928e-03  2.00155289e-06 
 1.53125928e-03  0.00000000e+00  1.53125928e-03  1.20000000e+00  1.53125928e-03  1.20000000e+00  1.53125928e-03  1.20001304e+00  1.53125928e-03 -1.88160857e-06 
 1.53225928e-03  0.00000000e+00  1.53225928e-03  1.20000000e+00  1.53225928e-03  1.20000000e+00  1.53225928e-03  1.19998682e+00  1.53225928e-03  2.00137194e-06 
 1.53325928e-03  0.00000000e+00  1.53325928e-03  1.20000000e+00  1.53325928e-03  1.20000000e+00  1.53325928e-03  1.20001305e+00  1.53325928e-03 -1.88142765e-06 
 1.53425928e-03  0.00000000e+00  1.53425928e-03  1.20000000e+00  1.53425928e-03  1.20000000e+00  1.53425928e-03  1.19998681e+00  1.53425928e-03  2.00119101e-06 
 1.53525928e-03  0.00000000e+00  1.53525928e-03  1.20000000e+00  1.53525928e-03  1.20000000e+00  1.53525928e-03  1.20001305e+00  1.53525928e-03 -1.88124676e-06 
 1.53625928e-03  0.00000000e+00  1.53625928e-03  1.20000000e+00  1.53625928e-03  1.20000000e+00  1.53625928e-03  1.19998681e+00  1.53625928e-03  2.00101010e-06 
 1.53725928e-03  0.00000000e+00  1.53725928e-03  1.20000000e+00  1.53725928e-03  1.20000000e+00  1.53725928e-03  1.20001305e+00  1.53725928e-03 -1.88106588e-06 
 1.53825928e-03  0.00000000e+00  1.53825928e-03  1.20000000e+00  1.53825928e-03  1.20000000e+00  1.53825928e-03  1.19998681e+00  1.53825928e-03  2.00082921e-06 
 1.53925928e-03  0.00000000e+00  1.53925928e-03  1.20000000e+00  1.53925928e-03  1.20000000e+00  1.53925928e-03  1.20001305e+00  1.53925928e-03 -1.88088502e-06 
 1.54025928e-03  0.00000000e+00  1.54025928e-03  1.20000000e+00  1.54025928e-03  1.20000000e+00  1.54025928e-03  1.19998681e+00  1.54025928e-03  2.00064834e-06 
 1.54125928e-03  0.00000000e+00  1.54125928e-03  1.20000000e+00  1.54125928e-03  1.20000000e+00  1.54125928e-03  1.20001305e+00  1.54125928e-03 -1.88070418e-06 
 1.54225928e-03  0.00000000e+00  1.54225928e-03  1.20000000e+00  1.54225928e-03  1.20000000e+00  1.54225928e-03  1.19998681e+00  1.54225928e-03  2.00046749e-06 
 1.54325928e-03  0.00000000e+00  1.54325928e-03  1.20000000e+00  1.54325928e-03  1.20000000e+00  1.54325928e-03  1.20001306e+00  1.54325928e-03 -1.88052335e-06 
 1.54425928e-03  0.00000000e+00  1.54425928e-03  1.20000000e+00  1.54425928e-03  1.20000000e+00  1.54425928e-03  1.19998680e+00  1.54425928e-03  2.00028665e-06 
 1.54525928e-03  0.00000000e+00  1.54525928e-03  1.20000000e+00  1.54525928e-03  1.20000000e+00  1.54525928e-03  1.20001306e+00  1.54525928e-03 -1.88034255e-06 
 1.54625928e-03  0.00000000e+00  1.54625928e-03  1.20000000e+00  1.54625928e-03  1.20000000e+00  1.54625928e-03  1.19998680e+00  1.54625928e-03  2.00010584e-06 
 1.54725928e-03  0.00000000e+00  1.54725928e-03  1.20000000e+00  1.54725928e-03  1.20000000e+00  1.54725928e-03  1.20001306e+00  1.54725928e-03 -1.88016177e-06 
 1.54825928e-03  0.00000000e+00  1.54825928e-03  1.20000000e+00  1.54825928e-03  1.20000000e+00  1.54825928e-03  1.19998680e+00  1.54825928e-03  1.99992504e-06 
 1.54912964e-03  0.00000000e+00  1.54912964e-03  1.20000000e+00  1.54912964e-03  1.20000000e+00  1.54912964e-03  1.20001306e+00  1.54912964e-03 -1.87996754e-06 
 1.55000000e-03  0.00000000e+00  1.55000000e-03  1.20000000e+00  1.55000000e-03  1.20000000e+00  1.55000000e-03  1.19998680e+00  1.55000000e-03  1.99971734e-06 
 1.55000010e-03  1.20000000e-01  1.55000010e-03  1.20000000e+00  1.55000010e-03  1.20000000e+00  1.55000010e-03  1.20000261e+00  1.55000010e-03  2.60667065e-07 
 1.55000030e-03  3.60000000e-01  1.55000030e-03  1.20000000e+00  1.55000030e-03  1.20000000e+00  1.55000030e-03  1.19999755e+00  1.55000030e-03 -9.82323959e-08 
 1.55000065e-03  7.80000000e-01  1.55000065e-03  1.20000000e+00  1.55000065e-03  1.20000000e+00  1.55000065e-03  1.19999185e+00  1.55000065e-03  1.98876284e-07 
 1.55000100e-03  1.20000000e+00  1.55000100e-03  1.20000000e+00  1.55000100e-03  1.20000000e+00  1.55000100e-03  1.20002210e+00  1.55000100e-03 -6.20102487e-08 
 1.55000104e-03  1.20000000e+00  1.55000104e-03  1.20000000e+00  1.55000104e-03  1.20000000e+00  1.55000104e-03  1.19999186e+00  1.55000104e-03  9.89524269e-08 
 1.55000112e-03  1.20000000e+00  1.55000112e-03  1.20000000e+00  1.55000112e-03  1.20000000e+00  1.55000112e-03  1.19999827e+00  1.55000112e-03 -1.27788135e-07 
 1.55000128e-03  1.20000000e+00  1.55000128e-03  1.20000000e+00  1.55000128e-03  1.20000000e+00  1.55000128e-03  1.20000241e+00  1.55000128e-03  3.02148247e-07 
 1.55000161e-03  1.20000000e+00  1.55000161e-03  1.20000000e+00  1.55000161e-03  1.20000000e+00  1.55000161e-03  1.19999733e+00  1.55000161e-03 -1.96081111e-07 
 1.55000226e-03  1.20000000e+00  1.55000226e-03  1.20000000e+00  1.55000226e-03  1.20000000e+00  1.55000226e-03  1.20000255e+00  1.55000226e-03  3.20221496e-07 
 1.55000356e-03  1.20000000e+00  1.55000356e-03  1.20000000e+00  1.55000356e-03  1.20000000e+00  1.55000356e-03  1.19999731e+00  1.55000356e-03 -2.02141363e-07 
 1.55000617e-03  1.20000000e+00  1.55000617e-03  1.20000000e+00  1.55000617e-03  1.20000000e+00  1.55000617e-03  1.20000255e+00  1.55000617e-03  3.22601756e-07 
 1.55001138e-03  1.20000000e+00  1.55001138e-03  1.20000000e+00  1.55001138e-03  1.20000000e+00  1.55001138e-03  1.19999732e+00  1.55001138e-03 -2.03179577e-07 
 1.55002179e-03  1.20000000e+00  1.55002179e-03  1.20000000e+00  1.55002179e-03  1.20000000e+00  1.55002179e-03  1.20000254e+00  1.55002179e-03  3.23084167e-07 
 1.55004262e-03  1.20000000e+00  1.55004262e-03  1.20000000e+00  1.55004262e-03  1.20000000e+00  1.55004262e-03  1.19999732e+00  1.55004262e-03 -2.03411743e-07 
 1.55008429e-03  1.20000000e+00  1.55008429e-03  1.20000000e+00  1.55008429e-03  1.20000000e+00  1.55008429e-03  1.20000254e+00  1.55008429e-03  3.23198018e-07 
 1.55016761e-03  1.20000000e+00  1.55016761e-03  1.20000000e+00  1.55016761e-03  1.20000000e+00  1.55016761e-03  1.19999732e+00  1.55016761e-03 -2.03468108e-07 
 1.55033426e-03  1.20000000e+00  1.55033426e-03  1.20000000e+00  1.55033426e-03  1.20000000e+00  1.55033426e-03  1.20000254e+00  1.55033426e-03  3.23226063e-07 
 1.55066757e-03  1.20000000e+00  1.55066757e-03  1.20000000e+00  1.55066757e-03  1.20000000e+00  1.55066757e-03  1.19999732e+00  1.55066757e-03 -2.03482095e-07 
 1.55133418e-03  1.20000000e+00  1.55133418e-03  1.20000000e+00  1.55133418e-03  1.20000000e+00  1.55133418e-03  1.20000254e+00  1.55133418e-03  3.23233048e-07 
 1.55233418e-03  1.20000000e+00  1.55233418e-03  1.20000000e+00  1.55233418e-03  1.20000000e+00  1.55233418e-03  1.19999732e+00  1.55233418e-03 -2.03485973e-07 
 1.55333418e-03  1.20000000e+00  1.55333418e-03  1.20000000e+00  1.55333418e-03  1.20000000e+00  1.55333418e-03  1.20000254e+00  1.55333418e-03  3.23236149e-07 
 1.55433418e-03  1.20000000e+00  1.55433418e-03  1.20000000e+00  1.55433418e-03  1.20000000e+00  1.55433418e-03  1.19999732e+00  1.55433418e-03 -2.03489073e-07 
 1.55533418e-03  1.20000000e+00  1.55533418e-03  1.20000000e+00  1.55533418e-03  1.20000000e+00  1.55533418e-03  1.20000254e+00  1.55533418e-03  3.23239248e-07 
 1.55633418e-03  1.20000000e+00  1.55633418e-03  1.20000000e+00  1.55633418e-03  1.20000000e+00  1.55633418e-03  1.19999732e+00  1.55633418e-03 -2.03492171e-07 
 1.55733418e-03  1.20000000e+00  1.55733418e-03  1.20000000e+00  1.55733418e-03  1.20000000e+00  1.55733418e-03  1.20000254e+00  1.55733418e-03  3.23242345e-07 
 1.55833418e-03  1.20000000e+00  1.55833418e-03  1.20000000e+00  1.55833418e-03  1.20000000e+00  1.55833418e-03  1.19999732e+00  1.55833418e-03 -2.03495266e-07 
 1.55933418e-03  1.20000000e+00  1.55933418e-03  1.20000000e+00  1.55933418e-03  1.20000000e+00  1.55933418e-03  1.20000254e+00  1.55933418e-03  3.23245440e-07 
 1.56033418e-03  1.20000000e+00  1.56033418e-03  1.20000000e+00  1.56033418e-03  1.20000000e+00  1.56033418e-03  1.19999732e+00  1.56033418e-03 -2.03498360e-07 
 1.56133418e-03  1.20000000e+00  1.56133418e-03  1.20000000e+00  1.56133418e-03  1.20000000e+00  1.56133418e-03  1.20000254e+00  1.56133418e-03  3.23248533e-07 
 1.56233418e-03  1.20000000e+00  1.56233418e-03  1.20000000e+00  1.56233418e-03  1.20000000e+00  1.56233418e-03  1.19999732e+00  1.56233418e-03 -2.03501451e-07 
 1.56333418e-03  1.20000000e+00  1.56333418e-03  1.20000000e+00  1.56333418e-03  1.20000000e+00  1.56333418e-03  1.20000254e+00  1.56333418e-03  3.23251624e-07 
 1.56433418e-03  1.20000000e+00  1.56433418e-03  1.20000000e+00  1.56433418e-03  1.20000000e+00  1.56433418e-03  1.19999732e+00  1.56433418e-03 -2.03504541e-07 
 1.56533418e-03  1.20000000e+00  1.56533418e-03  1.20000000e+00  1.56533418e-03  1.20000000e+00  1.56533418e-03  1.20000254e+00  1.56533418e-03  3.23254712e-07 
 1.56633418e-03  1.20000000e+00  1.56633418e-03  1.20000000e+00  1.56633418e-03  1.20000000e+00  1.56633418e-03  1.19999732e+00  1.56633418e-03 -2.03507628e-07 
 1.56733418e-03  1.20000000e+00  1.56733418e-03  1.20000000e+00  1.56733418e-03  1.20000000e+00  1.56733418e-03  1.20000254e+00  1.56733418e-03  3.23257799e-07 
 1.56833418e-03  1.20000000e+00  1.56833418e-03  1.20000000e+00  1.56833418e-03  1.20000000e+00  1.56833418e-03  1.19999732e+00  1.56833418e-03 -2.03510714e-07 
 1.56933418e-03  1.20000000e+00  1.56933418e-03  1.20000000e+00  1.56933418e-03  1.20000000e+00  1.56933418e-03  1.20000254e+00  1.56933418e-03  3.23260883e-07 
 1.57033418e-03  1.20000000e+00  1.57033418e-03  1.20000000e+00  1.57033418e-03  1.20000000e+00  1.57033418e-03  1.19999732e+00  1.57033418e-03 -2.03513797e-07 
 1.57133418e-03  1.20000000e+00  1.57133418e-03  1.20000000e+00  1.57133418e-03  1.20000000e+00  1.57133418e-03  1.20000254e+00  1.57133418e-03  3.23263966e-07 
 1.57233418e-03  1.20000000e+00  1.57233418e-03  1.20000000e+00  1.57233418e-03  1.20000000e+00  1.57233418e-03  1.19999732e+00  1.57233418e-03 -2.03516878e-07 
 1.57333418e-03  1.20000000e+00  1.57333418e-03  1.20000000e+00  1.57333418e-03  1.20000000e+00  1.57333418e-03  1.20000254e+00  1.57333418e-03  3.23267046e-07 
 1.57433418e-03  1.20000000e+00  1.57433418e-03  1.20000000e+00  1.57433418e-03  1.20000000e+00  1.57433418e-03  1.19999732e+00  1.57433418e-03 -2.03519957e-07 
 1.57533418e-03  1.20000000e+00  1.57533418e-03  1.20000000e+00  1.57533418e-03  1.20000000e+00  1.57533418e-03  1.20000254e+00  1.57533418e-03  3.23270124e-07 
 1.57633418e-03  1.20000000e+00  1.57633418e-03  1.20000000e+00  1.57633418e-03  1.20000000e+00  1.57633418e-03  1.19999732e+00  1.57633418e-03 -2.03523035e-07 
 1.57733418e-03  1.20000000e+00  1.57733418e-03  1.20000000e+00  1.57733418e-03  1.20000000e+00  1.57733418e-03  1.20000254e+00  1.57733418e-03  3.23273201e-07 
 1.57833418e-03  1.20000000e+00  1.57833418e-03  1.20000000e+00  1.57833418e-03  1.20000000e+00  1.57833418e-03  1.19999732e+00  1.57833418e-03 -2.03526110e-07 
 1.57933418e-03  1.20000000e+00  1.57933418e-03  1.20000000e+00  1.57933418e-03  1.20000000e+00  1.57933418e-03  1.20000254e+00  1.57933418e-03  3.23276275e-07 
 1.58033418e-03  1.20000000e+00  1.58033418e-03  1.20000000e+00  1.58033418e-03  1.20000000e+00  1.58033418e-03  1.19999732e+00  1.58033418e-03 -2.03529183e-07 
 1.58133418e-03  1.20000000e+00  1.58133418e-03  1.20000000e+00  1.58133418e-03  1.20000000e+00  1.58133418e-03  1.20000254e+00  1.58133418e-03  3.23279347e-07 
 1.58233418e-03  1.20000000e+00  1.58233418e-03  1.20000000e+00  1.58233418e-03  1.20000000e+00  1.58233418e-03  1.19999732e+00  1.58233418e-03 -2.03532254e-07 
 1.58333418e-03  1.20000000e+00  1.58333418e-03  1.20000000e+00  1.58333418e-03  1.20000000e+00  1.58333418e-03  1.20000254e+00  1.58333418e-03  3.23282417e-07 
 1.58433418e-03  1.20000000e+00  1.58433418e-03  1.20000000e+00  1.58433418e-03  1.20000000e+00  1.58433418e-03  1.19999732e+00  1.58433418e-03 -2.03535323e-07 
 1.58533418e-03  1.20000000e+00  1.58533418e-03  1.20000000e+00  1.58533418e-03  1.20000000e+00  1.58533418e-03  1.20000254e+00  1.58533418e-03  3.23285485e-07 
 1.58633418e-03  1.20000000e+00  1.58633418e-03  1.20000000e+00  1.58633418e-03  1.20000000e+00  1.58633418e-03  1.19999732e+00  1.58633418e-03 -2.03538390e-07 
 1.58733418e-03  1.20000000e+00  1.58733418e-03  1.20000000e+00  1.58733418e-03  1.20000000e+00  1.58733418e-03  1.20000254e+00  1.58733418e-03  3.23288552e-07 
 1.58833418e-03  1.20000000e+00  1.58833418e-03  1.20000000e+00  1.58833418e-03  1.20000000e+00  1.58833418e-03  1.19999732e+00  1.58833418e-03 -2.03541455e-07 
 1.58933418e-03  1.20000000e+00  1.58933418e-03  1.20000000e+00  1.58933418e-03  1.20000000e+00  1.58933418e-03  1.20000254e+00  1.58933418e-03  3.23291615e-07 
 1.59033418e-03  1.20000000e+00  1.59033418e-03  1.20000000e+00  1.59033418e-03  1.20000000e+00  1.59033418e-03  1.19999732e+00  1.59033418e-03 -2.03544517e-07 
 1.59133418e-03  1.20000000e+00  1.59133418e-03  1.20000000e+00  1.59133418e-03  1.20000000e+00  1.59133418e-03  1.20000254e+00  1.59133418e-03  3.23294677e-07 
 1.59233418e-03  1.20000000e+00  1.59233418e-03  1.20000000e+00  1.59233418e-03  1.20000000e+00  1.59233418e-03  1.19999732e+00  1.59233418e-03 -2.03547578e-07 
 1.59333418e-03  1.20000000e+00  1.59333418e-03  1.20000000e+00  1.59333418e-03  1.20000000e+00  1.59333418e-03  1.20000254e+00  1.59333418e-03  3.23297737e-07 
 1.59433418e-03  1.20000000e+00  1.59433418e-03  1.20000000e+00  1.59433418e-03  1.20000000e+00  1.59433418e-03  1.19999732e+00  1.59433418e-03 -2.03550637e-07 
 1.59533418e-03  1.20000000e+00  1.59533418e-03  1.20000000e+00  1.59533418e-03  1.20000000e+00  1.59533418e-03  1.20000254e+00  1.59533418e-03  3.23300795e-07 
 1.59633418e-03  1.20000000e+00  1.59633418e-03  1.20000000e+00  1.59633418e-03  1.20000000e+00  1.59633418e-03  1.19999732e+00  1.59633418e-03 -2.03553694e-07 
 1.59733418e-03  1.20000000e+00  1.59733418e-03  1.20000000e+00  1.59733418e-03  1.20000000e+00  1.59733418e-03  1.20000254e+00  1.59733418e-03  3.23303851e-07 
 1.59833418e-03  1.20000000e+00  1.59833418e-03  1.20000000e+00  1.59833418e-03  1.20000000e+00  1.59833418e-03  1.19999732e+00  1.59833418e-03 -2.03556748e-07 
 1.59916759e-03  1.20000000e+00  1.59916759e-03  1.20000000e+00  1.59916759e-03  1.20000000e+00  1.59916759e-03  1.20000254e+00  1.59916759e-03  3.23307210e-07 
 1.60000100e-03  1.20000000e+00  1.60000100e-03  1.20000000e+00  1.60000100e-03  1.20000000e+00  1.60000100e-03  1.19999732e+00  1.60000100e-03 -2.03560411e-07 
 1.60000110e-03  1.08000000e+00  1.60000110e-03  1.20000000e+00  1.60000110e-03  1.20000000e+00  1.60000110e-03  1.19999979e+00  1.60000110e-03  6.09033638e-08 
 1.60000130e-03  8.40000000e-01  1.60000130e-03  1.20000000e+00  1.60000130e-03  1.20000000e+00  1.60000130e-03  1.20000026e+00  1.60000130e-03  6.38138809e-08 
 1.60000165e-03  4.20000000e-01  1.60000165e-03  1.20000000e+00  1.60000165e-03  1.20000000e+00  1.60000165e-03  1.19999326e+00  1.60000165e-03  5.23198271e-08 
 1.60000200e-03  6.24209573e-11  1.60000200e-03  1.20000000e+00  1.60000200e-03  1.20000000e+00  1.60000200e-03  1.20003836e+00  1.60000200e-03  7.85462615e-08 
 1.60000204e-03  0.00000000e+00  1.60000204e-03  1.20000000e+00  1.60000204e-03  1.20000000e+00  1.60000204e-03  1.19992895e+00  1.60000204e-03 -1.34614314e-07 
 1.60000212e-03  0.00000000e+00  1.60000212e-03  1.20000000e+00  1.60000212e-03  1.20000000e+00  1.60000212e-03  1.20001011e+00  1.60000212e-03  5.17808806e-07 
 1.60000227e-03  0.00000000e+00  1.60000227e-03  1.20000000e+00  1.60000227e-03  1.20000000e+00  1.60000227e-03  1.20000379e+00  1.60000227e-03 -4.69654208e-07 
 1.60000258e-03  0.00000000e+00  1.60000258e-03  1.20000000e+00  1.60000258e-03  1.20000000e+00  1.60000258e-03  1.19999121e+00  1.60000258e-03  6.00900394e-07 
 1.60000320e-03  0.00000000e+00  1.60000320e-03  1.20000000e+00  1.60000320e-03  1.20000000e+00  1.60000320e-03  1.20001066e+00  1.60000320e-03 -4.82607441e-07 
 1.60000445e-03  0.00000000e+00  1.60000445e-03  1.20000000e+00  1.60000445e-03  1.20000000e+00  1.60000445e-03  1.19998828e+00  1.60000445e-03  6.02092642e-07 
 1.60000694e-03  0.00000000e+00  1.60000694e-03  1.20000000e+00  1.60000694e-03  1.20000000e+00  1.60000694e-03  1.20001202e+00  1.60000694e-03 -4.81973232e-07 
 1.60001191e-03  0.00000000e+00  1.60001191e-03  1.20000000e+00  1.60001191e-03  1.20000000e+00  1.60001191e-03  1.19998762e+00  1.60001191e-03  6.01478577e-07 
 1.60002186e-03  0.00000000e+00  1.60002186e-03  1.20000000e+00  1.60002186e-03  1.20000000e+00  1.60002186e-03  1.20001235e+00  1.60002186e-03 -4.81593319e-07 
 1.60004175e-03  0.00000000e+00  1.60004175e-03  1.20000000e+00  1.60004175e-03  1.20000000e+00  1.60004175e-03  1.19998746e+00  1.60004175e-03  6.01270651e-07 
 1.60008154e-03  0.00000000e+00  1.60008154e-03  1.20000000e+00  1.60008154e-03  1.20000000e+00  1.60008154e-03  1.20001242e+00  1.60008154e-03 -4.81484851e-07 
 1.60016112e-03  0.00000000e+00  1.60016112e-03  1.20000000e+00  1.60016112e-03  1.20000000e+00  1.60016112e-03  1.19998742e+00  1.60016112e-03  6.01215312e-07 
 1.60032029e-03  0.00000000e+00  1.60032029e-03  1.20000000e+00  1.60032029e-03  1.20000000e+00  1.60032029e-03  1.20001244e+00  1.60032029e-03 -4.81456896e-07 
 1.60063862e-03  0.00000000e+00  1.60063862e-03  1.20000000e+00  1.60063862e-03  1.20000000e+00  1.60063862e-03  1.19998741e+00  1.60063862e-03  6.01201268e-07 
 1.60127527e-03  0.00000000e+00  1.60127527e-03  1.20000000e+00  1.60127527e-03  1.20000000e+00  1.60127527e-03  1.20001245e+00  1.60127527e-03 -4.81449855e-07 
 1.60227527e-03  0.00000000e+00  1.60227527e-03  1.20000000e+00  1.60227527e-03  1.20000000e+00  1.60227527e-03  1.19998741e+00  1.60227527e-03  6.01197423e-07 
 1.60327527e-03  0.00000000e+00  1.60327527e-03  1.20000000e+00  1.60327527e-03  1.20000000e+00  1.60327527e-03  1.20001245e+00  1.60327527e-03 -4.81446860e-07 
 1.60427527e-03  0.00000000e+00  1.60427527e-03  1.20000000e+00  1.60427527e-03  1.20000000e+00  1.60427527e-03  1.19998741e+00  1.60427527e-03  6.01194427e-07 
 1.60527527e-03  0.00000000e+00  1.60527527e-03  1.20000000e+00  1.60527527e-03  1.20000000e+00  1.60527527e-03  1.20001245e+00  1.60527527e-03 -4.81443862e-07 
 1.60627527e-03  0.00000000e+00  1.60627527e-03  1.20000000e+00  1.60627527e-03  1.20000000e+00  1.60627527e-03  1.19998741e+00  1.60627527e-03  6.01191427e-07 
 1.60727527e-03  0.00000000e+00  1.60727527e-03  1.20000000e+00  1.60727527e-03  1.20000000e+00  1.60727527e-03  1.20001246e+00  1.60727527e-03 -4.81440860e-07 
 1.60827527e-03  0.00000000e+00  1.60827527e-03  1.20000000e+00  1.60827527e-03  1.20000000e+00  1.60827527e-03  1.19998741e+00  1.60827527e-03  6.01188423e-07 
 1.60927527e-03  0.00000000e+00  1.60927527e-03  1.20000000e+00  1.60927527e-03  1.20000000e+00  1.60927527e-03  1.20001246e+00  1.60927527e-03 -4.81437853e-07 
 1.61027527e-03  0.00000000e+00  1.61027527e-03  1.20000000e+00  1.61027527e-03  1.20000000e+00  1.61027527e-03  1.19998740e+00  1.61027527e-03  6.01185416e-07 
 1.61127527e-03  0.00000000e+00  1.61127527e-03  1.20000000e+00  1.61127527e-03  1.20000000e+00  1.61127527e-03  1.20001246e+00  1.61127527e-03 -4.81434844e-07 
 1.61227527e-03  0.00000000e+00  1.61227527e-03  1.20000000e+00  1.61227527e-03  1.20000000e+00  1.61227527e-03  1.19998740e+00  1.61227527e-03  6.01182405e-07 
 1.61327527e-03  0.00000000e+00  1.61327527e-03  1.20000000e+00  1.61327527e-03  1.20000000e+00  1.61327527e-03  1.20001246e+00  1.61327527e-03 -4.81431830e-07 
 1.61427527e-03  0.00000000e+00  1.61427527e-03  1.20000000e+00  1.61427527e-03  1.20000000e+00  1.61427527e-03  1.19998740e+00  1.61427527e-03  6.01179390e-07 
 1.61527527e-03  0.00000000e+00  1.61527527e-03  1.20000000e+00  1.61527527e-03  1.20000000e+00  1.61527527e-03  1.20001246e+00  1.61527527e-03 -4.81428813e-07 
 1.61627527e-03  0.00000000e+00  1.61627527e-03  1.20000000e+00  1.61627527e-03  1.20000000e+00  1.61627527e-03  1.19998740e+00  1.61627527e-03  6.01176372e-07 
 1.61727527e-03  0.00000000e+00  1.61727527e-03  1.20000000e+00  1.61727527e-03  1.20000000e+00  1.61727527e-03  1.20001247e+00  1.61727527e-03 -4.81425792e-07 
 1.61827527e-03  0.00000000e+00  1.61827527e-03  1.20000000e+00  1.61827527e-03  1.20000000e+00  1.61827527e-03  1.19998739e+00  1.61827527e-03  6.01173349e-07 
 1.61927527e-03  0.00000000e+00  1.61927527e-03  1.20000000e+00  1.61927527e-03  1.20000000e+00  1.61927527e-03  1.20001247e+00  1.61927527e-03 -4.81422767e-07 
 1.62027527e-03  0.00000000e+00  1.62027527e-03  1.20000000e+00  1.62027527e-03  1.20000000e+00  1.62027527e-03  1.19998739e+00  1.62027527e-03  6.01170323e-07 
 1.62127527e-03  0.00000000e+00  1.62127527e-03  1.20000000e+00  1.62127527e-03  1.20000000e+00  1.62127527e-03  1.20001247e+00  1.62127527e-03 -4.81419738e-07 
 1.62227527e-03  0.00000000e+00  1.62227527e-03  1.20000000e+00  1.62227527e-03  1.20000000e+00  1.62227527e-03  1.19998739e+00  1.62227527e-03  6.01167293e-07 
 1.62327527e-03  0.00000000e+00  1.62327527e-03  1.20000000e+00  1.62327527e-03  1.20000000e+00  1.62327527e-03  1.20001247e+00  1.62327527e-03 -4.81416706e-07 
 1.62427527e-03  0.00000000e+00  1.62427527e-03  1.20000000e+00  1.62427527e-03  1.20000000e+00  1.62427527e-03  1.19998739e+00  1.62427527e-03  6.01164260e-07 
 1.62527527e-03  0.00000000e+00  1.62527527e-03  1.20000000e+00  1.62527527e-03  1.20000000e+00  1.62527527e-03  1.20001247e+00  1.62527527e-03 -4.81413669e-07 
 1.62627527e-03  0.00000000e+00  1.62627527e-03  1.20000000e+00  1.62627527e-03  1.20000000e+00  1.62627527e-03  1.19998739e+00  1.62627527e-03  6.01161222e-07 
 1.62727527e-03  0.00000000e+00  1.62727527e-03  1.20000000e+00  1.62727527e-03  1.20000000e+00  1.62727527e-03  1.20001248e+00  1.62727527e-03 -4.81410630e-07 
 1.62827527e-03  0.00000000e+00  1.62827527e-03  1.20000000e+00  1.62827527e-03  1.20000000e+00  1.62827527e-03  1.19998738e+00  1.62827527e-03  6.01158181e-07 
 1.62927527e-03  0.00000000e+00  1.62927527e-03  1.20000000e+00  1.62927527e-03  1.20000000e+00  1.62927527e-03  1.20001248e+00  1.62927527e-03 -4.81407586e-07 
 1.63027527e-03  0.00000000e+00  1.63027527e-03  1.20000000e+00  1.63027527e-03  1.20000000e+00  1.63027527e-03  1.19998738e+00  1.63027527e-03  6.01155136e-07 
 1.63127527e-03  0.00000000e+00  1.63127527e-03  1.20000000e+00  1.63127527e-03  1.20000000e+00  1.63127527e-03  1.20001248e+00  1.63127527e-03 -4.81404539e-07 
 1.63227527e-03  0.00000000e+00  1.63227527e-03  1.20000000e+00  1.63227527e-03  1.20000000e+00  1.63227527e-03  1.19998738e+00  1.63227527e-03  6.01152087e-07 
 1.63327527e-03  0.00000000e+00  1.63327527e-03  1.20000000e+00  1.63327527e-03  1.20000000e+00  1.63327527e-03  1.20001248e+00  1.63327527e-03 -4.81401487e-07 
 1.63427527e-03  0.00000000e+00  1.63427527e-03  1.20000000e+00  1.63427527e-03  1.20000000e+00  1.63427527e-03  1.19998738e+00  1.63427527e-03  6.01149035e-07 
 1.63527527e-03  0.00000000e+00  1.63527527e-03  1.20000000e+00  1.63527527e-03  1.20000000e+00  1.63527527e-03  1.20001248e+00  1.63527527e-03 -4.81398432e-07 
 1.63627527e-03  0.00000000e+00  1.63627527e-03  1.20000000e+00  1.63627527e-03  1.20000000e+00  1.63627527e-03  1.19998738e+00  1.63627527e-03  6.01145979e-07 
 1.63727527e-03  0.00000000e+00  1.63727527e-03  1.20000000e+00  1.63727527e-03  1.20000000e+00  1.63727527e-03  1.20001249e+00  1.63727527e-03 -4.81395374e-07 
 1.63827527e-03  0.00000000e+00  1.63827527e-03  1.20000000e+00  1.63827527e-03  1.20000000e+00  1.63827527e-03  1.19998737e+00  1.63827527e-03  6.01142919e-07 
 1.63927527e-03  0.00000000e+00  1.63927527e-03  1.20000000e+00  1.63927527e-03  1.20000000e+00  1.63927527e-03  1.20001249e+00  1.63927527e-03 -4.81392311e-07 
 1.64027527e-03  0.00000000e+00  1.64027527e-03  1.20000000e+00  1.64027527e-03  1.20000000e+00  1.64027527e-03  1.19998737e+00  1.64027527e-03  6.01139855e-07 
 1.64127527e-03  0.00000000e+00  1.64127527e-03  1.20000000e+00  1.64127527e-03  1.20000000e+00  1.64127527e-03  1.20001249e+00  1.64127527e-03 -4.81389245e-07 
 1.64227527e-03  0.00000000e+00  1.64227527e-03  1.20000000e+00  1.64227527e-03  1.20000000e+00  1.64227527e-03  1.19998737e+00  1.64227527e-03  6.01136788e-07 
 1.64327527e-03  0.00000000e+00  1.64327527e-03  1.20000000e+00  1.64327527e-03  1.20000000e+00  1.64327527e-03  1.20001249e+00  1.64327527e-03 -4.81386175e-07 
 1.64427527e-03  0.00000000e+00  1.64427527e-03  1.20000000e+00  1.64427527e-03  1.20000000e+00  1.64427527e-03  1.19998737e+00  1.64427527e-03  6.01133717e-07 
 1.64527527e-03  0.00000000e+00  1.64527527e-03  1.20000000e+00  1.64527527e-03  1.20000000e+00  1.64527527e-03  1.20001249e+00  1.64527527e-03 -4.81383101e-07 
 1.64627527e-03  0.00000000e+00  1.64627527e-03  1.20000000e+00  1.64627527e-03  1.20000000e+00  1.64627527e-03  1.19998737e+00  1.64627527e-03  6.01130642e-07 
 1.64727527e-03  0.00000000e+00  1.64727527e-03  1.20000000e+00  1.64727527e-03  1.20000000e+00  1.64727527e-03  1.20001250e+00  1.64727527e-03 -4.81380024e-07 
 1.64827527e-03  0.00000000e+00  1.64827527e-03  1.20000000e+00  1.64827527e-03  1.20000000e+00  1.64827527e-03  1.19998736e+00  1.64827527e-03  6.01127563e-07 
 1.64913764e-03  0.00000000e+00  1.64913764e-03  1.20000000e+00  1.64913764e-03  1.20000000e+00  1.64913764e-03  1.20001250e+00  1.64913764e-03 -4.81376696e-07 
 1.65000000e-03  0.00000000e+00  1.65000000e-03  1.20000000e+00  1.65000000e-03  1.20000000e+00  1.65000000e-03  1.19998736e+00  1.65000000e-03  6.01123988e-07 
 1.65000010e-03  1.20000000e-01  1.65000010e-03  1.20000000e+00  1.65000010e-03  1.20000000e+00  1.65000010e-03  1.20000259e+00  1.65000010e-03  6.91501863e-08 
 1.65000030e-03  3.60000000e-01  1.65000030e-03  1.20000000e+00  1.65000030e-03  1.20000000e+00  1.65000030e-03  1.19999756e+00  1.65000030e-03  4.05608826e-08 
 1.65000065e-03  7.80000000e-01  1.65000065e-03  1.20000000e+00  1.65000065e-03  1.20000000e+00  1.65000065e-03  1.19999186e+00  1.65000065e-03  8.32836097e-08 
 1.65000100e-03  1.20000000e+00  1.65000100e-03  1.20000000e+00  1.65000100e-03  1.20000000e+00  1.65000100e-03  1.20002209e+00  1.65000100e-03  3.42598587e-08 
 1.65000104e-03  1.20000000e+00  1.65000104e-03  1.20000000e+00  1.65000104e-03  1.20000000e+00  1.65000104e-03  1.19999187e+00  1.65000104e-03  1.26084393e-07 
 1.65000112e-03  1.20000000e+00  1.65000112e-03  1.20000000e+00  1.65000112e-03  1.20000000e+00  1.65000112e-03  1.19999827e+00  1.65000112e-03 -1.39652424e-07 
 1.65000128e-03  1.20000000e+00  1.65000128e-03  1.20000000e+00  1.65000128e-03  1.20000000e+00  1.65000128e-03  1.20000241e+00  1.65000128e-03  3.10136804e-07 
 1.65000161e-03  1.20000000e+00  1.65000161e-03  1.20000000e+00  1.65000161e-03  1.20000000e+00  1.65000161e-03  1.19999733e+00  1.65000161e-03 -2.02650636e-07 
 1.65000226e-03  1.20000000e+00  1.65000226e-03  1.20000000e+00  1.65000226e-03  1.20000000e+00  1.65000226e-03  1.20000255e+00  1.65000226e-03  3.26180899e-07 
 1.65000356e-03  1.20000000e+00  1.65000356e-03  1.20000000e+00  1.65000356e-03  1.20000000e+00  1.65000356e-03  1.19999731e+00  1.65000356e-03 -2.07817485e-07 
 1.65000617e-03  1.20000000e+00  1.65000617e-03  1.20000000e+00  1.65000617e-03  1.20000000e+00  1.65000617e-03  1.20000254e+00  1.65000617e-03  3.28141443e-07 
 1.65001138e-03  1.20000000e+00  1.65001138e-03  1.20000000e+00  1.65001138e-03  1.20000000e+00  1.65001138e-03  1.19999732e+00  1.65001138e-03 -2.08652217e-07 
 1.65002179e-03  1.20000000e+00  1.65002179e-03  1.20000000e+00  1.65002179e-03  1.20000000e+00  1.65002179e-03  1.20000254e+00  1.65002179e-03  3.28523663e-07 
 1.65004262e-03  1.20000000e+00  1.65004262e-03  1.20000000e+00  1.65004262e-03  1.20000000e+00  1.65004262e-03  1.19999732e+00  1.65004262e-03 -2.08834670e-07 
 1.65008429e-03  1.20000000e+00  1.65008429e-03  1.20000000e+00  1.65008429e-03  1.20000000e+00  1.65008429e-03  1.20000254e+00  1.65008429e-03  3.28612752e-07 
 1.65016761e-03  1.20000000e+00  1.65016761e-03  1.20000000e+00  1.65016761e-03  1.20000000e+00  1.65016761e-03  1.19999732e+00  1.65016761e-03 -2.08878678e-07 
 1.65033427e-03  1.20000000e+00  1.65033427e-03  1.20000000e+00  1.65033427e-03  1.20000000e+00  1.65033427e-03  1.20000254e+00  1.65033427e-03  3.28634624e-07 
 1.65066758e-03  1.20000000e+00  1.65066758e-03  1.20000000e+00  1.65066758e-03  1.20000000e+00  1.65066758e-03  1.19999732e+00  1.65066758e-03 -2.08889580e-07 
 1.65133419e-03  1.20000000e+00  1.65133419e-03  1.20000000e+00  1.65133419e-03  1.20000000e+00  1.65133419e-03  1.20000254e+00  1.65133419e-03  3.28640067e-07 
 1.65233419e-03  1.20000000e+00  1.65233419e-03  1.20000000e+00  1.65233419e-03  1.20000000e+00  1.65233419e-03  1.19999732e+00  1.65233419e-03 -2.08892601e-07 
 1.65333419e-03  1.20000000e+00  1.65333419e-03  1.20000000e+00  1.65333419e-03  1.20000000e+00  1.65333419e-03  1.20000254e+00  1.65333419e-03  3.28642483e-07 
 1.65433419e-03  1.20000000e+00  1.65433419e-03  1.20000000e+00  1.65433419e-03  1.20000000e+00  1.65433419e-03  1.19999732e+00  1.65433419e-03 -2.08895016e-07 
 1.65533419e-03  1.20000000e+00  1.65533419e-03  1.20000000e+00  1.65533419e-03  1.20000000e+00  1.65533419e-03  1.20000254e+00  1.65533419e-03  3.28644897e-07 
 1.65633419e-03  1.20000000e+00  1.65633419e-03  1.20000000e+00  1.65633419e-03  1.20000000e+00  1.65633419e-03  1.19999732e+00  1.65633419e-03 -2.08897429e-07 
 1.65733419e-03  1.20000000e+00  1.65733419e-03  1.20000000e+00  1.65733419e-03  1.20000000e+00  1.65733419e-03  1.20000254e+00  1.65733419e-03  3.28647309e-07 
 1.65833419e-03  1.20000000e+00  1.65833419e-03  1.20000000e+00  1.65833419e-03  1.20000000e+00  1.65833419e-03  1.19999732e+00  1.65833419e-03 -2.08899839e-07 
 1.65933419e-03  1.20000000e+00  1.65933419e-03  1.20000000e+00  1.65933419e-03  1.20000000e+00  1.65933419e-03  1.20000254e+00  1.65933419e-03  3.28649719e-07 
 1.66033419e-03  1.20000000e+00  1.66033419e-03  1.20000000e+00  1.66033419e-03  1.20000000e+00  1.66033419e-03  1.19999732e+00  1.66033419e-03 -2.08902248e-07 
 1.66133419e-03  1.20000000e+00  1.66133419e-03  1.20000000e+00  1.66133419e-03  1.20000000e+00  1.66133419e-03  1.20000254e+00  1.66133419e-03  3.28652127e-07 
 1.66233419e-03  1.20000000e+00  1.66233419e-03  1.20000000e+00  1.66233419e-03  1.20000000e+00  1.66233419e-03  1.19999732e+00  1.66233419e-03 -2.08904655e-07 
 1.66333419e-03  1.20000000e+00  1.66333419e-03  1.20000000e+00  1.66333419e-03  1.20000000e+00  1.66333419e-03  1.20000254e+00  1.66333419e-03  3.28654533e-07 
 1.66433419e-03  1.20000000e+00  1.66433419e-03  1.20000000e+00  1.66433419e-03  1.20000000e+00  1.66433419e-03  1.19999732e+00  1.66433419e-03 -2.08907060e-07 
 1.66533419e-03  1.20000000e+00  1.66533419e-03  1.20000000e+00  1.66533419e-03  1.20000000e+00  1.66533419e-03  1.20000254e+00  1.66533419e-03  3.28656937e-07 
 1.66633419e-03  1.20000000e+00  1.66633419e-03  1.20000000e+00  1.66633419e-03  1.20000000e+00  1.66633419e-03  1.19999732e+00  1.66633419e-03 -2.08909462e-07 
 1.66733419e-03  1.20000000e+00  1.66733419e-03  1.20000000e+00  1.66733419e-03  1.20000000e+00  1.66733419e-03  1.20000254e+00  1.66733419e-03  3.28659339e-07 
 1.66833419e-03  1.20000000e+00  1.66833419e-03  1.20000000e+00  1.66833419e-03  1.20000000e+00  1.66833419e-03  1.19999732e+00  1.66833419e-03 -2.08911863e-07 
 1.66933419e-03  1.20000000e+00  1.66933419e-03  1.20000000e+00  1.66933419e-03  1.20000000e+00  1.66933419e-03  1.20000254e+00  1.66933419e-03  3.28661739e-07 
 1.67033419e-03  1.20000000e+00  1.67033419e-03  1.20000000e+00  1.67033419e-03  1.20000000e+00  1.67033419e-03  1.19999732e+00  1.67033419e-03 -2.08914262e-07 
 1.67133419e-03  1.20000000e+00  1.67133419e-03  1.20000000e+00  1.67133419e-03  1.20000000e+00  1.67133419e-03  1.20000254e+00  1.67133419e-03  3.28664137e-07 
 1.67233419e-03  1.20000000e+00  1.67233419e-03  1.20000000e+00  1.67233419e-03  1.20000000e+00  1.67233419e-03  1.19999732e+00  1.67233419e-03 -2.08916659e-07 
 1.67333419e-03  1.20000000e+00  1.67333419e-03  1.20000000e+00  1.67333419e-03  1.20000000e+00  1.67333419e-03  1.20000254e+00  1.67333419e-03  3.28666533e-07 
 1.67433419e-03  1.20000000e+00  1.67433419e-03  1.20000000e+00  1.67433419e-03  1.20000000e+00  1.67433419e-03  1.19999732e+00  1.67433419e-03 -2.08919054e-07 
 1.67533419e-03  1.20000000e+00  1.67533419e-03  1.20000000e+00  1.67533419e-03  1.20000000e+00  1.67533419e-03  1.20000254e+00  1.67533419e-03  3.28668927e-07 
 1.67633419e-03  1.20000000e+00  1.67633419e-03  1.20000000e+00  1.67633419e-03  1.20000000e+00  1.67633419e-03  1.19999732e+00  1.67633419e-03 -2.08921447e-07 
 1.67733419e-03  1.20000000e+00  1.67733419e-03  1.20000000e+00  1.67733419e-03  1.20000000e+00  1.67733419e-03  1.20000254e+00  1.67733419e-03  3.28671320e-07 
 1.67833419e-03  1.20000000e+00  1.67833419e-03  1.20000000e+00  1.67833419e-03  1.20000000e+00  1.67833419e-03  1.19999732e+00  1.67833419e-03 -2.08923838e-07 
 1.67933419e-03  1.20000000e+00  1.67933419e-03  1.20000000e+00  1.67933419e-03  1.20000000e+00  1.67933419e-03  1.20000254e+00  1.67933419e-03  3.28673710e-07 
 1.68033419e-03  1.20000000e+00  1.68033419e-03  1.20000000e+00  1.68033419e-03  1.20000000e+00  1.68033419e-03  1.19999732e+00  1.68033419e-03 -2.08926227e-07 
 1.68133419e-03  1.20000000e+00  1.68133419e-03  1.20000000e+00  1.68133419e-03  1.20000000e+00  1.68133419e-03  1.20000254e+00  1.68133419e-03  3.28676098e-07 
 1.68233419e-03  1.20000000e+00  1.68233419e-03  1.20000000e+00  1.68233419e-03  1.20000000e+00  1.68233419e-03  1.19999732e+00  1.68233419e-03 -2.08928614e-07 
 1.68333419e-03  1.20000000e+00  1.68333419e-03  1.20000000e+00  1.68333419e-03  1.20000000e+00  1.68333419e-03  1.20000254e+00  1.68333419e-03  3.28678484e-07 
 1.68433419e-03  1.20000000e+00  1.68433419e-03  1.20000000e+00  1.68433419e-03  1.20000000e+00  1.68433419e-03  1.19999732e+00  1.68433419e-03 -2.08931000e-07 
 1.68533419e-03  1.20000000e+00  1.68533419e-03  1.20000000e+00  1.68533419e-03  1.20000000e+00  1.68533419e-03  1.20000254e+00  1.68533419e-03  3.28680869e-07 
 1.68633419e-03  1.20000000e+00  1.68633419e-03  1.20000000e+00  1.68633419e-03  1.20000000e+00  1.68633419e-03  1.19999732e+00  1.68633419e-03 -2.08933383e-07 
 1.68733419e-03  1.20000000e+00  1.68733419e-03  1.20000000e+00  1.68733419e-03  1.20000000e+00  1.68733419e-03  1.20000254e+00  1.68733419e-03  3.28683251e-07 
 1.68833419e-03  1.20000000e+00  1.68833419e-03  1.20000000e+00  1.68833419e-03  1.20000000e+00  1.68833419e-03  1.19999732e+00  1.68833419e-03 -2.08935764e-07 
 1.68933419e-03  1.20000000e+00  1.68933419e-03  1.20000000e+00  1.68933419e-03  1.20000000e+00  1.68933419e-03  1.20000254e+00  1.68933419e-03  3.28685631e-07 
 1.69033419e-03  1.20000000e+00  1.69033419e-03  1.20000000e+00  1.69033419e-03  1.20000000e+00  1.69033419e-03  1.19999732e+00  1.69033419e-03 -2.08938143e-07 
 1.69133419e-03  1.20000000e+00  1.69133419e-03  1.20000000e+00  1.69133419e-03  1.20000000e+00  1.69133419e-03  1.20000254e+00  1.69133419e-03  3.28688010e-07 
 1.69233419e-03  1.20000000e+00  1.69233419e-03  1.20000000e+00  1.69233419e-03  1.20000000e+00  1.69233419e-03  1.19999732e+00  1.69233419e-03 -2.08940521e-07 
 1.69333419e-03  1.20000000e+00  1.69333419e-03  1.20000000e+00  1.69333419e-03  1.20000000e+00  1.69333419e-03  1.20000254e+00  1.69333419e-03  3.28690387e-07 
 1.69433419e-03  1.20000000e+00  1.69433419e-03  1.20000000e+00  1.69433419e-03  1.20000000e+00  1.69433419e-03  1.19999732e+00  1.69433419e-03 -2.08942896e-07 
 1.69533419e-03  1.20000000e+00  1.69533419e-03  1.20000000e+00  1.69533419e-03  1.20000000e+00  1.69533419e-03  1.20000254e+00  1.69533419e-03  3.28692761e-07 
 1.69633419e-03  1.20000000e+00  1.69633419e-03  1.20000000e+00  1.69633419e-03  1.20000000e+00  1.69633419e-03  1.19999732e+00  1.69633419e-03 -2.08945269e-07 
 1.69733419e-03  1.20000000e+00  1.69733419e-03  1.20000000e+00  1.69733419e-03  1.20000000e+00  1.69733419e-03  1.20000254e+00  1.69733419e-03  3.28695134e-07 
 1.69833419e-03  1.20000000e+00  1.69833419e-03  1.20000000e+00  1.69833419e-03  1.20000000e+00  1.69833419e-03  1.19999732e+00  1.69833419e-03 -2.08947641e-07 
 1.69916760e-03  1.20000000e+00  1.69916760e-03  1.20000000e+00  1.69916760e-03  1.20000000e+00  1.69916760e-03  1.20000254e+00  1.69916760e-03  3.28697741e-07 
 1.70000100e-03  1.20000000e+00  1.70000100e-03  1.20000000e+00  1.70000100e-03  1.20000000e+00  1.70000100e-03  1.19999732e+00  1.70000100e-03 -2.08950484e-07 
 1.70000110e-03  1.08000000e+00  1.70000110e-03  1.20000000e+00  1.70000110e-03  1.20000000e+00  1.70000110e-03  1.19999979e+00  1.70000110e-03  6.01666711e-08 
 1.70000130e-03  8.40000000e-01  1.70000130e-03  1.20000000e+00  1.70000130e-03  1.20000000e+00  1.70000130e-03  1.20000026e+00  1.70000130e-03  6.43485961e-08 
 1.70000165e-03  4.20000000e-01  1.70000165e-03  1.20000000e+00  1.70000165e-03  1.20000000e+00  1.70000165e-03  1.19999326e+00  1.70000165e-03  5.18739904e-08 
 1.70000200e-03  6.24209573e-11  1.70000200e-03  1.20000000e+00  1.70000200e-03  1.20000000e+00  1.70000200e-03  1.20003836e+00  1.70000200e-03  7.89180709e-08 
 1.70000204e-03  0.00000000e+00  1.70000204e-03  1.20000000e+00  1.70000204e-03  1.20000000e+00  1.70000204e-03  1.19992895e+00  1.70000204e-03 -1.34506858e-07 
 1.70000212e-03  0.00000000e+00  1.70000212e-03  1.20000000e+00  1.70000212e-03  1.20000000e+00  1.70000212e-03  1.20001011e+00  1.70000212e-03  5.17763771e-07 
 1.70000227e-03  0.00000000e+00  1.70000227e-03  1.20000000e+00  1.70000227e-03  1.20000000e+00  1.70000227e-03  1.20000379e+00  1.70000227e-03 -4.69624417e-07 
 1.70000258e-03  0.00000000e+00  1.70000258e-03  1.20000000e+00  1.70000258e-03  1.20000000e+00  1.70000258e-03  1.19999121e+00  1.70000258e-03  6.00876099e-07 
 1.70000320e-03  0.00000000e+00  1.70000320e-03  1.20000000e+00  1.70000320e-03  1.20000000e+00  1.70000320e-03  1.20001066e+00  1.70000320e-03 -4.82585492e-07 
 1.70000445e-03  0.00000000e+00  1.70000445e-03  1.20000000e+00  1.70000445e-03  1.20000000e+00  1.70000445e-03  1.19998828e+00  1.70000445e-03  6.02071778e-07 
 1.70000694e-03  0.00000000e+00  1.70000694e-03  1.20000000e+00  1.70000694e-03  1.20000000e+00  1.70000694e-03  1.20001202e+00  1.70000694e-03 -4.81952892e-07 
 1.70001191e-03  0.00000000e+00  1.70001191e-03  1.20000000e+00  1.70001191e-03  1.20000000e+00  1.70001191e-03  1.19998762e+00  1.70001191e-03  6.01458492e-07 
 1.70002186e-03  0.00000000e+00  1.70002186e-03  1.20000000e+00  1.70002186e-03  1.20000000e+00  1.70002186e-03  1.20001235e+00  1.70002186e-03 -4.81573362e-07 
 1.70004175e-03  0.00000000e+00  1.70004175e-03  1.20000000e+00  1.70004175e-03  1.20000000e+00  1.70004175e-03  1.19998746e+00  1.70004175e-03  6.01250757e-07 
 1.70008154e-03  0.00000000e+00  1.70008154e-03  1.20000000e+00  1.70008154e-03  1.20000000e+00  1.70008154e-03  1.20001242e+00  1.70008154e-03 -4.81464988e-07 
 1.70016112e-03  0.00000000e+00  1.70016112e-03  1.20000000e+00  1.70016112e-03  1.20000000e+00  1.70016112e-03  1.19998742e+00  1.70016112e-03  6.01195465e-07 
 1.70032029e-03  0.00000000e+00  1.70032029e-03  1.20000000e+00  1.70032029e-03  1.20000000e+00  1.70032029e-03  1.20001244e+00  1.70032029e-03 -4.81437057e-07 
 1.70063862e-03  0.00000000e+00  1.70063862e-03  1.20000000e+00  1.70063862e-03  1.20000000e+00  1.70063862e-03  1.19998741e+00  1.70063862e-03  6.01181433e-07 
 1.70127527e-03  0.00000000e+00  1.70127527e-03  1.20000000e+00  1.70127527e-03  1.20000000e+00  1.70127527e-03  1.20001245e+00  1.70127527e-03 -4.81430022e-07 
 1.70227527e-03  0.00000000e+00  1.70227527e-03  1.20000000e+00  1.70227527e-03  1.20000000e+00  1.70227527e-03  1.19998741e+00  1.70227527e-03  6.01177590e-07 
 1.70327527e-03  0.00000000e+00  1.70327527e-03  1.20000000e+00  1.70327527e-03  1.20000000e+00  1.70327527e-03  1.20001245e+00  1.70327527e-03 -4.81427030e-07 
 1.70427527e-03  0.00000000e+00  1.70427527e-03  1.20000000e+00  1.70427527e-03  1.20000000e+00  1.70427527e-03  1.19998741e+00  1.70427527e-03  6.01174597e-07 
 1.70527527e-03  0.00000000e+00  1.70527527e-03  1.20000000e+00  1.70527527e-03  1.20000000e+00  1.70527527e-03  1.20001245e+00  1.70527527e-03 -4.81424034e-07 
 1.70627527e-03  0.00000000e+00  1.70627527e-03  1.20000000e+00  1.70627527e-03  1.20000000e+00  1.70627527e-03  1.19998741e+00  1.70627527e-03  6.01171600e-07 
 1.70727527e-03  0.00000000e+00  1.70727527e-03  1.20000000e+00  1.70727527e-03  1.20000000e+00  1.70727527e-03  1.20001246e+00  1.70727527e-03 -4.81421034e-07 
 1.70827527e-03  0.00000000e+00  1.70827527e-03  1.20000000e+00  1.70827527e-03  1.20000000e+00  1.70827527e-03  1.19998741e+00  1.70827527e-03  6.01168599e-07 
 1.70927527e-03  0.00000000e+00  1.70927527e-03  1.20000000e+00  1.70927527e-03  1.20000000e+00  1.70927527e-03  1.20001246e+00  1.70927527e-03 -4.81418030e-07 
 1.71027527e-03  0.00000000e+00  1.71027527e-03  1.20000000e+00  1.71027527e-03  1.20000000e+00  1.71027527e-03  1.19998740e+00  1.71027527e-03  6.01165594e-07 
 1.71127527e-03  0.00000000e+00  1.71127527e-03  1.20000000e+00  1.71127527e-03  1.20000000e+00  1.71127527e-03  1.20001246e+00  1.71127527e-03 -4.81415023e-07 
 1.71227527e-03  0.00000000e+00  1.71227527e-03  1.20000000e+00  1.71227527e-03  1.20000000e+00  1.71227527e-03  1.19998740e+00  1.71227527e-03  6.01162585e-07 
 1.71327527e-03  0.00000000e+00  1.71327527e-03  1.20000000e+00  1.71327527e-03  1.20000000e+00  1.71327527e-03  1.20001246e+00  1.71327527e-03 -4.81412012e-07 
 1.71427527e-03  0.00000000e+00  1.71427527e-03  1.20000000e+00  1.71427527e-03  1.20000000e+00  1.71427527e-03  1.19998740e+00  1.71427527e-03  6.01159573e-07 
 1.71527527e-03  0.00000000e+00  1.71527527e-03  1.20000000e+00  1.71527527e-03  1.20000000e+00  1.71527527e-03  1.20001246e+00  1.71527527e-03 -4.81408997e-07 
 1.71627527e-03  0.00000000e+00  1.71627527e-03  1.20000000e+00  1.71627527e-03  1.20000000e+00  1.71627527e-03  1.19998740e+00  1.71627527e-03  6.01156557e-07 
 1.71727527e-03  0.00000000e+00  1.71727527e-03  1.20000000e+00  1.71727527e-03  1.20000000e+00  1.71727527e-03  1.20001247e+00  1.71727527e-03 -4.81405979e-07 
 1.71827527e-03  0.00000000e+00  1.71827527e-03  1.20000000e+00  1.71827527e-03  1.20000000e+00  1.71827527e-03  1.19998739e+00  1.71827527e-03  6.01153537e-07 
 1.71927527e-03  0.00000000e+00  1.71927527e-03  1.20000000e+00  1.71927527e-03  1.20000000e+00  1.71927527e-03  1.20001247e+00  1.71927527e-03 -4.81402956e-07 
 1.72027527e-03  0.00000000e+00  1.72027527e-03  1.20000000e+00  1.72027527e-03  1.20000000e+00  1.72027527e-03  1.19998739e+00  1.72027527e-03  6.01150513e-07 
 1.72127527e-03  0.00000000e+00  1.72127527e-03  1.20000000e+00  1.72127527e-03  1.20000000e+00  1.72127527e-03  1.20001247e+00  1.72127527e-03 -4.81399930e-07 
 1.72227527e-03  0.00000000e+00  1.72227527e-03  1.20000000e+00  1.72227527e-03  1.20000000e+00  1.72227527e-03  1.19998739e+00  1.72227527e-03  6.01147486e-07 
 1.72327527e-03  0.00000000e+00  1.72327527e-03  1.20000000e+00  1.72327527e-03  1.20000000e+00  1.72327527e-03  1.20001247e+00  1.72327527e-03 -4.81396900e-07 
 1.72413814e-03  0.00000000e+00  1.72413814e-03  1.20000000e+00  1.72413814e-03  1.20000000e+00  1.72413814e-03  1.19998739e+00  1.72413814e-03  6.01144214e-07 
 1.72500100e-03  0.00000000e+00  1.72500100e-03  1.20000000e+00  1.72500100e-03  1.20000000e+00  1.72500100e-03  1.20001247e+00  1.72500100e-03 -4.81393384e-07 
 1.72500110e-03  0.00000000e+00  1.72500110e-03  1.08000000e+00  1.72500110e-03  1.20000000e+00  1.72500110e-03  1.19999777e+00  1.72500110e-03  5.08641791e-08 
 1.72500130e-03  0.00000000e+00  1.72500130e-03  8.40000000e-01  1.72500130e-03  1.20000000e+00  1.72500130e-03  1.20000132e+00  1.72500130e-03  7.80399833e-08 
 1.72500165e-03  0.00000000e+00  1.72500165e-03  4.20000000e-01  1.72500165e-03  1.20000000e+00  1.72500165e-03  1.19999890e+00  1.72500165e-03  3.75914983e-08 
 1.72500200e-03  0.00000000e+00  1.72500200e-03  0.00000000e+00  1.72500200e-03  1.20000000e+00  1.72500200e-03  1.20000066e+00  1.72500200e-03  8.55386581e-08 
 1.72500207e-03  0.00000000e+00  1.72500207e-03  0.00000000e+00  1.72500207e-03  1.20000000e+00  1.72500207e-03  1.20000023e+00  1.72500207e-03  5.68889354e-08 
 1.72500220e-03  0.00000000e+00  1.72500220e-03  0.00000000e+00  1.72500220e-03  1.20000000e+00  1.72500220e-03  1.19999974e+00  1.72500220e-03  6.10928429e-08 
 1.72500246e-03  0.00000000e+00  1.72500246e-03  0.00000000e+00  1.72500246e-03  1.20000000e+00  1.72500246e-03  1.20000008e+00  1.72500246e-03  5.93406424e-08 
 1.72500299e-03  0.00000000e+00  1.72500299e-03  0.00000000e+00  1.72500299e-03  1.20000000e+00  1.72500299e-03  1.19999980e+00  1.72500299e-03  6.01105305e-08 
 1.72500381e-03  0.00000000e+00  1.72500381e-03  0.00000000e+00  1.72500381e-03  1.20000000e+00  1.72500381e-03  1.20000005e+00  1.72500381e-03  5.98159735e-08 
 1.72500545e-03  0.00000000e+00  1.72500545e-03  0.00000000e+00  1.72500545e-03  1.20000000e+00  1.72500545e-03  1.19999981e+00  1.72500545e-03  5.98483794e-08 
 1.72500874e-03  0.00000000e+00  1.72500874e-03  0.00000000e+00  1.72500874e-03  1.20000000e+00  1.72500874e-03  1.20000005e+00  1.72500874e-03  5.99419146e-08 
 1.72501530e-03  0.00000000e+00  1.72501530e-03  0.00000000e+00  1.72501530e-03  1.20000000e+00  1.72501530e-03  1.19999981e+00  1.72501530e-03  5.97866642e-08 
 1.72502842e-03  0.00000000e+00  1.72502842e-03  0.00000000e+00  1.72502842e-03  1.20000000e+00  1.72502842e-03  1.20000005e+00  1.72502842e-03  5.99724620e-08 
 1.72505468e-03  0.00000000e+00  1.72505468e-03  0.00000000e+00  1.72505468e-03  1.20000000e+00  1.72505468e-03  1.19999982e+00  1.72505468e-03  5.97714676e-08 
 1.72510718e-03  0.00000000e+00  1.72510718e-03  0.00000000e+00  1.72510718e-03  1.20000000e+00  1.72510718e-03  1.20000004e+00  1.72510718e-03  5.99800408e-08 
 1.72521219e-03  0.00000000e+00  1.72521219e-03  0.00000000e+00  1.72521219e-03  1.20000000e+00  1.72521219e-03  1.19999982e+00  1.72521219e-03  5.97676829e-08 
 1.72542222e-03  0.00000000e+00  1.72542222e-03  0.00000000e+00  1.72542222e-03  1.20000000e+00  1.72542222e-03  1.20000004e+00  1.72542222e-03  5.99819321e-08 
 1.72584226e-03  0.00000000e+00  1.72584226e-03  0.00000000e+00  1.72584226e-03  1.20000000e+00  1.72584226e-03  1.19999982e+00  1.72584226e-03  5.97667376e-08 
 1.72668235e-03  0.00000000e+00  1.72668235e-03  0.00000000e+00  1.72668235e-03  1.20000000e+00  1.72668235e-03  1.20000004e+00  1.72668235e-03  5.99824044e-08 
 1.72768235e-03  0.00000000e+00  1.72768235e-03  0.00000000e+00  1.72768235e-03  1.20000000e+00  1.72768235e-03  1.19999982e+00  1.72768235e-03  5.97664477e-08 
 1.72868235e-03  0.00000000e+00  1.72868235e-03  0.00000000e+00  1.72868235e-03  1.20000000e+00  1.72868235e-03  1.20000004e+00  1.72868235e-03  5.99826691e-08 
 1.72968235e-03  0.00000000e+00  1.72968235e-03  0.00000000e+00  1.72968235e-03  1.20000000e+00  1.72968235e-03  1.19999982e+00  1.72968235e-03  5.97661832e-08 
 1.73068235e-03  0.00000000e+00  1.73068235e-03  0.00000000e+00  1.73068235e-03  1.20000000e+00  1.73068235e-03  1.20000004e+00  1.73068235e-03  5.99829338e-08 
 1.73168235e-03  0.00000000e+00  1.73168235e-03  0.00000000e+00  1.73168235e-03  1.20000000e+00  1.73168235e-03  1.19999982e+00  1.73168235e-03  5.97659185e-08 
 1.73268235e-03  0.00000000e+00  1.73268235e-03  0.00000000e+00  1.73268235e-03  1.20000000e+00  1.73268235e-03  1.20000004e+00  1.73268235e-03  5.99831983e-08 
 1.73368235e-03  0.00000000e+00  1.73368235e-03  0.00000000e+00  1.73368235e-03  1.20000000e+00  1.73368235e-03  1.19999982e+00  1.73368235e-03  5.97656541e-08 
 1.73468235e-03  0.00000000e+00  1.73468235e-03  0.00000000e+00  1.73468235e-03  1.20000000e+00  1.73468235e-03  1.20000004e+00  1.73468235e-03  5.99834627e-08 
 1.73568235e-03  0.00000000e+00  1.73568235e-03  0.00000000e+00  1.73568235e-03  1.20000000e+00  1.73568235e-03  1.19999982e+00  1.73568235e-03  5.97653897e-08 
 1.73668235e-03  0.00000000e+00  1.73668235e-03  0.00000000e+00  1.73668235e-03  1.20000000e+00  1.73668235e-03  1.20000004e+00  1.73668235e-03  5.99837273e-08 
 1.73768235e-03  0.00000000e+00  1.73768235e-03  0.00000000e+00  1.73768235e-03  1.20000000e+00  1.73768235e-03  1.19999982e+00  1.73768235e-03  5.97651251e-08 
 1.73868235e-03  0.00000000e+00  1.73868235e-03  0.00000000e+00  1.73868235e-03  1.20000000e+00  1.73868235e-03  1.20000004e+00  1.73868235e-03  5.99839916e-08 
 1.73968235e-03  0.00000000e+00  1.73968235e-03  0.00000000e+00  1.73968235e-03  1.20000000e+00  1.73968235e-03  1.19999982e+00  1.73968235e-03  5.97648605e-08 
 1.74068235e-03  0.00000000e+00  1.74068235e-03  0.00000000e+00  1.74068235e-03  1.20000000e+00  1.74068235e-03  1.20000004e+00  1.74068235e-03  5.99842562e-08 
 1.74168235e-03  0.00000000e+00  1.74168235e-03  0.00000000e+00  1.74168235e-03  1.20000000e+00  1.74168235e-03  1.19999982e+00  1.74168235e-03  5.97645961e-08 
 1.74268235e-03  0.00000000e+00  1.74268235e-03  0.00000000e+00  1.74268235e-03  1.20000000e+00  1.74268235e-03  1.20000004e+00  1.74268235e-03  5.99845207e-08 
 1.74368235e-03  0.00000000e+00  1.74368235e-03  0.00000000e+00  1.74368235e-03  1.20000000e+00  1.74368235e-03  1.19999982e+00  1.74368235e-03  5.97643318e-08 
 1.74468235e-03  0.00000000e+00  1.74468235e-03  0.00000000e+00  1.74468235e-03  1.20000000e+00  1.74468235e-03  1.20000004e+00  1.74468235e-03  5.99847850e-08 
 1.74568235e-03  0.00000000e+00  1.74568235e-03  0.00000000e+00  1.74568235e-03  1.20000000e+00  1.74568235e-03  1.19999982e+00  1.74568235e-03  5.97640676e-08 
 1.74668235e-03  0.00000000e+00  1.74668235e-03  0.00000000e+00  1.74668235e-03  1.20000000e+00  1.74668235e-03  1.20000004e+00  1.74668235e-03  5.99850494e-08 
 1.74768235e-03  0.00000000e+00  1.74768235e-03  0.00000000e+00  1.74768235e-03  1.20000000e+00  1.74768235e-03  1.19999982e+00  1.74768235e-03  5.97638031e-08 
 1.74868235e-03  0.00000000e+00  1.74868235e-03  0.00000000e+00  1.74868235e-03  1.20000000e+00  1.74868235e-03  1.20000004e+00  1.74868235e-03  5.99853136e-08 
 1.74934117e-03  0.00000000e+00  1.74934117e-03  0.00000000e+00  1.74934117e-03  1.20000000e+00  1.74934117e-03  1.19999982e+00  1.74934117e-03  5.97634704e-08 
 1.75000000e-03  0.00000000e+00  1.75000000e-03  0.00000000e+00  1.75000000e-03  1.20000000e+00  1.75000000e-03  1.20000004e+00  1.75000000e-03  5.99857152e-08 
 1.75000010e-03  1.20000000e-01  1.75000010e-03  0.00000000e+00  1.75000010e-03  1.20000000e+00  1.75000010e-03  1.20000045e+00  1.75000010e-03  5.97987663e-08 
 1.75000030e-03  3.60000000e-01  1.75000030e-03  0.00000000e+00  1.75000030e-03  1.20000000e+00  1.75000030e-03  1.19999888e+00  1.75000030e-03  5.89484979e-08 
 1.75000057e-03  6.78022150e-01  1.75000057e-03  0.00000000e+00  1.75000057e-03  1.20000000e+00  1.75000057e-03  1.19995634e+00  1.75000057e-03  4.97512456e-08 
 1.75000088e-03  1.05383742e+00  1.75000088e-03  0.00000000e+00  1.75000088e-03  1.20000000e+00  1.75000088e-03  1.20009250e+00  1.75000088e-03  1.15246705e-07 
 1.75000100e-03  1.20000000e+00  1.75000100e-03  0.00000000e+00  1.75000100e-03  1.20000000e+00  1.75000100e-03  1.19986054e+00  1.75000100e-03 -3.86206352e-07 
 1.75000103e-03  1.20000000e+00  1.75000103e-03  0.00000000e+00  1.75000103e-03  1.20000000e+00  1.75000103e-03  1.20001714e+00  1.75000103e-03  8.70304207e-07 
 1.75000109e-03  1.20000000e+00  1.75000109e-03  0.00000000e+00  1.75000109e-03  1.20000000e+00  1.75000109e-03  1.20001247e+00  1.75000109e-03 -8.42283620e-07 
 1.75000121e-03  1.20000000e+00  1.75000121e-03  0.00000000e+00  1.75000121e-03  1.20000000e+00  1.75000121e-03  1.19997992e+00  1.75000121e-03  8.20208821e-07 
 1.75000145e-03  1.20000000e+00  1.75000145e-03  0.00000000e+00  1.75000145e-03  1.20000000e+00  1.75000145e-03  1.20002199e+00  1.75000145e-03 -6.09740485e-07 
 1.75000183e-03  1.20000000e+00  1.75000183e-03  0.00000000e+00  1.75000183e-03  1.20000000e+00  1.75000183e-03  1.19997704e+00  1.75000183e-03  6.70351288e-07 
 1.75000259e-03  1.20000000e+00  1.75000259e-03  0.00000000e+00  1.75000259e-03  1.20000000e+00  1.75000259e-03  1.20002314e+00  1.75000259e-03 -5.20717001e-07 
 1.75000412e-03  1.20000000e+00  1.75000412e-03  0.00000000e+00  1.75000412e-03  1.20000000e+00  1.75000412e-03  1.19997660e+00  1.75000412e-03  6.25506422e-07 
 1.75000718e-03  1.20000000e+00  1.75000718e-03  0.00000000e+00  1.75000718e-03  1.20000000e+00  1.75000718e-03  1.20002332e+00  1.75000718e-03 -4.98264188e-07 
 1.75001329e-03  1.20000000e+00  1.75001329e-03  0.00000000e+00  1.75001329e-03  1.20000000e+00  1.75001329e-03  1.19997651e+00  1.75001329e-03  6.14278042e-07 
 1.75002552e-03  1.20000000e+00  1.75002552e-03  0.00000000e+00  1.75002552e-03  1.20000000e+00  1.75002552e-03  1.20002337e+00  1.75002552e-03 -4.92650304e-07 
 1.75004997e-03  1.20000000e+00  1.75004997e-03  0.00000000e+00  1.75004997e-03  1.20000000e+00  1.75004997e-03  1.19997649e+00  1.75004997e-03  6.11471206e-07 
 1.75009887e-03  1.20000000e+00  1.75009887e-03  0.00000000e+00  1.75009887e-03  1.20000000e+00  1.75009887e-03  1.20002338e+00  1.75009887e-03 -4.91246951e-07 
 1.75019667e-03  1.20000000e+00  1.75019667e-03  0.00000000e+00  1.75019667e-03  1.20000000e+00  1.75019667e-03  1.19997648e+00  1.75019667e-03  6.10769533e-07 
 1.75039228e-03  1.20000000e+00  1.75039228e-03  0.00000000e+00  1.75039228e-03  1.20000000e+00  1.75039228e-03  1.20002338e+00  1.75039228e-03 -4.90896122e-07 
 1.75078349e-03  1.20000000e+00  1.75078349e-03  0.00000000e+00  1.75078349e-03  1.20000000e+00  1.75078349e-03  1.19997648e+00  1.75078349e-03  6.10594117e-07 
 1.75156592e-03  1.20000000e+00  1.75156592e-03  0.00000000e+00  1.75156592e-03  1.20000000e+00  1.75156592e-03  1.20002338e+00  1.75156592e-03 -4.90808416e-07 
 1.75256592e-03  1.20000000e+00  1.75256592e-03  0.00000000e+00  1.75256592e-03  1.20000000e+00  1.75256592e-03  1.19997648e+00  1.75256592e-03  6.10542007e-07 
 1.75356592e-03  1.20000000e+00  1.75356592e-03  0.00000000e+00  1.75356592e-03  1.20000000e+00  1.75356592e-03  1.20002338e+00  1.75356592e-03 -4.90762666e-07 
 1.75456592e-03  1.20000000e+00  1.75456592e-03  0.00000000e+00  1.75456592e-03  1.20000000e+00  1.75456592e-03  1.19997648e+00  1.75456592e-03  6.10496257e-07 
 1.75556592e-03  1.20000000e+00  1.75556592e-03  0.00000000e+00  1.75556592e-03  1.20000000e+00  1.75556592e-03  1.20002338e+00  1.75556592e-03 -4.90716917e-07 
 1.75656592e-03  1.20000000e+00  1.75656592e-03  0.00000000e+00  1.75656592e-03  1.20000000e+00  1.75656592e-03  1.19997648e+00  1.75656592e-03  6.10450507e-07 
 1.75756592e-03  1.20000000e+00  1.75756592e-03  0.00000000e+00  1.75756592e-03  1.20000000e+00  1.75756592e-03  1.20002338e+00  1.75756592e-03 -4.90671168e-07 
 1.75856592e-03  1.20000000e+00  1.75856592e-03  0.00000000e+00  1.75856592e-03  1.20000000e+00  1.75856592e-03  1.19997648e+00  1.75856592e-03  6.10404757e-07 
 1.75956592e-03  1.20000000e+00  1.75956592e-03  0.00000000e+00  1.75956592e-03  1.20000000e+00  1.75956592e-03  1.20002338e+00  1.75956592e-03 -4.90625419e-07 
 1.76056592e-03  1.20000000e+00  1.76056592e-03  0.00000000e+00  1.76056592e-03  1.20000000e+00  1.76056592e-03  1.19997648e+00  1.76056592e-03  6.10359008e-07 
 1.76156592e-03  1.20000000e+00  1.76156592e-03  0.00000000e+00  1.76156592e-03  1.20000000e+00  1.76156592e-03  1.20002338e+00  1.76156592e-03 -4.90579670e-07 
 1.76256592e-03  1.20000000e+00  1.76256592e-03  0.00000000e+00  1.76256592e-03  1.20000000e+00  1.76256592e-03  1.19997648e+00  1.76256592e-03  6.10313258e-07 
 1.76356592e-03  1.20000000e+00  1.76356592e-03  0.00000000e+00  1.76356592e-03  1.20000000e+00  1.76356592e-03  1.20002338e+00  1.76356592e-03 -4.90533921e-07 
 1.76456592e-03  1.20000000e+00  1.76456592e-03  0.00000000e+00  1.76456592e-03  1.20000000e+00  1.76456592e-03  1.19997648e+00  1.76456592e-03  6.10267509e-07 
 1.76556592e-03  1.20000000e+00  1.76556592e-03  0.00000000e+00  1.76556592e-03  1.20000000e+00  1.76556592e-03  1.20002338e+00  1.76556592e-03 -4.90488173e-07 
 1.76656592e-03  1.20000000e+00  1.76656592e-03  0.00000000e+00  1.76656592e-03  1.20000000e+00  1.76656592e-03  1.19997648e+00  1.76656592e-03  6.10221760e-07 
 1.76756592e-03  1.20000000e+00  1.76756592e-03  0.00000000e+00  1.76756592e-03  1.20000000e+00  1.76756592e-03  1.20002338e+00  1.76756592e-03 -4.90442424e-07 
 1.76856592e-03  1.20000000e+00  1.76856592e-03  0.00000000e+00  1.76856592e-03  1.20000000e+00  1.76856592e-03  1.19997648e+00  1.76856592e-03  6.10176010e-07 
 1.76956592e-03  1.20000000e+00  1.76956592e-03  0.00000000e+00  1.76956592e-03  1.20000000e+00  1.76956592e-03  1.20002338e+00  1.76956592e-03 -4.90396675e-07 
 1.77056592e-03  1.20000000e+00  1.77056592e-03  0.00000000e+00  1.77056592e-03  1.20000000e+00  1.77056592e-03  1.19997648e+00  1.77056592e-03  6.10130261e-07 
 1.77156592e-03  1.20000000e+00  1.77156592e-03  0.00000000e+00  1.77156592e-03  1.20000000e+00  1.77156592e-03  1.20002338e+00  1.77156592e-03 -4.90350927e-07 
 1.77256592e-03  1.20000000e+00  1.77256592e-03  0.00000000e+00  1.77256592e-03  1.20000000e+00  1.77256592e-03  1.19997648e+00  1.77256592e-03  6.10084512e-07 
 1.77356592e-03  1.20000000e+00  1.77356592e-03  0.00000000e+00  1.77356592e-03  1.20000000e+00  1.77356592e-03  1.20002338e+00  1.77356592e-03 -4.90305178e-07 
 1.77456592e-03  1.20000000e+00  1.77456592e-03  0.00000000e+00  1.77456592e-03  1.20000000e+00  1.77456592e-03  1.19997648e+00  1.77456592e-03  6.10038763e-07 
 1.77556592e-03  1.20000000e+00  1.77556592e-03  0.00000000e+00  1.77556592e-03  1.20000000e+00  1.77556592e-03  1.20002338e+00  1.77556592e-03 -4.90259430e-07 
 1.77656592e-03  1.20000000e+00  1.77656592e-03  0.00000000e+00  1.77656592e-03  1.20000000e+00  1.77656592e-03  1.19997648e+00  1.77656592e-03  6.09993014e-07 
 1.77756592e-03  1.20000000e+00  1.77756592e-03  0.00000000e+00  1.77756592e-03  1.20000000e+00  1.77756592e-03  1.20002338e+00  1.77756592e-03 -4.90213682e-07 
 1.77856592e-03  1.20000000e+00  1.77856592e-03  0.00000000e+00  1.77856592e-03  1.20000000e+00  1.77856592e-03  1.19997648e+00  1.77856592e-03  6.09947265e-07 
 1.77956592e-03  1.20000000e+00  1.77956592e-03  0.00000000e+00  1.77956592e-03  1.20000000e+00  1.77956592e-03  1.20002338e+00  1.77956592e-03 -4.90167934e-07 
 1.78056592e-03  1.20000000e+00  1.78056592e-03  0.00000000e+00  1.78056592e-03  1.20000000e+00  1.78056592e-03  1.19997648e+00  1.78056592e-03  6.09901516e-07 
 1.78156592e-03  1.20000000e+00  1.78156592e-03  0.00000000e+00  1.78156592e-03  1.20000000e+00  1.78156592e-03  1.20002338e+00  1.78156592e-03 -4.90122185e-07 
 1.78256592e-03  1.20000000e+00  1.78256592e-03  0.00000000e+00  1.78256592e-03  1.20000000e+00  1.78256592e-03  1.19997648e+00  1.78256592e-03  6.09855768e-07 
 1.78356592e-03  1.20000000e+00  1.78356592e-03  0.00000000e+00  1.78356592e-03  1.20000000e+00  1.78356592e-03  1.20002338e+00  1.78356592e-03 -4.90076437e-07 
 1.78456592e-03  1.20000000e+00  1.78456592e-03  0.00000000e+00  1.78456592e-03  1.20000000e+00  1.78456592e-03  1.19997648e+00  1.78456592e-03  6.09810019e-07 
 1.78556592e-03  1.20000000e+00  1.78556592e-03  0.00000000e+00  1.78556592e-03  1.20000000e+00  1.78556592e-03  1.20002339e+00  1.78556592e-03 -4.90030689e-07 
 1.78656592e-03  1.20000000e+00  1.78656592e-03  0.00000000e+00  1.78656592e-03  1.20000000e+00  1.78656592e-03  1.19997648e+00  1.78656592e-03  6.09764271e-07 
 1.78756592e-03  1.20000000e+00  1.78756592e-03  0.00000000e+00  1.78756592e-03  1.20000000e+00  1.78756592e-03  1.20002339e+00  1.78756592e-03 -4.89984941e-07 
 1.78856592e-03  1.20000000e+00  1.78856592e-03  0.00000000e+00  1.78856592e-03  1.20000000e+00  1.78856592e-03  1.19997648e+00  1.78856592e-03  6.09718522e-07 
 1.78956592e-03  1.20000000e+00  1.78956592e-03  0.00000000e+00  1.78956592e-03  1.20000000e+00  1.78956592e-03  1.20002339e+00  1.78956592e-03 -4.89939193e-07 
 1.79056592e-03  1.20000000e+00  1.79056592e-03  0.00000000e+00  1.79056592e-03  1.20000000e+00  1.79056592e-03  1.19997648e+00  1.79056592e-03  6.09672774e-07 
 1.79156592e-03  1.20000000e+00  1.79156592e-03  0.00000000e+00  1.79156592e-03  1.20000000e+00  1.79156592e-03  1.20002339e+00  1.79156592e-03 -4.89893445e-07 
 1.79256592e-03  1.20000000e+00  1.79256592e-03  0.00000000e+00  1.79256592e-03  1.20000000e+00  1.79256592e-03  1.19997648e+00  1.79256592e-03  6.09627025e-07 
 1.79356592e-03  1.20000000e+00  1.79356592e-03  0.00000000e+00  1.79356592e-03  1.20000000e+00  1.79356592e-03  1.20002339e+00  1.79356592e-03 -4.89847698e-07 
 1.79456592e-03  1.20000000e+00  1.79456592e-03  0.00000000e+00  1.79456592e-03  1.20000000e+00  1.79456592e-03  1.19997648e+00  1.79456592e-03  6.09581277e-07 
 1.79556592e-03  1.20000000e+00  1.79556592e-03  0.00000000e+00  1.79556592e-03  1.20000000e+00  1.79556592e-03  1.20002339e+00  1.79556592e-03 -4.89801950e-07 
 1.79656592e-03  1.20000000e+00  1.79656592e-03  0.00000000e+00  1.79656592e-03  1.20000000e+00  1.79656592e-03  1.19997648e+00  1.79656592e-03  6.09535529e-07 
 1.79756592e-03  1.20000000e+00  1.79756592e-03  0.00000000e+00  1.79756592e-03  1.20000000e+00  1.79756592e-03  1.20002339e+00  1.79756592e-03 -4.89756203e-07 
 1.79856592e-03  1.20000000e+00  1.79856592e-03  0.00000000e+00  1.79856592e-03  1.20000000e+00  1.79856592e-03  1.19997647e+00  1.79856592e-03  6.09489781e-07 
 1.79928346e-03  1.20000000e+00  1.79928346e-03  0.00000000e+00  1.79928346e-03  1.20000000e+00  1.79928346e-03  1.20002339e+00  1.79928346e-03 -4.89701451e-07 
 1.80000100e-03  1.20000000e+00  1.80000100e-03  0.00000000e+00  1.80000100e-03  1.20000000e+00  1.80000100e-03  1.19997647e+00  1.80000100e-03  6.09426024e-07 
 1.80000110e-03  1.08000000e+00  1.80000110e-03  0.00000000e+00  1.80000110e-03  1.20000000e+00  1.80000110e-03  1.20000004e+00  1.80000110e-03  1.16354274e-07 
 1.80000130e-03  8.40000000e-01  1.80000130e-03  0.00000000e+00  1.80000130e-03  1.20000000e+00  1.80000130e-03  1.20000033e+00  1.80000130e-03  5.89839331e-09 
 1.80000165e-03  4.20000000e-01  1.80000165e-03  0.00000000e+00  1.80000165e-03  1.20000000e+00  1.80000165e-03  1.19999287e+00  1.80000165e-03  1.10252547e-07 
 1.80000200e-03  6.24209573e-11  1.80000200e-03  0.00000000e+00  1.80000200e-03  1.20000000e+00  1.80000200e-03  1.20003939e+00  1.80000200e-03  2.13703862e-08 
 1.80000204e-03  0.00000000e+00  1.80000204e-03  0.00000000e+00  1.80000204e-03  1.20000000e+00  1.80000204e-03  1.19992705e+00  1.80000204e-03 -1.44985704e-07 
 1.80000211e-03  0.00000000e+00  1.80000211e-03  0.00000000e+00  1.80000211e-03  1.20000000e+00  1.80000211e-03  1.20001085e+00  1.80000211e-03  5.37980640e-07 
 1.80000227e-03  0.00000000e+00  1.80000227e-03  0.00000000e+00  1.80000227e-03  1.20000000e+00  1.80000227e-03  1.20000261e+00  1.80000227e-03 -4.90835090e-07 
 1.80000257e-03  0.00000000e+00  1.80000257e-03  0.00000000e+00  1.80000257e-03  1.20000000e+00  1.80000257e-03  1.19999249e+00  1.80000257e-03  6.21643415e-07 
 1.80000314e-03  0.00000000e+00  1.80000314e-03  0.00000000e+00  1.80000314e-03  1.20000000e+00  1.80000314e-03  1.20000950e+00  1.80000314e-03 -5.03002479e-07 
 1.80000428e-03  0.00000000e+00  1.80000428e-03  0.00000000e+00  1.80000428e-03  1.20000000e+00  1.80000428e-03  1.19998938e+00  1.80000428e-03  6.22136934e-07 
 1.80000656e-03  0.00000000e+00  1.80000656e-03  0.00000000e+00  1.80000656e-03  1.20000000e+00  1.80000656e-03  1.20001094e+00  1.80000656e-03 -5.01800675e-07 
 1.80001111e-03  0.00000000e+00  1.80001111e-03  0.00000000e+00  1.80001111e-03  1.20000000e+00  1.80001111e-03  1.19998869e+00  1.80001111e-03  6.21187899e-07 
 1.80002022e-03  0.00000000e+00  1.80002022e-03  0.00000000e+00  1.80002022e-03  1.20000000e+00  1.80002022e-03  1.20001128e+00  1.80002022e-03 -5.01240945e-07 
 1.80003844e-03  0.00000000e+00  1.80003844e-03  0.00000000e+00  1.80003844e-03  1.20000000e+00  1.80003844e-03  1.19998853e+00  1.80003844e-03  6.20887046e-07 
 1.80007488e-03  0.00000000e+00  1.80007488e-03  0.00000000e+00  1.80007488e-03  1.20000000e+00  1.80007488e-03  1.20001136e+00  1.80007488e-03 -5.01085262e-07 
 1.80014775e-03  0.00000000e+00  1.80014775e-03  0.00000000e+00  1.80014775e-03  1.20000000e+00  1.80014775e-03  1.19998849e+00  1.80014775e-03  6.20807914e-07 
 1.80029351e-03  0.00000000e+00  1.80029351e-03  0.00000000e+00  1.80029351e-03  1.20000000e+00  1.80029351e-03  1.20001138e+00  1.80029351e-03 -5.01045363e-07 
 1.80058501e-03  0.00000000e+00  1.80058501e-03  0.00000000e+00  1.80058501e-03  1.20000000e+00  1.80058501e-03  1.19998847e+00  1.80058501e-03  6.20787887e-07 
 1.80116801e-03  0.00000000e+00  1.80116801e-03  0.00000000e+00  1.80116801e-03  1.20000000e+00  1.80116801e-03  1.20001139e+00  1.80116801e-03 -5.01035328e-07 
 1.80216801e-03  0.00000000e+00  1.80216801e-03  0.00000000e+00  1.80216801e-03  1.20000000e+00  1.80216801e-03  1.19998847e+00  1.80216801e-03  6.20782587e-07 
 1.80316801e-03  0.00000000e+00  1.80316801e-03  0.00000000e+00  1.80316801e-03  1.20000000e+00  1.80316801e-03  1.20001139e+00  1.80316801e-03 -5.01031421e-07 
 1.80416801e-03  0.00000000e+00  1.80416801e-03  0.00000000e+00  1.80416801e-03  1.20000000e+00  1.80416801e-03  1.19998847e+00  1.80416801e-03  6.20778679e-07 
 1.80516801e-03  0.00000000e+00  1.80516801e-03  0.00000000e+00  1.80516801e-03  1.20000000e+00  1.80516801e-03  1.20001139e+00  1.80516801e-03 -5.01027510e-07 
 1.80616801e-03  0.00000000e+00  1.80616801e-03  0.00000000e+00  1.80616801e-03  1.20000000e+00  1.80616801e-03  1.19998847e+00  1.80616801e-03  6.20774767e-07 
 1.80716801e-03  0.00000000e+00  1.80716801e-03  0.00000000e+00  1.80716801e-03  1.20000000e+00  1.80716801e-03  1.20001139e+00  1.80716801e-03 -5.01023595e-07 
 1.80816801e-03  0.00000000e+00  1.80816801e-03  0.00000000e+00  1.80816801e-03  1.20000000e+00  1.80816801e-03  1.19998847e+00  1.80816801e-03  6.20770851e-07 
 1.80916801e-03  0.00000000e+00  1.80916801e-03  0.00000000e+00  1.80916801e-03  1.20000000e+00  1.80916801e-03  1.20001140e+00  1.80916801e-03 -5.01019678e-07 
 1.81016801e-03  0.00000000e+00  1.81016801e-03  0.00000000e+00  1.81016801e-03  1.20000000e+00  1.81016801e-03  1.19998846e+00  1.81016801e-03  6.20766932e-07 
 1.81116801e-03  0.00000000e+00  1.81116801e-03  0.00000000e+00  1.81116801e-03  1.20000000e+00  1.81116801e-03  1.20001140e+00  1.81116801e-03 -5.01015756e-07 
 1.81216801e-03  0.00000000e+00  1.81216801e-03  0.00000000e+00  1.81216801e-03  1.20000000e+00  1.81216801e-03  1.19998846e+00  1.81216801e-03  6.20763009e-07 
 1.81316801e-03  0.00000000e+00  1.81316801e-03  0.00000000e+00  1.81316801e-03  1.20000000e+00  1.81316801e-03  1.20001140e+00  1.81316801e-03 -5.01011830e-07 
 1.81416801e-03  0.00000000e+00  1.81416801e-03  0.00000000e+00  1.81416801e-03  1.20000000e+00  1.81416801e-03  1.19998846e+00  1.81416801e-03  6.20759082e-07 
 1.81516801e-03  0.00000000e+00  1.81516801e-03  0.00000000e+00  1.81516801e-03  1.20000000e+00  1.81516801e-03  1.20001140e+00  1.81516801e-03 -5.01007901e-07 
 1.81616801e-03  0.00000000e+00  1.81616801e-03  0.00000000e+00  1.81616801e-03  1.20000000e+00  1.81616801e-03  1.19998846e+00  1.81616801e-03  6.20755151e-07 
 1.81716801e-03  0.00000000e+00  1.81716801e-03  0.00000000e+00  1.81716801e-03  1.20000000e+00  1.81716801e-03  1.20001140e+00  1.81716801e-03 -5.01003968e-07 
 1.81816801e-03  0.00000000e+00  1.81816801e-03  0.00000000e+00  1.81816801e-03  1.20000000e+00  1.81816801e-03  1.19998846e+00  1.81816801e-03  6.20751218e-07 
 1.81916801e-03  0.00000000e+00  1.81916801e-03  0.00000000e+00  1.81916801e-03  1.20000000e+00  1.81916801e-03  1.20001141e+00  1.81916801e-03 -5.01000032e-07 
 1.82016801e-03  0.00000000e+00  1.82016801e-03  0.00000000e+00  1.82016801e-03  1.20000000e+00  1.82016801e-03  1.19998845e+00  1.82016801e-03  6.20747280e-07 
 1.82116801e-03  0.00000000e+00  1.82116801e-03  0.00000000e+00  1.82116801e-03  1.20000000e+00  1.82116801e-03  1.20001141e+00  1.82116801e-03 -5.00996091e-07 
 1.82216801e-03  0.00000000e+00  1.82216801e-03  0.00000000e+00  1.82216801e-03  1.20000000e+00  1.82216801e-03  1.19998845e+00  1.82216801e-03  6.20743338e-07 
 1.82316801e-03  0.00000000e+00  1.82316801e-03  0.00000000e+00  1.82316801e-03  1.20000000e+00  1.82316801e-03  1.20001141e+00  1.82316801e-03 -5.00992148e-07 
 1.82416801e-03  0.00000000e+00  1.82416801e-03  0.00000000e+00  1.82416801e-03  1.20000000e+00  1.82416801e-03  1.19998845e+00  1.82416801e-03  6.20739394e-07 
 1.82516801e-03  0.00000000e+00  1.82516801e-03  0.00000000e+00  1.82516801e-03  1.20000000e+00  1.82516801e-03  1.20001141e+00  1.82516801e-03 -5.00988200e-07 
 1.82616801e-03  0.00000000e+00  1.82616801e-03  0.00000000e+00  1.82616801e-03  1.20000000e+00  1.82616801e-03  1.19998845e+00  1.82616801e-03  6.20735445e-07 
 1.82716801e-03  0.00000000e+00  1.82716801e-03  0.00000000e+00  1.82716801e-03  1.20000000e+00  1.82716801e-03  1.20001141e+00  1.82716801e-03 -5.00984249e-07 
 1.82816801e-03  0.00000000e+00  1.82816801e-03  0.00000000e+00  1.82816801e-03  1.20000000e+00  1.82816801e-03  1.19998845e+00  1.82816801e-03  6.20731492e-07 
 1.82916801e-03  0.00000000e+00  1.82916801e-03  0.00000000e+00  1.82916801e-03  1.20000000e+00  1.82916801e-03  1.20001142e+00  1.82916801e-03 -5.00980294e-07 
 1.83016801e-03  0.00000000e+00  1.83016801e-03  0.00000000e+00  1.83016801e-03  1.20000000e+00  1.83016801e-03  1.19998844e+00  1.83016801e-03  6.20727536e-07 
 1.83116801e-03  0.00000000e+00  1.83116801e-03  0.00000000e+00  1.83116801e-03  1.20000000e+00  1.83116801e-03  1.20001142e+00  1.83116801e-03 -5.00976335e-07 
 1.83216801e-03  0.00000000e+00  1.83216801e-03  0.00000000e+00  1.83216801e-03  1.20000000e+00  1.83216801e-03  1.19998844e+00  1.83216801e-03  6.20723576e-07 
 1.83316801e-03  0.00000000e+00  1.83316801e-03  0.00000000e+00  1.83316801e-03  1.20000000e+00  1.83316801e-03  1.20001142e+00  1.83316801e-03 -5.00972373e-07 
 1.83416801e-03  0.00000000e+00  1.83416801e-03  0.00000000e+00  1.83416801e-03  1.20000000e+00  1.83416801e-03  1.19998844e+00  1.83416801e-03  6.20719613e-07 
 1.83516801e-03  0.00000000e+00  1.83516801e-03  0.00000000e+00  1.83516801e-03  1.20000000e+00  1.83516801e-03  1.20001142e+00  1.83516801e-03 -5.00968407e-07 
 1.83616801e-03  0.00000000e+00  1.83616801e-03  0.00000000e+00  1.83616801e-03  1.20000000e+00  1.83616801e-03  1.19998844e+00  1.83616801e-03  6.20715646e-07 
 1.83716801e-03  0.00000000e+00  1.83716801e-03  0.00000000e+00  1.83716801e-03  1.20000000e+00  1.83716801e-03  1.20001142e+00  1.83716801e-03 -5.00964437e-07 
 1.83816801e-03  0.00000000e+00  1.83816801e-03  0.00000000e+00  1.83816801e-03  1.20000000e+00  1.83816801e-03  1.19998844e+00  1.83816801e-03  6.20711675e-07 
 1.83916801e-03  0.00000000e+00  1.83916801e-03  0.00000000e+00  1.83916801e-03  1.20000000e+00  1.83916801e-03  1.20001143e+00  1.83916801e-03 -5.00960464e-07 
 1.84016801e-03  0.00000000e+00  1.84016801e-03  0.00000000e+00  1.84016801e-03  1.20000000e+00  1.84016801e-03  1.19998843e+00  1.84016801e-03  6.20707701e-07 
 1.84116801e-03  0.00000000e+00  1.84116801e-03  0.00000000e+00  1.84116801e-03  1.20000000e+00  1.84116801e-03  1.20001143e+00  1.84116801e-03 -5.00956487e-07 
 1.84216801e-03  0.00000000e+00  1.84216801e-03  0.00000000e+00  1.84216801e-03  1.20000000e+00  1.84216801e-03  1.19998843e+00  1.84216801e-03  6.20703722e-07 
 1.84316801e-03  0.00000000e+00  1.84316801e-03  0.00000000e+00  1.84316801e-03  1.20000000e+00  1.84316801e-03  1.20001143e+00  1.84316801e-03 -5.00952506e-07 
 1.84416801e-03  0.00000000e+00  1.84416801e-03  0.00000000e+00  1.84416801e-03  1.20000000e+00  1.84416801e-03  1.19998843e+00  1.84416801e-03  6.20699740e-07 
 1.84516801e-03  0.00000000e+00  1.84516801e-03  0.00000000e+00  1.84516801e-03  1.20000000e+00  1.84516801e-03  1.20001143e+00  1.84516801e-03 -5.00948522e-07 
 1.84616801e-03  0.00000000e+00  1.84616801e-03  0.00000000e+00  1.84616801e-03  1.20000000e+00  1.84616801e-03  1.19998843e+00  1.84616801e-03  6.20695755e-07 
 1.84716801e-03  0.00000000e+00  1.84716801e-03  0.00000000e+00  1.84716801e-03  1.20000000e+00  1.84716801e-03  1.20001143e+00  1.84716801e-03 -5.00944534e-07 
 1.84816801e-03  0.00000000e+00  1.84816801e-03  0.00000000e+00  1.84816801e-03  1.20000000e+00  1.84816801e-03  1.19998843e+00  1.84816801e-03  6.20691766e-07 
 1.84908400e-03  0.00000000e+00  1.84908400e-03  0.00000000e+00  1.84908400e-03  1.20000000e+00  1.84908400e-03  1.20001144e+00  1.84908400e-03 -5.00940359e-07 
 1.85000000e-03  0.00000000e+00  1.85000000e-03  0.00000000e+00  1.85000000e-03  1.20000000e+00  1.85000000e-03  1.19998842e+00  1.85000000e-03  6.20687407e-07 
 1.85000010e-03  1.20000000e-01  1.85000010e-03  0.00000000e+00  1.85000010e-03  1.20000000e+00  1.85000010e-03  1.20000254e+00  1.85000010e-03  7.01607807e-08 
 1.85000030e-03  3.60000000e-01  1.85000030e-03  0.00000000e+00  1.85000030e-03  1.20000000e+00  1.85000030e-03  1.19999754e+00  1.85000030e-03  3.97915918e-08 
 1.85000057e-03  6.78238315e-01  1.85000057e-03  0.00000000e+00  1.85000057e-03  1.20000000e+00  1.85000057e-03  1.19995603e+00  1.85000057e-03  7.38287623e-08 
 1.85000088e-03  1.05452527e+00  1.85000088e-03  0.00000000e+00  1.85000088e-03  1.20000000e+00  1.85000088e-03  4.10327125e-02  1.85000088e-03 -3.29287932e-05 
 1.85000100e-03  1.20000000e+00  1.85000100e-03  0.00000000e+00  1.85000100e-03  1.20000000e+00  1.85000100e-03 -2.06656488e-02  1.85000100e-03  1.54742387e-04 
 1.85000103e-03  1.20000000e+00  1.85000103e-03  0.00000000e+00  1.85000103e-03  1.20000000e+00  1.85000103e-03 -3.29919121e-03  1.85000103e-03 -4.95229019e-05 
 1.85000109e-03  1.20000000e+00  1.85000109e-03  0.00000000e+00  1.85000109e-03  1.20000000e+00  1.85000109e-03  1.85762703e-03  1.85000109e-03  4.87262910e-06 
 1.85000121e-03  1.20000000e+00  1.85000121e-03  0.00000000e+00  1.85000121e-03  1.20000000e+00  1.85000121e-03 -1.38528064e-03  1.85000121e-03  7.29061476e-06 
 1.85000145e-03  1.20000000e+00  1.85000145e-03  0.00000000e+00  1.85000145e-03  1.20000000e+00  1.85000145e-03  1.27378411e-03  1.85000145e-03 -1.08675796e-05 
 1.85000183e-03  1.20000000e+00  1.85000183e-03  0.00000000e+00  1.85000183e-03  1.20000000e+00  1.85000183e-03 -1.16257360e-03  1.85000183e-03  1.31728280e-05 
 1.85000258e-03  1.20000000e+00  1.85000258e-03  0.00000000e+00  1.85000258e-03  1.20000000e+00  1.85000258e-03  1.14380020e-03  1.85000258e-03 -1.39377241e-05 
 1.85000410e-03  1.20000000e+00  1.85000410e-03  0.00000000e+00  1.85000410e-03  1.20000000e+00  1.85000410e-03 -1.11037982e-03  1.85000410e-03  1.44979422e-05 
 1.85000712e-03  1.20000000e+00  1.85000712e-03  0.00000000e+00  1.85000712e-03  1.20000000e+00  1.85000712e-03  1.11341396e-03  1.85000712e-03 -1.45910859e-05 
 1.85001317e-03  1.20000000e+00  1.85001317e-03  0.00000000e+00  1.85001317e-03  1.20000000e+00  1.85001317e-03 -1.09827861e-03  1.85001317e-03  1.48092412e-05 
 1.85002527e-03  1.20000000e+00  1.85002527e-03  0.00000000e+00  1.85002527e-03  1.20000000e+00  1.85002527e-03  1.10591888e-03  1.85002527e-03 -1.47467679e-05 
 1.85004947e-03  1.20000000e+00  1.85004947e-03  0.00000000e+00  1.85004947e-03  1.20000000e+00  1.85004947e-03 -1.09530926e-03  1.85004947e-03  1.48860719e-05 
 1.85009787e-03  1.20000000e+00  1.85009787e-03  0.00000000e+00  1.85009787e-03  1.20000000e+00  1.85009787e-03  1.10405310e-03  1.85009787e-03 -1.47851927e-05 
 1.85019468e-03  1.20000000e+00  1.85019468e-03  0.00000000e+00  1.85019468e-03  1.20000000e+00  1.85019468e-03 -1.09456992e-03  1.85019468e-03  1.49052215e-05 
 1.85038828e-03  1.20000000e+00  1.85038828e-03  0.00000000e+00  1.85038828e-03  1.20000000e+00  1.85038828e-03  1.10358744e-03  1.85038828e-03 -1.47947677e-05 
 1.85077549e-03  1.20000000e+00  1.85077549e-03  0.00000000e+00  1.85077549e-03  1.20000000e+00  1.85077549e-03 -1.09438524e-03  1.85077549e-03  1.49100053e-05 
 1.85154991e-03  1.20000000e+00  1.85154991e-03  0.00000000e+00  1.85154991e-03  1.20000000e+00  1.85154991e-03  1.10347108e-03  1.85154991e-03 -1.47971595e-05 
 1.85254991e-03  1.20000000e+00  1.85254991e-03  0.00000000e+00  1.85254991e-03  1.20000000e+00  1.85254991e-03 -1.09432926e-03  1.85254991e-03  1.49114200e-05 
 1.85354991e-03  1.20000000e+00  1.85354991e-03  0.00000000e+00  1.85354991e-03  1.20000000e+00  1.85354991e-03  1.10341459e-03  1.85354991e-03 -1.47983944e-05 
 1.85454991e-03  1.20000000e+00  1.85454991e-03  0.00000000e+00  1.85454991e-03  1.20000000e+00  1.85454991e-03 -1.09427702e-03  1.85454991e-03  1.49126551e-05 
 1.85554991e-03  1.20000000e+00  1.85554991e-03  0.00000000e+00  1.85554991e-03  1.20000000e+00  1.85554991e-03  1.10335952e-03  1.85554991e-03 -1.47996294e-05 
 1.85654991e-03  1.20000000e+00  1.85654991e-03  0.00000000e+00  1.85654991e-03  1.20000000e+00  1.85654991e-03 -1.09422422e-03  1.85654991e-03  1.49138901e-05 
 1.85754991e-03  1.20000000e+00  1.85754991e-03  0.00000000e+00  1.85754991e-03  1.20000000e+00  1.85754991e-03  1.10330474e-03  1.85754991e-03 -1.48008642e-05 
 1.85854991e-03  1.20000000e+00  1.85854991e-03  0.00000000e+00  1.85854991e-03  1.20000000e+00  1.85854991e-03 -1.09417125e-03  1.85854991e-03  1.49151251e-05 
 1.85954991e-03  1.20000000e+00  1.85954991e-03  0.00000000e+00  1.85954991e-03  1.20000000e+00  1.85954991e-03  1.10325007e-03  1.85954991e-03 -1.48020988e-05 
 1.86054991e-03  1.20000000e+00  1.86054991e-03  0.00000000e+00  1.86054991e-03  1.20000000e+00  1.86054991e-03 -1.09411822e-03  1.86054991e-03  1.49163598e-05 
 1.86154991e-03  1.20000000e+00  1.86154991e-03  0.00000000e+00  1.86154991e-03  1.20000000e+00  1.86154991e-03  1.10319547e-03  1.86154991e-03 -1.48033333e-05 
 1.86254991e-03  1.20000000e+00  1.86254991e-03  0.00000000e+00  1.86254991e-03  1.20000000e+00  1.86254991e-03 -1.09406514e-03  1.86254991e-03  1.49175944e-05 
 1.86354991e-03  1.20000000e+00  1.86354991e-03  0.00000000e+00  1.86354991e-03  1.20000000e+00  1.86354991e-03  1.10314090e-03  1.86354991e-03 -1.48045677e-05 
 1.86454991e-03  1.20000000e+00  1.86454991e-03  0.00000000e+00  1.86454991e-03  1.20000000e+00  1.86454991e-03 -1.09401205e-03  1.86454991e-03  1.49188289e-05 
 1.86554991e-03  1.20000000e+00  1.86554991e-03  0.00000000e+00  1.86554991e-03  1.20000000e+00  1.86554991e-03  1.10308635e-03  1.86554991e-03 -1.48058019e-05 
 1.86654991e-03  1.20000000e+00  1.86654991e-03  0.00000000e+00  1.86654991e-03  1.20000000e+00  1.86654991e-03 -1.09395895e-03  1.86654991e-03  1.49200632e-05 
 1.86754991e-03  1.20000000e+00  1.86754991e-03  0.00000000e+00  1.86754991e-03  1.20000000e+00  1.86754991e-03  1.10303183e-03  1.86754991e-03 -1.48070360e-05 
 1.86854991e-03  1.20000000e+00  1.86854991e-03  0.00000000e+00  1.86854991e-03  1.20000000e+00  1.86854991e-03 -1.09390584e-03  1.86854991e-03  1.49212974e-05 
 1.86954991e-03  1.20000000e+00  1.86954991e-03  0.00000000e+00  1.86954991e-03  1.20000000e+00  1.86954991e-03  1.10297731e-03  1.86954991e-03 -1.48082699e-05 
 1.87054991e-03  1.20000000e+00  1.87054991e-03  0.00000000e+00  1.87054991e-03  1.20000000e+00  1.87054991e-03 -1.09385273e-03  1.87054991e-03  1.49225314e-05 
 1.87154991e-03  1.20000000e+00  1.87154991e-03  0.00000000e+00  1.87154991e-03  1.20000000e+00  1.87154991e-03  1.10292280e-03  1.87154991e-03 -1.48095036e-05 
 1.87254991e-03  1.20000000e+00  1.87254991e-03  0.00000000e+00  1.87254991e-03  1.20000000e+00  1.87254991e-03 -1.09379962e-03  1.87254991e-03  1.49237653e-05 
 1.87354991e-03  1.20000000e+00  1.87354991e-03  0.00000000e+00  1.87354991e-03  1.20000000e+00  1.87354991e-03  1.10286831e-03  1.87354991e-03 -1.48107372e-05 
 1.87454991e-03  1.20000000e+00  1.87454991e-03  0.00000000e+00  1.87454991e-03  1.20000000e+00  1.87454991e-03 -1.09374651e-03  1.87454991e-03  1.49249990e-05 
 1.87554991e-03  1.20000000e+00  1.87554991e-03  0.00000000e+00  1.87554991e-03  1.20000000e+00  1.87554991e-03  1.10281382e-03  1.87554991e-03 -1.48119706e-05 
 1.87654991e-03  1.20000000e+00  1.87654991e-03  0.00000000e+00  1.87654991e-03  1.20000000e+00  1.87654991e-03 -1.09369340e-03  1.87654991e-03  1.49262325e-05 
 1.87754991e-03  1.20000000e+00  1.87754991e-03  0.00000000e+00  1.87754991e-03  1.20000000e+00  1.87754991e-03  1.10275934e-03  1.87754991e-03 -1.48132039e-05 
 1.87854991e-03  1.20000000e+00  1.87854991e-03  0.00000000e+00  1.87854991e-03  1.20000000e+00  1.87854991e-03 -1.09364030e-03  1.87854991e-03  1.49274659e-05 
 1.87954991e-03  1.20000000e+00  1.87954991e-03  0.00000000e+00  1.87954991e-03  1.20000000e+00  1.87954991e-03  1.10270486e-03  1.87954991e-03 -1.48144371e-05 
 1.88054991e-03  1.20000000e+00  1.88054991e-03  0.00000000e+00  1.88054991e-03  1.20000000e+00  1.88054991e-03 -1.09358719e-03  1.88054991e-03  1.49286992e-05 
 1.88154991e-03  1.20000000e+00  1.88154991e-03  0.00000000e+00  1.88154991e-03  1.20000000e+00  1.88154991e-03  1.10265039e-03  1.88154991e-03 -1.48156700e-05 
 1.88254991e-03  1.20000000e+00  1.88254991e-03  0.00000000e+00  1.88254991e-03  1.20000000e+00  1.88254991e-03 -1.09353409e-03  1.88254991e-03  1.49299322e-05 
 1.88354991e-03  1.20000000e+00  1.88354991e-03  0.00000000e+00  1.88354991e-03  1.20000000e+00  1.88354991e-03  1.10259593e-03  1.88354991e-03 -1.48169029e-05 
 1.88454991e-03  1.20000000e+00  1.88454991e-03  0.00000000e+00  1.88454991e-03  1.20000000e+00  1.88454991e-03 -1.09348099e-03  1.88454991e-03  1.49311652e-05 
 1.88554991e-03  1.20000000e+00  1.88554991e-03  0.00000000e+00  1.88554991e-03  1.20000000e+00  1.88554991e-03  1.10254147e-03  1.88554991e-03 -1.48181355e-05 
 1.88654991e-03  1.20000000e+00  1.88654991e-03  0.00000000e+00  1.88654991e-03  1.20000000e+00  1.88654991e-03 -1.09342789e-03  1.88654991e-03  1.49323980e-05 
 1.88754991e-03  1.20000000e+00  1.88754991e-03  0.00000000e+00  1.88754991e-03  1.20000000e+00  1.88754991e-03  1.10248701e-03  1.88754991e-03 -1.48193681e-05 
 1.88854991e-03  1.20000000e+00  1.88854991e-03  0.00000000e+00  1.88854991e-03  1.20000000e+00  1.88854991e-03 -1.09337480e-03  1.88854991e-03  1.49336306e-05 
 1.88954991e-03  1.20000000e+00  1.88954991e-03  0.00000000e+00  1.88954991e-03  1.20000000e+00  1.88954991e-03  1.10243257e-03  1.88954991e-03 -1.48206004e-05 
 1.89054991e-03  1.20000000e+00  1.89054991e-03  0.00000000e+00  1.89054991e-03  1.20000000e+00  1.89054991e-03 -1.09332171e-03  1.89054991e-03  1.49348631e-05 
 1.89154991e-03  1.20000000e+00  1.89154991e-03  0.00000000e+00  1.89154991e-03  1.20000000e+00  1.89154991e-03  1.10237812e-03  1.89154991e-03 -1.48218326e-05 
 1.89254991e-03  1.20000000e+00  1.89254991e-03  0.00000000e+00  1.89254991e-03  1.20000000e+00  1.89254991e-03 -1.09326863e-03  1.89254991e-03  1.49360954e-05 
 1.89354991e-03  1.20000000e+00  1.89354991e-03  0.00000000e+00  1.89354991e-03  1.20000000e+00  1.89354991e-03  1.10232368e-03  1.89354991e-03 -1.48230647e-05 
 1.89454991e-03  1.20000000e+00  1.89454991e-03  0.00000000e+00  1.89454991e-03  1.20000000e+00  1.89454991e-03 -1.09321554e-03  1.89454991e-03  1.49373275e-05 
 1.89554991e-03  1.20000000e+00  1.89554991e-03  0.00000000e+00  1.89554991e-03  1.20000000e+00  1.89554991e-03  1.10226925e-03  1.89554991e-03 -1.48242966e-05 
 1.89654991e-03  1.20000000e+00  1.89654991e-03  0.00000000e+00  1.89654991e-03  1.20000000e+00  1.89654991e-03 -1.09316247e-03  1.89654991e-03  1.49385596e-05 
 1.89754991e-03  1.20000000e+00  1.89754991e-03  0.00000000e+00  1.89754991e-03  1.20000000e+00  1.89754991e-03  1.10221482e-03  1.89754991e-03 -1.48255283e-05 
 1.89854991e-03  1.20000000e+00  1.89854991e-03  0.00000000e+00  1.89854991e-03  1.20000000e+00  1.89854991e-03 -1.09310939e-03  1.89854991e-03  1.49397914e-05 
 1.89927546e-03  1.20000000e+00  1.89927546e-03  0.00000000e+00  1.89927546e-03  1.20000000e+00  1.89927546e-03  1.10215010e-03  1.89927546e-03 -1.48269929e-05 
 1.90000100e-03  1.20000000e+00  1.90000100e-03  0.00000000e+00  1.90000100e-03  1.20000000e+00  1.90000100e-03 -1.09303625e-03  1.90000100e-03  1.49414890e-05 
 1.90000110e-03  1.08000000e+00  1.90000110e-03  0.00000000e+00  1.90000110e-03  1.20000000e+00  1.90000110e-03 -6.10982497e-05  1.90000110e-03 -1.26251963e-06 
 1.90000130e-03  8.40000000e-01  1.90000130e-03  0.00000000e+00  1.90000130e-03  1.20000000e+00  1.90000130e-03  5.09828581e-05  1.90000130e-03  9.94396415e-07 
 1.90000165e-03  4.20000000e-01  1.90000165e-03  0.00000000e+00  1.90000165e-03  1.20000000e+00  1.90000165e-03 -2.43425386e-04  1.90000165e-03 -6.95880228e-07 
 1.90000200e-03  6.24209573e-11  1.90000200e-03  0.00000000e+00  1.90000200e-03  1.20000000e+00  1.90000200e-03  5.04716159e-04  1.90000200e-03  6.84983733e-07 
 1.90000204e-03  0.00000000e+00  1.90000204e-03  0.00000000e+00  1.90000204e-03  1.20000000e+00  1.90000204e-03 -8.95963432e-05  1.90000204e-03 -8.85741695e-08 
 1.90000211e-03  0.00000000e+00  1.90000211e-03  0.00000000e+00  1.90000211e-03  1.20000000e+00  1.90000211e-03 -9.56178904e-05  1.90000211e-03  8.26995417e-07 
 1.90000227e-03  0.00000000e+00  1.90000227e-03  0.00000000e+00  1.90000227e-03  1.20000000e+00  1.90000227e-03  7.69684924e-05  1.90000227e-03 -8.93744927e-07 
 1.90000257e-03  0.00000000e+00  1.90000257e-03  0.00000000e+00  1.90000257e-03  1.20000000e+00  1.90000257e-03 -7.11193193e-05  1.90000257e-03  1.06966926e-06 
 1.90000314e-03  0.00000000e+00  1.90000314e-03  0.00000000e+00  1.90000314e-03  1.20000000e+00  1.90000314e-03  6.86533297e-05  1.90000314e-03 -9.71991931e-07 
 1.90000428e-03  0.00000000e+00  1.90000428e-03  0.00000000e+00  1.90000428e-03  1.20000000e+00  1.90000428e-03 -6.73124822e-05  1.90000428e-03  1.10080871e-06 
 1.90000656e-03  0.00000000e+00  1.90000656e-03  0.00000000e+00  1.90000656e-03  1.20000000e+00  1.90000656e-03  6.68608420e-05  1.90000656e-03 -9.85138065e-07 
 1.90001111e-03  0.00000000e+00  1.90001111e-03  0.00000000e+00  1.90001111e-03  1.20000000e+00  1.90001111e-03 -6.64412813e-05  1.90001111e-03  1.10680050e-06 
 1.90002022e-03  0.00000000e+00  1.90002022e-03  0.00000000e+00  1.90002022e-03  1.20000000e+00  1.90002022e-03  6.64308573e-05  1.90002022e-03 -9.87991166e-07 
 1.90003843e-03  0.00000000e+00  1.90003843e-03  0.00000000e+00  1.90003843e-03  1.20000000e+00  1.90003843e-03 -6.62277840e-05  1.90003843e-03  1.10819194e-06 
 1.90007485e-03  0.00000000e+00  1.90007485e-03  0.00000000e+00  1.90007485e-03  1.20000000e+00  1.90007485e-03  6.63244131e-05  1.90007485e-03 -9.88678041e-07 
 1.90014770e-03  0.00000000e+00  1.90014770e-03  0.00000000e+00  1.90014770e-03  1.20000000e+00  1.90014770e-03 -6.61746691e-05  1.90014770e-03  1.10853323e-06 
 1.90029339e-03  0.00000000e+00  1.90029339e-03  0.00000000e+00  1.90029339e-03  1.20000000e+00  1.90029339e-03  6.62978665e-05  1.90029339e-03 -9.88848121e-07 
 1.90058477e-03  0.00000000e+00  1.90058477e-03  0.00000000e+00  1.90058477e-03  1.20000000e+00  1.90058477e-03 -6.61614066e-05  1.90058477e-03  1.10861815e-06 
 1.90116754e-03  0.00000000e+00  1.90116754e-03  0.00000000e+00  1.90116754e-03  1.20000000e+00  1.90116754e-03  6.62912335e-05  1.90116754e-03 -9.88890538e-07 
 1.90216754e-03  0.00000000e+00  1.90216754e-03  0.00000000e+00  1.90216754e-03  1.20000000e+00  1.90216754e-03 -6.61579096e-05  1.90216754e-03  1.10864052e-06 
 1.90316754e-03  0.00000000e+00  1.90316754e-03  0.00000000e+00  1.90316754e-03  1.20000000e+00  1.90316754e-03  6.62886564e-05  1.90316754e-03 -9.88907007e-07 
 1.90416754e-03  0.00000000e+00  1.90416754e-03  0.00000000e+00  1.90416754e-03  1.20000000e+00  1.90416754e-03 -6.61553350e-05  1.90416754e-03  1.10865699e-06 
 1.90516754e-03  0.00000000e+00  1.90516754e-03  0.00000000e+00  1.90516754e-03  1.20000000e+00  1.90516754e-03  6.62860796e-05  1.90516754e-03 -9.88923469e-07 
 1.90616754e-03  0.00000000e+00  1.90616754e-03  0.00000000e+00  1.90616754e-03  1.20000000e+00  1.90616754e-03 -6.61527605e-05  1.90616754e-03  1.10867345e-06 
 1.90716754e-03  0.00000000e+00  1.90716754e-03  0.00000000e+00  1.90716754e-03  1.20000000e+00  1.90716754e-03  6.62835032e-05  1.90716754e-03 -9.88939926e-07 
 1.90816754e-03  0.00000000e+00  1.90816754e-03  0.00000000e+00  1.90816754e-03  1.20000000e+00  1.90816754e-03 -6.61501862e-05  1.90816754e-03  1.10868990e-06 
 1.90916754e-03  0.00000000e+00  1.90916754e-03  0.00000000e+00  1.90916754e-03  1.20000000e+00  1.90916754e-03  6.62809271e-05  1.90916754e-03 -9.88956376e-07 
 1.91016754e-03  0.00000000e+00  1.91016754e-03  0.00000000e+00  1.91016754e-03  1.20000000e+00  1.91016754e-03 -6.61476120e-05  1.91016754e-03  1.10870635e-06 
 1.91116754e-03  0.00000000e+00  1.91116754e-03  0.00000000e+00  1.91116754e-03  1.20000000e+00  1.91116754e-03  6.62783514e-05  1.91116754e-03 -9.88972820e-07 
 1.91216754e-03  0.00000000e+00  1.91216754e-03  0.00000000e+00  1.91216754e-03  1.20000000e+00  1.91216754e-03 -6.61450380e-05  1.91216754e-03  1.10872279e-06 
 1.91316754e-03  0.00000000e+00  1.91316754e-03  0.00000000e+00  1.91316754e-03  1.20000000e+00  1.91316754e-03  6.62757759e-05  1.91316754e-03 -9.88989258e-07 
 1.91416754e-03  0.00000000e+00  1.91416754e-03  0.00000000e+00  1.91416754e-03  1.20000000e+00  1.91416754e-03 -6.61424642e-05  1.91416754e-03  1.10873923e-06 
 1.91516754e-03  0.00000000e+00  1.91516754e-03  0.00000000e+00  1.91516754e-03  1.20000000e+00  1.91516754e-03  6.62732007e-05  1.91516754e-03 -9.89005689e-07 
 1.91616754e-03  0.00000000e+00  1.91616754e-03  0.00000000e+00  1.91616754e-03  1.20000000e+00  1.91616754e-03 -6.61398906e-05  1.91616754e-03  1.10875566e-06 
 1.91716754e-03  0.00000000e+00  1.91716754e-03  0.00000000e+00  1.91716754e-03  1.20000000e+00  1.91716754e-03  6.62706258e-05  1.91716754e-03 -9.89022115e-07 
 1.91816754e-03  0.00000000e+00  1.91816754e-03  0.00000000e+00  1.91816754e-03  1.20000000e+00  1.91816754e-03 -6.61373171e-05  1.91816754e-03  1.10877208e-06 
 1.91916754e-03  0.00000000e+00  1.91916754e-03  0.00000000e+00  1.91916754e-03  1.20000000e+00  1.91916754e-03  6.62680512e-05  1.91916754e-03 -9.89038534e-07 
 1.92016754e-03  0.00000000e+00  1.92016754e-03  0.00000000e+00  1.92016754e-03  1.20000000e+00  1.92016754e-03 -6.61347439e-05  1.92016754e-03  1.10878850e-06 
 1.92116754e-03  0.00000000e+00  1.92116754e-03  0.00000000e+00  1.92116754e-03  1.20000000e+00  1.92116754e-03  6.62654769e-05  1.92116754e-03 -9.89054947e-07 
 1.92216754e-03  0.00000000e+00  1.92216754e-03  0.00000000e+00  1.92216754e-03  1.20000000e+00  1.92216754e-03 -6.61321709e-05  1.92216754e-03  1.10880491e-06 
 1.92316754e-03  0.00000000e+00  1.92316754e-03  0.00000000e+00  1.92316754e-03  1.20000000e+00  1.92316754e-03  6.62629028e-05  1.92316754e-03 -9.89071354e-07 
 1.92416754e-03  0.00000000e+00  1.92416754e-03  0.00000000e+00  1.92416754e-03  1.20000000e+00  1.92416754e-03 -6.61295982e-05  1.92416754e-03  1.10882132e-06 
 1.92516754e-03  0.00000000e+00  1.92516754e-03  0.00000000e+00  1.92516754e-03  1.20000000e+00  1.92516754e-03  6.62603290e-05  1.92516754e-03 -9.89087755e-07 
 1.92616754e-03  0.00000000e+00  1.92616754e-03  0.00000000e+00  1.92616754e-03  1.20000000e+00  1.92616754e-03 -6.61270256e-05  1.92616754e-03  1.10883772e-06 
 1.92716754e-03  0.00000000e+00  1.92716754e-03  0.00000000e+00  1.92716754e-03  1.20000000e+00  1.92716754e-03  6.62577554e-05  1.92716754e-03 -9.89104150e-07 
 1.92816754e-03  0.00000000e+00  1.92816754e-03  0.00000000e+00  1.92816754e-03  1.20000000e+00  1.92816754e-03 -6.61244533e-05  1.92816754e-03  1.10885411e-06 
 1.92916754e-03  0.00000000e+00  1.92916754e-03  0.00000000e+00  1.92916754e-03  1.20000000e+00  1.92916754e-03  6.62551821e-05  1.92916754e-03 -9.89120538e-07 
 1.93016754e-03  0.00000000e+00  1.93016754e-03  0.00000000e+00  1.93016754e-03  1.20000000e+00  1.93016754e-03 -6.61218812e-05  1.93016754e-03  1.10887050e-06 
 1.93116754e-03  0.00000000e+00  1.93116754e-03  0.00000000e+00  1.93116754e-03  1.20000000e+00  1.93116754e-03  6.62526090e-05  1.93116754e-03 -9.89136920e-07 
 1.93216754e-03  0.00000000e+00  1.93216754e-03  0.00000000e+00  1.93216754e-03  1.20000000e+00  1.93216754e-03 -6.61193094e-05  1.93216754e-03  1.10888688e-06 
 1.93316754e-03  0.00000000e+00  1.93316754e-03  0.00000000e+00  1.93316754e-03  1.20000000e+00  1.93316754e-03  6.62500362e-05  1.93316754e-03 -9.89153296e-07 
 1.93416754e-03  0.00000000e+00  1.93416754e-03  0.00000000e+00  1.93416754e-03  1.20000000e+00  1.93416754e-03 -6.61167377e-05  1.93416754e-03  1.10890326e-06 
 1.93516754e-03  0.00000000e+00  1.93516754e-03  0.00000000e+00  1.93516754e-03  1.20000000e+00  1.93516754e-03  6.62474636e-05  1.93516754e-03 -9.89169666e-07 
 1.93616754e-03  0.00000000e+00  1.93616754e-03  0.00000000e+00  1.93616754e-03  1.20000000e+00  1.93616754e-03 -6.61141664e-05  1.93616754e-03  1.10891963e-06 
 1.93716754e-03  0.00000000e+00  1.93716754e-03  0.00000000e+00  1.93716754e-03  1.20000000e+00  1.93716754e-03  6.62448913e-05  1.93716754e-03 -9.89186030e-07 
 1.93816754e-03  0.00000000e+00  1.93816754e-03  0.00000000e+00  1.93816754e-03  1.20000000e+00  1.93816754e-03 -6.61115952e-05  1.93816754e-03  1.10893599e-06 
 1.93916754e-03  0.00000000e+00  1.93916754e-03  0.00000000e+00  1.93916754e-03  1.20000000e+00  1.93916754e-03  6.62423192e-05  1.93916754e-03 -9.89202388e-07 
 1.94016754e-03  0.00000000e+00  1.94016754e-03  0.00000000e+00  1.94016754e-03  1.20000000e+00  1.94016754e-03 -6.61090243e-05  1.94016754e-03  1.10895234e-06 
 1.94116754e-03  0.00000000e+00  1.94116754e-03  0.00000000e+00  1.94116754e-03  1.20000000e+00  1.94116754e-03  6.62397474e-05  1.94116754e-03 -9.89218739e-07 
 1.94216754e-03  0.00000000e+00  1.94216754e-03  0.00000000e+00  1.94216754e-03  1.20000000e+00  1.94216754e-03 -6.61064536e-05  1.94216754e-03  1.10896869e-06 
 1.94316754e-03  0.00000000e+00  1.94316754e-03  0.00000000e+00  1.94316754e-03  1.20000000e+00  1.94316754e-03  6.62371758e-05  1.94316754e-03 -9.89235084e-07 
 1.94416754e-03  0.00000000e+00  1.94416754e-03  0.00000000e+00  1.94416754e-03  1.20000000e+00  1.94416754e-03 -6.61038832e-05  1.94416754e-03  1.10898504e-06 
 1.94516754e-03  0.00000000e+00  1.94516754e-03  0.00000000e+00  1.94516754e-03  1.20000000e+00  1.94516754e-03  6.62346045e-05  1.94516754e-03 -9.89251424e-07 
 1.94616754e-03  0.00000000e+00  1.94616754e-03  0.00000000e+00  1.94616754e-03  1.20000000e+00  1.94616754e-03 -6.61013130e-05  1.94616754e-03  1.10900138e-06 
 1.94716754e-03  0.00000000e+00  1.94716754e-03  0.00000000e+00  1.94716754e-03  1.20000000e+00  1.94716754e-03  6.62320334e-05  1.94716754e-03 -9.89267756e-07 
 1.94816754e-03  0.00000000e+00  1.94816754e-03  0.00000000e+00  1.94816754e-03  1.20000000e+00  1.94816754e-03 -6.60987430e-05  1.94816754e-03  1.10901771e-06 
 1.94908377e-03  0.00000000e+00  1.94908377e-03  0.00000000e+00  1.94908377e-03  1.20000000e+00  1.94908377e-03  6.62293450e-05  1.94908377e-03 -9.89284830e-07 
 1.95000000e-03  2.60208521e-10  1.95000000e-03  0.00000000e+00  1.95000000e-03  1.20000000e+00  1.95000000e-03 -6.60959384e-05  1.95000000e-03  1.10903553e-06 
 1.95000010e-03  1.20000000e-01  1.95000010e-03  0.00000000e+00  1.95000010e-03  1.20000000e+00  1.95000010e-03 -2.67673266e-06  1.95000010e-03  4.82727716e-08 
 1.95000030e-03  3.60000000e-01  1.95000030e-03  0.00000000e+00  1.95000030e-03  1.20000000e+00  1.95000030e-03  2.16771307e-06  1.95000030e-03  5.53671894e-08 
 1.95000057e-03  6.80829535e-01  1.95000057e-03  0.00000000e+00  1.95000057e-03  1.20000000e+00  1.95000057e-03 -1.87222379e-05  1.95000057e-03  6.43350193e-08 
 1.95000092e-03  1.10067820e+00  1.95000092e-03  0.00000000e+00  1.95000092e-03  1.20000000e+00  1.95000092e-03  6.52739728e-04  1.95000092e-03  5.48031603e-05 
 1.95000100e-03  1.20000000e+00  1.95000100e-03  0.00000000e+00  1.95000100e-03  1.20000000e+00  1.95000100e-03 -3.96735847e-04  1.95000100e-03 -4.23582644e-04 
 1.95000103e-03  1.20000000e+00  1.95000103e-03  0.00000000e+00  1.95000103e-03  1.20000000e+00  1.95000103e-03  5.01945664e-05  1.95000103e-03  7.10815725e-05 
 1.95000110e-03  1.20000000e+00  1.95000110e-03  0.00000000e+00  1.95000110e-03  1.20000000e+00  1.95000110e-03  8.10108402e-05  1.95000110e-03  2.80859384e-05 
 1.95000122e-03  1.20000000e+00  1.95000122e-03  0.00000000e+00  1.95000122e-03  1.20000000e+00  1.95000122e-03 -3.36707758e-05  1.95000122e-03 -3.59505730e-05 
 1.95000148e-03  1.20000000e+00  1.95000148e-03  0.00000000e+00  1.95000148e-03  1.20000000e+00  1.95000148e-03  6.34796015e-05  1.95000148e-03  4.03286577e-05 
 1.95000198e-03  1.20000000e+00  1.95000198e-03  0.00000000e+00  1.95000198e-03  1.20000000e+00  1.95000198e-03 -4.91051917e-05  1.95000198e-03 -4.09305975e-05 
 1.95000300e-03  1.20000000e+00  1.95000300e-03  0.00000000e+00  1.95000300e-03  1.20000000e+00  1.95000300e-03  5.64488526e-05  1.95000300e-03  4.15123755e-05 
 1.95000503e-03  1.20000000e+00  1.95000503e-03  0.00000000e+00  1.95000503e-03  1.20000000e+00  1.95000503e-03 -5.27670264e-05  1.95000503e-03 -4.15604120e-05 
 1.95000908e-03  1.20000000e+00  1.95000908e-03  0.00000000e+00  1.95000908e-03  1.20000000e+00  1.95000908e-03  5.46460115e-05  1.95000908e-03  4.17548491e-05 
 1.95001720e-03  1.20000000e+00  1.95001720e-03  0.00000000e+00  1.95001720e-03  1.20000000e+00  1.95001720e-03 -5.36436860e-05  1.95001720e-03 -4.16842472e-05 
 1.95003343e-03  1.20000000e+00  1.95003343e-03  0.00000000e+00  1.95003343e-03  1.20000000e+00  1.95003343e-03  5.42013310e-05  1.95003343e-03  4.18126529e-05 
 1.95006590e-03  1.20000000e+00  1.95006590e-03  0.00000000e+00  1.95006590e-03  1.20000000e+00  1.95006590e-03 -5.38574982e-05  1.95006590e-03 -4.17132075e-05 
 1.95013083e-03  1.20000000e+00  1.95013083e-03  0.00000000e+00  1.95013083e-03  1.20000000e+00  1.95013083e-03  5.40916885e-05  1.95013083e-03  4.18269320e-05 
 1.95026069e-03  1.20000000e+00  1.95026069e-03  0.00000000e+00  1.95026069e-03  1.20000000e+00  1.95026069e-03 -5.39100893e-05  1.95026069e-03 -4.17203254e-05 
 1.95052040e-03  1.20000000e+00  1.95052040e-03  0.00000000e+00  1.95052040e-03  1.20000000e+00  1.95052040e-03  5.40646372e-05  1.95052040e-03  4.18304912e-05 
 1.95103984e-03  1.20000000e+00  1.95103984e-03  0.00000000e+00  1.95103984e-03  1.20000000e+00  1.95103984e-03 -5.39230070e-05  1.95103984e-03 -4.17220975e-05 
 1.95203984e-03  1.20000000e+00  1.95203984e-03  0.00000000e+00  1.95203984e-03  1.20000000e+00  1.95203984e-03  5.40581137e-05  1.95203984e-03  4.18313921e-05 
 1.95303984e-03  1.20000000e+00  1.95303984e-03  0.00000000e+00  1.95303984e-03  1.20000000e+00  1.95303984e-03 -5.39255448e-05  1.95303984e-03 -4.17227120e-05 
 1.95403984e-03  1.20000000e+00  1.95403984e-03  0.00000000e+00  1.95403984e-03  1.20000000e+00  1.95403984e-03  5.40570824e-05  1.95403984e-03  4.18320108e-05 
 1.95503984e-03  1.20000000e+00  1.95503984e-03  0.00000000e+00  1.95503984e-03  1.20000000e+00  1.95503984e-03 -5.39257954e-05  1.95503984e-03 -4.17233280e-05 
 1.95603984e-03  1.20000000e+00  1.95603984e-03  0.00000000e+00  1.95603984e-03  1.20000000e+00  1.95603984e-03  5.40566873e-05  1.95603984e-03  4.18326298e-05 
 1.95703984e-03  1.20000000e+00  1.95703984e-03  0.00000000e+00  1.95703984e-03  1.20000000e+00  1.95703984e-03 -5.39257511e-05  1.95703984e-03 -4.17239441e-05 
 1.95803984e-03  1.20000000e+00  1.95803984e-03  0.00000000e+00  1.95803984e-03  1.20000000e+00  1.95803984e-03  5.40564382e-05  1.95803984e-03  4.18332487e-05 
 1.95903984e-03  1.20000000e+00  1.95903984e-03  0.00000000e+00  1.95903984e-03  1.20000000e+00  1.95903984e-03 -5.39256222e-05  1.95903984e-03 -4.17245600e-05 
 1.96003984e-03  1.20000000e+00  1.96003984e-03  0.00000000e+00  1.96003984e-03  1.20000000e+00  1.96003984e-03  5.40562364e-05  1.96003984e-03  4.18338673e-05 
 1.96103984e-03  1.20000000e+00  1.96103984e-03  0.00000000e+00  1.96103984e-03  1.20000000e+00  1.96103984e-03 -5.39254639e-05  1.96103984e-03 -4.17251756e-05 
 1.96203984e-03  1.20000000e+00  1.96203984e-03  0.00000000e+00  1.96203984e-03  1.20000000e+00  1.96203984e-03  5.40560515e-05  1.96203984e-03  4.18344858e-05 
 1.96303984e-03  1.20000000e+00  1.96303984e-03  0.00000000e+00  1.96303984e-03  1.20000000e+00  1.96303984e-03 -5.39252945e-05  1.96303984e-03 -4.17257911e-05 
 1.96403984e-03  1.20000000e+00  1.96403984e-03  0.00000000e+00  1.96403984e-03  1.20000000e+00  1.96403984e-03  5.40558728e-05  1.96403984e-03  4.18351040e-05 
 1.96503984e-03  1.20000000e+00  1.96503984e-03  0.00000000e+00  1.96503984e-03  1.20000000e+00  1.96503984e-03 -5.39251209e-05  1.96503984e-03 -4.17264063e-05 
 1.96603984e-03  1.20000000e+00  1.96603984e-03  0.00000000e+00  1.96603984e-03  1.20000000e+00  1.96603984e-03  5.40556963e-05  1.96603984e-03  4.18357220e-05 
 1.96703984e-03  1.20000000e+00  1.96703984e-03  0.00000000e+00  1.96703984e-03  1.20000000e+00  1.96703984e-03 -5.39249455e-05  1.96703984e-03 -4.17270212e-05 
 1.96803984e-03  1.20000000e+00  1.96803984e-03  0.00000000e+00  1.96803984e-03  1.20000000e+00  1.96803984e-03  5.40555207e-05  1.96803984e-03  4.18363397e-05 
 1.96903984e-03  1.20000000e+00  1.96903984e-03  0.00000000e+00  1.96903984e-03  1.20000000e+00  1.96903984e-03 -5.39247694e-05  1.96903984e-03 -4.17276359e-05 
 1.97003984e-03  1.20000000e+00  1.97003984e-03  0.00000000e+00  1.97003984e-03  1.20000000e+00  1.97003984e-03  5.40553452e-05  1.97003984e-03  4.18369573e-05 
 1.97103984e-03  1.20000000e+00  1.97103984e-03  0.00000000e+00  1.97103984e-03  1.20000000e+00  1.97103984e-03 -5.39245928e-05  1.97103984e-03 -4.17282504e-05 
 1.97203984e-03  1.20000000e+00  1.97203984e-03  0.00000000e+00  1.97203984e-03  1.20000000e+00  1.97203984e-03  5.40551697e-05  1.97203984e-03  4.18375745e-05 
 1.97303984e-03  1.20000000e+00  1.97303984e-03  0.00000000e+00  1.97303984e-03  1.20000000e+00  1.97303984e-03 -5.39244159e-05  1.97303984e-03 -4.17288647e-05 
 1.97403984e-03  1.20000000e+00  1.97403984e-03  0.00000000e+00  1.97403984e-03  1.20000000e+00  1.97403984e-03  5.40549940e-05  1.97403984e-03  4.18381916e-05 
 1.97503984e-03  1.20000000e+00  1.97503984e-03  0.00000000e+00  1.97503984e-03  1.20000000e+00  1.97503984e-03 -5.39242389e-05  1.97503984e-03 -4.17294787e-05 
 1.97603984e-03  1.20000000e+00  1.97603984e-03  0.00000000e+00  1.97603984e-03  1.20000000e+00  1.97603984e-03  5.40548182e-05  1.97603984e-03  4.18388084e-05 
 1.97703984e-03  1.20000000e+00  1.97703984e-03  0.00000000e+00  1.97703984e-03  1.20000000e+00  1.97703984e-03 -5.39240616e-05  1.97703984e-03 -4.17300925e-05 
 1.97803984e-03  1.20000000e+00  1.97803984e-03  0.00000000e+00  1.97803984e-03  1.20000000e+00  1.97803984e-03  5.40546422e-05  1.97803984e-03  4.18394250e-05 
 1.97903984e-03  1.20000000e+00  1.97903984e-03  0.00000000e+00  1.97903984e-03  1.20000000e+00  1.97903984e-03 -5.39238842e-05  1.97903984e-03 -4.17307061e-05 
 1.98003984e-03  1.20000000e+00  1.98003984e-03  0.00000000e+00  1.98003984e-03  1.20000000e+00  1.98003984e-03  5.40544661e-05  1.98003984e-03  4.18400413e-05 
 1.98103984e-03  1.20000000e+00  1.98103984e-03  0.00000000e+00  1.98103984e-03  1.20000000e+00  1.98103984e-03 -5.39237066e-05  1.98103984e-03 -4.17313194e-05 
 1.98203984e-03  1.20000000e+00  1.98203984e-03  0.00000000e+00  1.98203984e-03  1.20000000e+00  1.98203984e-03  5.40542897e-05  1.98203984e-03  4.18406574e-05 
 1.98303984e-03  1.20000000e+00  1.98303984e-03  0.00000000e+00  1.98303984e-03  1.20000000e+00  1.98303984e-03 -5.39235288e-05  1.98303984e-03 -4.17319325e-05 
 1.98403984e-03  1.20000000e+00  1.98403984e-03  0.00000000e+00  1.98403984e-03  1.20000000e+00  1.98403984e-03  5.40541132e-05  1.98403984e-03  4.18412733e-05 
 1.98503984e-03  1.20000000e+00  1.98503984e-03  0.00000000e+00  1.98503984e-03  1.20000000e+00  1.98503984e-03 -5.39233508e-05  1.98503984e-03 -4.17325453e-05 
 1.98603984e-03  1.20000000e+00  1.98603984e-03  0.00000000e+00  1.98603984e-03  1.20000000e+00  1.98603984e-03  5.40539365e-05  1.98603984e-03  4.18418889e-05 
 1.98703984e-03  1.20000000e+00  1.98703984e-03  0.00000000e+00  1.98703984e-03  1.20000000e+00  1.98703984e-03 -5.39231726e-05  1.98703984e-03 -4.17331579e-05 
 1.98803984e-03  1.20000000e+00  1.98803984e-03  0.00000000e+00  1.98803984e-03  1.20000000e+00  1.98803984e-03  5.40537596e-05  1.98803984e-03  4.18425043e-05 
 1.98903984e-03  1.20000000e+00  1.98903984e-03  0.00000000e+00  1.98903984e-03  1.20000000e+00  1.98903984e-03 -5.39229943e-05  1.98903984e-03 -4.17337703e-05 
 1.99003984e-03  1.20000000e+00  1.99003984e-03  0.00000000e+00  1.99003984e-03  1.20000000e+00  1.99003984e-03  5.40535826e-05  1.99003984e-03  4.18431194e-05 
 1.99103984e-03  1.20000000e+00  1.99103984e-03  0.00000000e+00  1.99103984e-03  1.20000000e+00  1.99103984e-03 -5.39228157e-05  1.99103984e-03 -4.17343824e-05 
 1.99203984e-03  1.20000000e+00  1.99203984e-03  0.00000000e+00  1.99203984e-03  1.20000000e+00  1.99203984e-03  5.40534053e-05  1.99203984e-03  4.18437344e-05 
 1.99303984e-03  1.20000000e+00  1.99303984e-03  0.00000000e+00  1.99303984e-03  1.20000000e+00  1.99303984e-03 -5.39226370e-05  1.99303984e-03 -4.17349943e-05 
 1.99403984e-03  1.20000000e+00  1.99403984e-03  0.00000000e+00  1.99403984e-03  1.20000000e+00  1.99403984e-03  5.40532279e-05  1.99403984e-03  4.18443490e-05 
 1.99503984e-03  1.20000000e+00  1.99503984e-03  0.00000000e+00  1.99503984e-03  1.20000000e+00  1.99503984e-03 -5.39224581e-05  1.99503984e-03 -4.17356060e-05 
 1.99603984e-03  1.20000000e+00  1.99603984e-03  0.00000000e+00  1.99603984e-03  1.20000000e+00  1.99603984e-03  5.40530503e-05  1.99603984e-03  4.18449635e-05 
 1.99703984e-03  1.20000000e+00  1.99703984e-03  0.00000000e+00  1.99703984e-03  1.20000000e+00  1.99703984e-03 -5.39222791e-05  1.99703984e-03 -4.17362175e-05 
 1.99803984e-03  1.20000000e+00  1.99803984e-03  0.00000000e+00  1.99803984e-03  1.20000000e+00  1.99803984e-03  5.40528725e-05  1.99803984e-03  4.18455777e-05 
 1.99903984e-03  1.20000000e+00  1.99903984e-03  0.00000000e+00  1.99903984e-03  1.20000000e+00  1.99903984e-03 -5.39220998e-05  1.99903984e-03 -4.17368287e-05 
 2.00000000e-03  1.20000000e+00  2.00000000e-03  0.00000000e+00  2.00000000e-03  1.20000000e+00  2.00000000e-03  5.40526908e-05  2.00000000e-03  4.18462044e-05 
